ISO-10303-21;
HEADER;
FILE_DESCRIPTION(('Open CASCADE Model'),'2;1');
FILE_NAME('Open CASCADE Shape Model','2026-08-21T09:33:26',('Author'),(
    'Open CASCADE'),'Open CASCADE STEP processor 7.9','Open CASCADE 7.9'
  ,'Unknown');
FILE_SCHEMA(('AUTOMOTIVE_DESIGN { 1 0 10303 214 1 1 1 1 }'));
ENDSEC;
DATA;
#1 = APPLICATION_PROTOCOL_DEFINITION('international standard',
  'automotive_design',2000,#2);
#2 = APPLICATION_CONTEXT(
  'core data for automotive mechanical design processes');
#3 = SHAPE_DEFINITION_REPRESENTATION(#4,#10);
#4 = PRODUCT_DEFINITION_SHAPE('','',#5);
#5 = PRODUCT_DEFINITION('design','',#6,#9);
#6 = PRODUCT_DEFINITION_FORMATION('','',#7);
#7 = PRODUCT('Open CASCADE STEP translator 7.9 1',
  'Open CASCADE STEP translator 7.9 1','',(#8));
#8 = PRODUCT_CONTEXT('',#2,'mechanical');
#9 = PRODUCT_DEFINITION_CONTEXT('part definition',#2,'design');
#10 = ADVANCED_BREP_SHAPE_REPRESENTATION('',(#11,#15),#8847);
#11 = AXIS2_PLACEMENT_3D('',#12,#13,#14);
#12 = CARTESIAN_POINT('',(0.,0.,0.));
#13 = DIRECTION('',(0.,0.,1.));
#14 = DIRECTION('',(1.,0.,-0.));
#15 = MANIFOLD_SOLID_BREP('',#16);
#16 = CLOSED_SHELL('',(#17,#6482,#6525,#8368,#8373,#8450,#8527,#8572,
    #8577,#8622,#8627,#8672,#8677,#8754,#8831,#8835,#8839,#8843));
#17 = ADVANCED_FACE('',(#18,#2728,#3687,#4559,#5612,#6251),#41,.F.);
#18 = FACE_BOUND('',#19,.F.);
#19 = EDGE_LOOP('',(#20,#1257,#2565,#2611));
#20 = ORIENTED_EDGE('',*,*,#21,.T.);
#21 = EDGE_CURVE('',#22,#24,#26,.T.);
#22 = VERTEX_POINT('',#23);
#23 = CARTESIAN_POINT('',(6.512013150939E-18,0.6721,0.49423));
#24 = VERTEX_POINT('',#25);
#25 = CARTESIAN_POINT('',(4.25E-02,0.6721,0.552885));
#26 = SURFACE_CURVE('',#27,(#40,#1236),.PCURVE_S1.);
#27 = B_SPLINE_CURVE_WITH_KNOTS('',11,(#28,#29,#30,#31,#32,#33,#34,#35,
    #36,#37,#38,#39),.UNSPECIFIED.,.F.,.F.,(12,12),(0.,1.),
  .PIECEWISE_BEZIER_KNOTS.);
#28 = CARTESIAN_POINT('',(-1.040834085586E-17,0.6721,0.49423));
#29 = CARTESIAN_POINT('',(-1.820695742422E-02,0.6721,0.49423));
#30 = CARTESIAN_POINT('',(-3.6414419615E-02,0.6721,0.506070249425));
#31 = CARTESIAN_POINT('',(-5.012605346856E-02,0.6721,0.529758363553));
#32 = CARTESIAN_POINT('',(-5.486364003218E-02,0.6721,0.561612273208));
#33 = CARTESIAN_POINT('',(-4.788653271776E-02,0.6721,0.594401738761));
#34 = CARTESIAN_POINT('',(-3.008202876693E-02,0.6721,0.61897404886));
#35 = CARTESIAN_POINT('',(-6.323571926111E-03,0.6721,0.62860327779));
#36 = CARTESIAN_POINT('',(1.675700364841E-02,0.6721,0.622064850969));
#37 = CARTESIAN_POINT('',(3.392084049853E-02,0.6721,0.603141183118));
#38 = CARTESIAN_POINT('',(4.25E-02,0.6721,0.57801274324));
#39 = CARTESIAN_POINT('',(4.25E-02,0.6721,0.552885));
#40 = PCURVE('',#41,#1230);
#41 = ( BOUNDED_SURFACE() B_SPLINE_SURFACE(11,3,(
    (#42,#43,#44,#45,#46,#47,#48,#49,#50,#51,#52,#53,#54,#55,#56,#57,#58
      ,#59,#60,#61,#62,#63,#64,#65,#66,#67,#68,#69,#70,#71,#72,#73,#74
      ,#75,#76,#77,#78,#79,#80,#81,#82,#83,#84,#85,#86,#87,#88,#89,#90
      ,#91,#92,#93,#94,#95,#96,#97,#98,#99,#100,#101,#102,#103,#104,#105
      ,#106,#107,#108,#109,#110,#111,#112,#113,#114,#115,#116,#117,#118
      ,#119,#120,#121,#122,#123,#124,#125,#126,#127,#128,#129,#130,#131
      ,#132,#133,#134,#135,#136,#137,#138,#139,#140)
    ,(#141,#142,#143,#144,#145,#146,#147,#148,#149,#150,#151,#152,#153
      ,#154,#155,#156,#157,#158,#159,#160,#161,#162,#163,#164,#165,#166
      ,#167,#168,#169,#170,#171,#172,#173,#174,#175,#176,#177,#178,#179
      ,#180,#181,#182,#183,#184,#185,#186,#187,#188,#189,#190,#191,#192
      ,#193,#194,#195,#196,#197,#198,#199,#200,#201,#202,#203,#204,#205
      ,#206,#207,#208,#209,#210,#211,#212,#213,#214,#215,#216,#217,#218
      ,#219,#220,#221,#222,#223,#224,#225,#226,#227,#228,#229,#230,#231
      ,#232,#233,#234,#235,#236,#237,#238,#239)
    ,(#240,#241,#242,#243,#244,#245,#246,#247,#248,#249,#250,#251,#252
      ,#253,#254,#255,#256,#257,#258,#259,#260,#261,#262,#263,#264,#265
      ,#266,#267,#268,#269,#270,#271,#272,#273,#274,#275,#276,#277,#278
      ,#279,#280,#281,#282,#283,#284,#285,#286,#287,#288,#289,#290,#291
      ,#292,#293,#294,#295,#296,#297,#298,#299,#300,#301,#302,#303,#304
      ,#305,#306,#307,#308,#309,#310,#311,#312,#313,#314,#315,#316,#317
      ,#318,#319,#320,#321,#322,#323,#324,#325,#326,#327,#328,#329,#330
      ,#331,#332,#333,#334,#335,#336,#337,#338)
    ,(#339,#340,#341,#342,#343,#344,#345,#346,#347,#348,#349,#350,#351
      ,#352,#353,#354,#355,#356,#357,#358,#359,#360,#361,#362,#363,#364
      ,#365,#366,#367,#368,#369,#370,#371,#372,#373,#374,#375,#376,#377
      ,#378,#379,#380,#381,#382,#383,#384,#385,#386,#387,#388,#389,#390
      ,#391,#392,#393,#394,#395,#396,#397,#398,#399,#400,#401,#402,#403
      ,#404,#405,#406,#407,#408,#409,#410,#411,#412,#413,#414,#415,#416
      ,#417,#418,#419,#420,#421,#422,#423,#424,#425,#426,#427,#428,#429
      ,#430,#431,#432,#433,#434,#435,#436,#437)
    ,(#438,#439,#440,#441,#442,#443,#444,#445,#446,#447,#448,#449,#450
      ,#451,#452,#453,#454,#455,#456,#457,#458,#459,#460,#461,#462,#463
      ,#464,#465,#466,#467,#468,#469,#470,#471,#472,#473,#474,#475,#476
      ,#477,#478,#479,#480,#481,#482,#483,#484,#485,#486,#487,#488,#489
      ,#490,#491,#492,#493,#494,#495,#496,#497,#498,#499,#500,#501,#502
      ,#503,#504,#505,#506,#507,#508,#509,#510,#511,#512,#513,#514,#515
      ,#516,#517,#518,#519,#520,#521,#522,#523,#524,#525,#526,#527,#528
      ,#529,#530,#531,#532,#533,#534,#535,#536)
    ,(#537,#538,#539,#540,#541,#542,#543,#544,#545,#546,#547,#548,#549
      ,#550,#551,#552,#553,#554,#555,#556,#557,#558,#559,#560,#561,#562
      ,#563,#564,#565,#566,#567,#568,#569,#570,#571,#572,#573,#574,#575
      ,#576,#577,#578,#579,#580,#581,#582,#583,#584,#585,#586,#587,#588
      ,#589,#590,#591,#592,#593,#594,#595,#596,#597,#598,#599,#600,#601
      ,#602,#603,#604,#605,#606,#607,#608,#609,#610,#611,#612,#613,#614
      ,#615,#616,#617,#618,#619,#620,#621,#622,#623,#624,#625,#626,#627
      ,#628,#629,#630,#631,#632,#633,#634,#635)
    ,(#636,#637,#638,#639,#640,#641,#642,#643,#644,#645,#646,#647,#648
      ,#649,#650,#651,#652,#653,#654,#655,#656,#657,#658,#659,#660,#661
      ,#662,#663,#664,#665,#666,#667,#668,#669,#670,#671,#672,#673,#674
      ,#675,#676,#677,#678,#679,#680,#681,#682,#683,#684,#685,#686,#687
      ,#688,#689,#690,#691,#692,#693,#694,#695,#696,#697,#698,#699,#700
      ,#701,#702,#703,#704,#705,#706,#707,#708,#709,#710,#711,#712,#713
      ,#714,#715,#716,#717,#718,#719,#720,#721,#722,#723,#724,#725,#726
      ,#727,#728,#729,#730,#731,#732,#733,#734)
    ,(#735,#736,#737,#738,#739,#740,#741,#742,#743,#744,#745,#746,#747
      ,#748,#749,#750,#751,#752,#753,#754,#755,#756,#757,#758,#759,#760
      ,#761,#762,#763,#764,#765,#766,#767,#768,#769,#770,#771,#772,#773
      ,#774,#775,#776,#777,#778,#779,#780,#781,#782,#783,#784,#785,#786
      ,#787,#788,#789,#790,#791,#792,#793,#794,#795,#796,#797,#798,#799
      ,#800,#801,#802,#803,#804,#805,#806,#807,#808,#809,#810,#811,#812
      ,#813,#814,#815,#816,#817,#818,#819,#820,#821,#822,#823,#824,#825
      ,#826,#827,#828,#829,#830,#831,#832,#833)
    ,(#834,#835,#836,#837,#838,#839,#840,#841,#842,#843,#844,#845,#846
      ,#847,#848,#849,#850,#851,#852,#853,#854,#855,#856,#857,#858,#859
      ,#860,#861,#862,#863,#864,#865,#866,#867,#868,#869,#870,#871,#872
      ,#873,#874,#875,#876,#877,#878,#879,#880,#881,#882,#883,#884,#885
      ,#886,#887,#888,#889,#890,#891,#892,#893,#894,#895,#896,#897,#898
      ,#899,#900,#901,#902,#903,#904,#905,#906,#907,#908,#909,#910,#911
      ,#912,#913,#914,#915,#916,#917,#918,#919,#920,#921,#922,#923,#924
      ,#925,#926,#927,#928,#929,#930,#931,#932)
    ,(#933,#934,#935,#936,#937,#938,#939,#940,#941,#942,#943,#944,#945
      ,#946,#947,#948,#949,#950,#951,#952,#953,#954,#955,#956,#957,#958
      ,#959,#960,#961,#962,#963,#964,#965,#966,#967,#968,#969,#970,#971
      ,#972,#973,#974,#975,#976,#977,#978,#979,#980,#981,#982,#983,#984
      ,#985,#986,#987,#988,#989,#990,#991,#992,#993,#994,#995,#996,#997
      ,#998,#999,#1000,#1001,#1002,#1003,#1004,#1005,#1006,#1007,#1008
      ,#1009,#1010,#1011,#1012,#1013,#1014,#1015,#1016,#1017,#1018,#1019
      ,#1020,#1021,#1022,#1023,#1024,#1025,#1026,#1027,#1028,#1029,#1030
      ,#1031)
    ,(#1032,#1033,#1034,#1035,#1036,#1037,#1038,#1039,#1040,#1041,#1042
      ,#1043,#1044,#1045,#1046,#1047,#1048,#1049,#1050,#1051,#1052,#1053
      ,#1054,#1055,#1056,#1057,#1058,#1059,#1060,#1061,#1062,#1063,#1064
      ,#1065,#1066,#1067,#1068,#1069,#1070,#1071,#1072,#1073,#1074,#1075
      ,#1076,#1077,#1078,#1079,#1080,#1081,#1082,#1083,#1084,#1085,#1086
      ,#1087,#1088,#1089,#1090,#1091,#1092,#1093,#1094,#1095,#1096,#1097
      ,#1098,#1099,#1100,#1101,#1102,#1103,#1104,#1105,#1106,#1107,#1108
      ,#1109,#1110,#1111,#1112,#1113,#1114,#1115,#1116,#1117,#1118,#1119
      ,#1120,#1121,#1122,#1123,#1124,#1125,#1126,#1127,#1128,#1129,#1130
      )
    ,(#1131,#1132,#1133,#1134,#1135,#1136,#1137,#1138,#1139,#1140,#1141
      ,#1142,#1143,#1144,#1145,#1146,#1147,#1148,#1149,#1150,#1151,#1152
      ,#1153,#1154,#1155,#1156,#1157,#1158,#1159,#1160,#1161,#1162,#1163
      ,#1164,#1165,#1166,#1167,#1168,#1169,#1170,#1171,#1172,#1173,#1174
      ,#1175,#1176,#1177,#1178,#1179,#1180,#1181,#1182,#1183,#1184,#1185
      ,#1186,#1187,#1188,#1189,#1190,#1191,#1192,#1193,#1194,#1195,#1196
      ,#1197,#1198,#1199,#1200,#1201,#1202,#1203,#1204,#1205,#1206,#1207
      ,#1208,#1209,#1210,#1211,#1212,#1213,#1214,#1215,#1216,#1217,#1218
      ,#1219,#1220,#1221,#1222,#1223,#1224,#1225,#1226,#1227,#1228,#1229
)),.UNSPECIFIED.,.F.,.F.,.F.) B_SPLINE_SURFACE_WITH_KNOTS((12,12),(4,1,1
    ,1,1,1,1,1,1,1,1,1,1,1,1,1,1,1,1,1,1,1,1,1,1,1,1,1,1,1,1,1,1,1,1,1,1
    ,1,1,1,1,1,1,1,1,1,1,1,1,1,1,1,1,1,1,1,1,1,1,1,1,1,1,1,1,1,1,1,1,1,1
    ,1,1,1,1,1,1,1,1,1,1,1,1,1,1,1,1,1,1,1,1,1,1,1,1,1,4),(0.,1.),(0.,
    3.964199383645E-03,1.480867662088E-02,1.994295990004E-02,
    2.487899201502E-02,3.256550029682E-02,4.122366157123E-02,
    4.626103475672E-02,0.122036701044,0.189509962234,0.194800344871,
    0.213392566997,0.220987053106,0.227915625281,0.235864763276,
    0.2443634092,0.252399910285,0.259330873465,0.263978011315,
    0.267629592178,0.272677156627,0.276542396701,0.281760056861,
    0.285676663628,0.290095749161,0.293625343957,0.297118727761,
    0.300551258603,0.303959343749,0.30752094778,0.311590039787,
    0.316310991941,0.321304650897,0.326736294803,0.331346381603,
    0.335536138265,0.339272638404,0.342760167618,0.346504704717,
    0.350193396821,0.354123766593,0.468480105573,0.473049667868,
    0.588231397832,0.59210994684,0.596364773948,0.600938190602,
    0.676662728976,0.765246802361,0.768692387546,0.772177858116,
    0.77572207327,0.779265446369,0.782731223381,0.786130046112,
    0.790911822435,0.794322817398,0.797720108192,0.801126402318,
    0.804543825253,0.807971319698,0.811415049574,0.814860970332,
    0.818304211287,0.821814966026,0.825240655447,0.828795505585,
    0.832342225679,0.835887134227,0.839614112058,0.84345625707,
    0.847188883285,0.865700809371,0.873438278384,0.880464724184,
    0.887922264576,0.894286011708,0.901304900218,0.908388787085,
    0.915063605666,0.921132609245,0.925767363775,0.929397796296,
    0.932991860735,0.936698352459,0.940477557659,0.944304604293,
    0.948078358785,0.956979737792,0.961128646619,0.964688256679,
    0.968555854553,0.97241233621,0.976040773342,0.97943716713,
0.98920757987,1.),.UNSPECIFIED.) GEOMETRIC_REPRESENTATION_ITEM() 
RATIONAL_B_SPLINE_SURFACE((
    (1.,0.992242318948,1.010353982689,0.998303700748,1.000291367976
      ,0.999874634805,1.000045677512,0.999993539763,1.000025289887
      ,0.999989410891,1.000000155182,0.999999969222,1.000000004562
      ,0.999999999321,1.000000000203,0.999999999938,1.000000000016
      ,0.999999999996,1.000000000001,1.,1.,1.,1.,1.,1.,1.,1.,1.,1.,1.,1.
      ,1.,1.,1.,1.,1.,1.,1.,1.,1.,1.,1.,1.,1.,1.,1.,1.,1.,1.,1.,1.,1.,1.
      ,1.,1.,1.,1.,1.,1.,1.,1.,1.,1.,1.,1.,1.,1.,1.,1.,1.,1.,1.,1.,1.,1.
      ,1.,1.,1.,1.,1.,1.,1.,1.,1.,1.,1.,1.,1.,1.,1.,0.999999999999
      ,1.000000000002,0.999999999991,1.000000000031,0.999999999895
      ,1.000000000652,0.999999991761,1.000000018944,1.)
    ,(1.,0.992242318948,1.010353982689,0.998303700748,1.000291367976
      ,0.999874634805,1.000045677512,0.999993539763,1.000025289887
      ,0.999989410891,1.000000155182,0.999999969222,1.000000004562
      ,0.999999999321,1.000000000203,0.999999999938,1.000000000016
      ,0.999999999996,1.000000000001,1.,1.,1.,1.,1.,1.,1.,1.,1.,1.,1.,1.
      ,1.,1.,1.,1.,1.,1.,1.,1.,1.,1.,1.,1.,1.,1.,1.,1.,1.,1.,1.,1.,1.,1.
      ,1.,1.,1.,1.,1.,1.,1.,1.,1.,1.,1.,1.,1.,1.,1.,1.,1.,1.,1.,1.,1.,1.
      ,1.,1.,1.,1.,1.,1.,1.,1.,1.,1.,1.,1.,1.,1.,1.,0.999999999999
      ,1.000000000002,0.999999999991,1.000000000031,0.999999999895
      ,1.000000000652,0.999999991761,1.000000018944,1.)
    ,(1.,0.992242318948,1.010353982689,0.998303700748,1.000291367976
      ,0.999874634805,1.000045677512,0.999993539763,1.000025289887
      ,0.999989410891,1.000000155182,0.999999969222,1.000000004562
      ,0.999999999321,1.000000000203,0.999999999938,1.000000000016
      ,0.999999999996,1.000000000001,1.,1.,1.,1.,1.,1.,1.,1.,1.,1.,1.,1.
      ,1.,1.,1.,1.,1.,1.,1.,1.,1.,1.,1.,1.,1.,1.,1.,1.,1.,1.,1.,1.,1.,1.
      ,1.,1.,1.,1.,1.,1.,1.,1.,1.,1.,1.,1.,1.,1.,1.,1.,1.,1.,1.,1.,1.,1.
      ,1.,1.,1.,1.,1.,1.,1.,1.,1.,1.,1.,1.,1.,1.,1.,0.999999999999
      ,1.000000000002,0.999999999991,1.000000000031,0.999999999895
      ,1.000000000652,0.999999991761,1.000000018944,1.)
    ,(1.,0.992242318948,1.010353982689,0.998303700748,1.000291367976
      ,0.999874634805,1.000045677512,0.999993539763,1.000025289887
      ,0.999989410891,1.000000155182,0.999999969222,1.000000004562
      ,0.999999999321,1.000000000203,0.999999999938,1.000000000016
      ,0.999999999996,1.000000000001,1.,1.,1.,1.,1.,1.,1.,1.,1.,1.,1.,1.
      ,1.,1.,1.,1.,1.,1.,1.,1.,1.,1.,1.,1.,1.,1.,1.,1.,1.,1.,1.,1.,1.,1.
      ,1.,1.,1.,1.,1.,1.,1.,1.,1.,1.,1.,1.,1.,1.,1.,1.,1.,1.,1.,1.,1.,1.
      ,1.,1.,1.,1.,1.,1.,1.,1.,1.,1.,1.,1.,1.,1.,1.,0.999999999999
      ,1.000000000002,0.999999999991,1.000000000031,0.999999999895
      ,1.000000000652,0.999999991761,1.000000018944,1.)
    ,(1.,0.992242318948,1.010353982689,0.998303700748,1.000291367976
      ,0.999874634805,1.000045677512,0.999993539763,1.000025289887
      ,0.999989410891,1.000000155182,0.999999969222,1.000000004562
      ,0.999999999321,1.000000000203,0.999999999938,1.000000000016
      ,0.999999999996,1.000000000001,1.,1.,1.,1.,1.,1.,1.,1.,1.,1.,1.,1.
      ,1.,1.,1.,1.,1.,1.,1.,1.,1.,1.,1.,1.,1.,1.,1.,1.,1.,1.,1.,1.,1.,1.
      ,1.,1.,1.,1.,1.,1.,1.,1.,1.,1.,1.,1.,1.,1.,1.,1.,1.,1.,1.,1.,1.,1.
      ,1.,1.,1.,1.,1.,1.,1.,1.,1.,1.,1.,1.,1.,1.,1.,0.999999999999
      ,1.000000000002,0.999999999991,1.000000000031,0.999999999895
      ,1.000000000652,0.999999991761,1.000000018944,1.)
    ,(1.,0.992242318948,1.010353982689,0.998303700748,1.000291367976
      ,0.999874634805,1.000045677512,0.999993539763,1.000025289887
      ,0.999989410891,1.000000155182,0.999999969222,1.000000004562
      ,0.999999999321,1.000000000203,0.999999999938,1.000000000016
      ,0.999999999996,1.000000000001,1.,1.,1.,1.,1.,1.,1.,1.,1.,1.,1.,1.
      ,1.,1.,1.,1.,1.,1.,1.,1.,1.,1.,1.,1.,1.,1.,1.,1.,1.,1.,1.,1.,1.,1.
      ,1.,1.,1.,1.,1.,1.,1.,1.,1.,1.,1.,1.,1.,1.,1.,1.,1.,1.,1.,1.,1.,1.
      ,1.,1.,1.,1.,1.,1.,1.,1.,1.,1.,1.,1.,1.,1.,1.,0.999999999999
      ,1.000000000002,0.999999999991,1.000000000031,0.999999999895
      ,1.000000000652,0.999999991761,1.000000018944,1.)
    ,(1.,0.992242318948,1.010353982689,0.998303700748,1.000291367976
      ,0.999874634805,1.000045677512,0.999993539763,1.000025289887
      ,0.999989410891,1.000000155182,0.999999969222,1.000000004562
      ,0.999999999321,1.000000000203,0.999999999938,1.000000000016
      ,0.999999999996,1.000000000001,1.,1.,1.,1.,1.,1.,1.,1.,1.,1.,1.,1.
      ,1.,1.,1.,1.,1.,1.,1.,1.,1.,1.,1.,1.,1.,1.,1.,1.,1.,1.,1.,1.,1.,1.
      ,1.,1.,1.,1.,1.,1.,1.,1.,1.,1.,1.,1.,1.,1.,1.,1.,1.,1.,1.,1.,1.,1.
      ,1.,1.,1.,1.,1.,1.,1.,1.,1.,1.,1.,1.,1.,1.,1.,0.999999999999
      ,1.000000000002,0.999999999991,1.000000000031,0.999999999895
      ,1.000000000652,0.999999991761,1.000000018944,1.)
    ,(1.,0.992242318948,1.010353982689,0.998303700748,1.000291367976
      ,0.999874634805,1.000045677512,0.999993539763,1.000025289887
      ,0.999989410891,1.000000155182,0.999999969222,1.000000004562
      ,0.999999999321,1.000000000203,0.999999999938,1.000000000016
      ,0.999999999996,1.000000000001,1.,1.,1.,1.,1.,1.,1.,1.,1.,1.,1.,1.
      ,1.,1.,1.,1.,1.,1.,1.,1.,1.,1.,1.,1.,1.,1.,1.,1.,1.,1.,1.,1.,1.,1.
      ,1.,1.,1.,1.,1.,1.,1.,1.,1.,1.,1.,1.,1.,1.,1.,1.,1.,1.,1.,1.,1.,1.
      ,1.,1.,1.,1.,1.,1.,1.,1.,1.,1.,1.,1.,1.,1.,1.,0.999999999999
      ,1.000000000002,0.999999999991,1.000000000031,0.999999999895
      ,1.000000000652,0.999999991761,1.000000018944,1.)
    ,(1.,0.992242318948,1.010353982689,0.998303700748,1.000291367976
      ,0.999874634805,1.000045677512,0.999993539763,1.000025289887
      ,0.999989410891,1.000000155182,0.999999969222,1.000000004562
      ,0.999999999321,1.000000000203,0.999999999938,1.000000000016
      ,0.999999999996,1.000000000001,1.,1.,1.,1.,1.,1.,1.,1.,1.,1.,1.,1.
      ,1.,1.,1.,1.,1.,1.,1.,1.,1.,1.,1.,1.,1.,1.,1.,1.,1.,1.,1.,1.,1.,1.
      ,1.,1.,1.,1.,1.,1.,1.,1.,1.,1.,1.,1.,1.,1.,1.,1.,1.,1.,1.,1.,1.,1.
      ,1.,1.,1.,1.,1.,1.,1.,1.,1.,1.,1.,1.,1.,1.,1.,0.999999999999
      ,1.000000000002,0.999999999991,1.000000000031,0.999999999895
      ,1.000000000652,0.999999991761,1.000000018944,1.)
    ,(1.,0.992242318948,1.010353982689,0.998303700748,1.000291367976
      ,0.999874634805,1.000045677512,0.999993539763,1.000025289887
      ,0.999989410891,1.000000155182,0.999999969222,1.000000004562
      ,0.999999999321,1.000000000203,0.999999999938,1.000000000016
      ,0.999999999996,1.000000000001,1.,1.,1.,1.,1.,1.,1.,1.,1.,1.,1.,1.
      ,1.,1.,1.,1.,1.,1.,1.,1.,1.,1.,1.,1.,1.,1.,1.,1.,1.,1.,1.,1.,1.,1.
      ,1.,1.,1.,1.,1.,1.,1.,1.,1.,1.,1.,1.,1.,1.,1.,1.,1.,1.,1.,1.,1.,1.
      ,1.,1.,1.,1.,1.,1.,1.,1.,1.,1.,1.,1.,1.,1.,1.,0.999999999999
      ,1.000000000002,0.999999999991,1.000000000031,0.999999999895
      ,1.000000000652,0.999999991761,1.000000018944,1.)
    ,(1.,0.992242318948,1.010353982689,0.998303700748,1.000291367976
      ,0.999874634805,1.000045677512,0.999993539763,1.000025289887
      ,0.999989410891,1.000000155182,0.999999969222,1.000000004562
      ,0.999999999321,1.000000000203,0.999999999938,1.000000000016
      ,0.999999999996,1.000000000001,1.,1.,1.,1.,1.,1.,1.,1.,1.,1.,1.,1.
      ,1.,1.,1.,1.,1.,1.,1.,1.,1.,1.,1.,1.,1.,1.,1.,1.,1.,1.,1.,1.,1.,1.
      ,1.,1.,1.,1.,1.,1.,1.,1.,1.,1.,1.,1.,1.,1.,1.,1.,1.,1.,1.,1.,1.,1.
      ,1.,1.,1.,1.,1.,1.,1.,1.,1.,1.,1.,1.,1.,1.,1.,0.999999999999
      ,1.000000000002,0.999999999991,1.000000000031,0.999999999895
      ,1.000000000652,0.999999991761,1.000000018944,1.)
    ,(1.,0.992242318948,1.010353982689,0.998303700748,1.000291367976
      ,0.999874634805,1.000045677512,0.999993539763,1.000025289887
      ,0.999989410891,1.000000155182,0.999999969222,1.000000004562
      ,0.999999999321,1.000000000203,0.999999999938,1.000000000016
      ,0.999999999996,1.000000000001,1.,1.,1.,1.,1.,1.,1.,1.,1.,1.,1.,1.
      ,1.,1.,1.,1.,1.,1.,1.,1.,1.,1.,1.,1.,1.,1.,1.,1.,1.,1.,1.,1.,1.,1.
      ,1.,1.,1.,1.,1.,1.,1.,1.,1.,1.,1.,1.,1.,1.,1.,1.,1.,1.,1.,1.,1.,1.
      ,1.,1.,1.,1.,1.,1.,1.,1.,1.,1.,1.,1.,1.,1.,1.,0.999999999999
      ,1.000000000002,0.999999999991,1.000000000031,0.999999999895
      ,1.000000000652,0.999999991761,1.000000018944,1.
))) REPRESENTATION_ITEM('') SURFACE() );
#42 = CARTESIAN_POINT('',(-1.040834085586E-17,0.6721,0.49423));
#43 = CARTESIAN_POINT('',(-9.290292569494E-18,0.671250621577,
    0.493122695285));
#44 = CARTESIAN_POINT('',(3.003648339616E-17,0.641846875143,
    0.476414115265));
#45 = CARTESIAN_POINT('',(-7.615116381631E-17,0.653235465992,
    0.427188191187));
#46 = CARTESIAN_POINT('',(9.525942177207E-17,0.629974970489,
    0.40382912284));
#47 = CARTESIAN_POINT('',(6.967648969304E-18,0.612556785852,
    0.398695312011));
#48 = CARTESIAN_POINT('',(-9.700944371425E-17,0.600894039266,
    0.398155321705));
#49 = CARTESIAN_POINT('',(1.592293265241E-17,0.593099537558,
    0.397021457715));
#50 = CARTESIAN_POINT('',(1.424564298001E-16,0.500134468,0.412717872551)
  );
#51 = CARTESIAN_POINT('',(-1.760342053916E-17,0.558943725446,
    1.200033941204));
#52 = CARTESIAN_POINT('',(7.47848774124E-17,0.609875829967,0.35005597939
    ));
#53 = CARTESIAN_POINT('',(2.672912286247E-17,0.516920887367,
    0.439419505458));
#54 = CARTESIAN_POINT('',(-1.50200007211E-16,0.528502453087,
    0.328988021452));
#55 = CARTESIAN_POINT('',(1.607324217134E-16,0.504381437599,
    0.275464951453));
#56 = CARTESIAN_POINT('',(-1.019928247995E-16,0.489023477918,
    0.253467705829));
#57 = CARTESIAN_POINT('',(7.610250333436E-17,0.475597493701,
    0.240027522161));
#58 = CARTESIAN_POINT('',(-1.880280007585E-17,0.462540451838,
    0.226183209175));
#59 = CARTESIAN_POINT('',(1.499814475499E-16,0.448816314108,
    0.218276595835));
#60 = CARTESIAN_POINT('',(3.301564315861E-16,0.436876190467,
    0.200194091381));
#61 = CARTESIAN_POINT('',(-3.094328521383E-16,0.422388038865,
    0.193169844285));
#62 = CARTESIAN_POINT('',(6.46766324806E-16,0.402622014075,
    0.175061132698));
#63 = CARTESIAN_POINT('',(-2.046232166331E-16,0.395251548383,
    0.205021164198));
#64 = CARTESIAN_POINT('',(6.569927874595E-16,0.374606182137,
    0.218990047484));
#65 = CARTESIAN_POINT('',(-1.993602654245E-17,0.367263268385,
    0.198702401532));
#66 = CARTESIAN_POINT('',(3.041313723509E-16,0.348356241279,
    0.192684725706));
#67 = CARTESIAN_POINT('',(-4.292115961039E-17,0.338218697134,
    0.171118068365));
#68 = CARTESIAN_POINT('',(7.273778226584E-17,0.321881874282,
    0.175929759139));
#69 = CARTESIAN_POINT('',(2.383255599887E-16,0.308237043389,
    0.17475673917));
#70 = CARTESIAN_POINT('',(3.008522457824E-16,0.294095134136,
    0.175064067005));
#71 = CARTESIAN_POINT('',(5.457559766845E-17,0.2797515769,0.174982108049
    ));
#72 = CARTESIAN_POINT('',(-4.080011499853E-17,0.265049606334,
    0.175005636009));
#73 = CARTESIAN_POINT('',(1.230528654148E-16,0.250932764021,
    0.174998122653));
#74 = CARTESIAN_POINT('',(-1.250555877436E-16,0.237811437094,
    0.175000574137));
#75 = CARTESIAN_POINT('',(2.12271242294E-16,0.223157859515,
    0.174999797746));
#76 = CARTESIAN_POINT('',(-2.799351280297E-17,0.211451094,0.175000157257
    ));
#77 = CARTESIAN_POINT('',(2.126703435009E-16,0.196591192153,
    0.174999640653));
#78 = CARTESIAN_POINT('',(-1.398543062721E-16,0.182862126627,
    0.175001130053));
#79 = CARTESIAN_POINT('',(-1.034887010163E-16,0.168617045813,
    0.17499638459));
#80 = CARTESIAN_POINT('',(1.992499462261E-16,0.153331037571,
    0.175012930753));
#81 = CARTESIAN_POINT('',(-2.617587141211E-17,0.140278590956,
    0.174947956349));
#82 = CARTESIAN_POINT('',(2.382980066832E-16,0.125546175067,
    0.17519586853));
#83 = CARTESIAN_POINT('',(-1.440307691514E-15,-2.171267141497E-02,
    0.16483897159));
#84 = CARTESIAN_POINT('',(5.473500857669E-16,0.219358797566,
    0.892685693407));
#85 = CARTESIAN_POINT('',(-5.289327092901E-16,-3.82470925513E-02,
    0.763082991626));
#86 = CARTESIAN_POINT('',(2.411381223816E-15,0.21203229865,
    0.167683754382));
#87 = CARTESIAN_POINT('',(-1.003027349927E-16,5.514478939352E-02,
    0.17510698452));
#88 = CARTESIAN_POINT('',(8.664396256704E-17,4.162240073244E-02,
    0.175292511219));
#89 = CARTESIAN_POINT('',(2.401980254708E-16,-4.650981546442E-02,
    0.164657895082));
#90 = CARTESIAN_POINT('',(5.727952393825E-16,4.877888007682E-03,
    1.046614350675));
#91 = CARTESIAN_POINT('',(-1.861849081616E-15,0.118589856777,
    0.154156150152));
#92 = CARTESIAN_POINT('',(2.039768972399E-17,-1.41544417493E-02,
    0.176736281953));
#93 = CARTESIAN_POINT('',(2.820750340161E-17,-2.811992002208E-02,
    0.180393884281));
#94 = CARTESIAN_POINT('',(-4.325213644711E-17,-4.198673242768E-02,
    0.18651222028));
#95 = CARTESIAN_POINT('',(-9.518955975748E-17,-5.593735866524E-02,
    0.192781674525));
#96 = CARTESIAN_POINT('',(-1.443231301492E-16,-6.951218035804E-02,
    0.195956349348));
#97 = CARTESIAN_POINT('',(-5.329859945627E-17,-8.74371776811E-02,
    0.200661749251));
#98 = CARTESIAN_POINT('',(-1.002510239909E-16,-9.463809312577E-02,
    0.172896221459));
#99 = CARTESIAN_POINT('',(1.87412166062E-16,-0.112323536623,
    0.175479633993));
#100 = CARTESIAN_POINT('',(-8.544618619151E-17,-0.125950904737,
    0.174871337503));
#101 = CARTESIAN_POINT('',(8.559776638962E-17,-0.140067995073,
    0.175034635431));
#102 = CARTESIAN_POINT('',(5.509136679196E-18,-0.154035141309,
    0.17499067726));
#103 = CARTESIAN_POINT('',(-1.5413628146E-17,-0.16806232443,
    0.175002515771));
#104 = CARTESIAN_POINT('',(-2.124357440382E-17,-0.182036699034,
    0.174999318422));
#105 = CARTESIAN_POINT('',(-1.471444495768E-16,-0.195992493559,
    0.175000203558));
#106 = CARTESIAN_POINT('',(-1.409211257682E-16,-0.210238250205,
    0.174999864836));
#107 = CARTESIAN_POINT('',(-4.214322790179E-17,-0.223759080805,
    0.17500033628));
#108 = CARTESIAN_POINT('',(4.760201882078E-17,-0.238390313219,
    0.174998804498));
#109 = CARTESIAN_POINT('',(-7.828404766874E-17,-0.25197731712,
    0.175004635528));
#110 = CARTESIAN_POINT('',(1.672636758312E-16,-0.26601548463,
    0.174982771364));
#111 = CARTESIAN_POINT('',(-2.53282064095E-17,-0.280413026253,
    0.175065655023));
#112 = CARTESIAN_POINT('',(-7.170984389722E-18,-0.294373684448,
    0.174737516299));
#113 = CARTESIAN_POINT('',(-2.154756263794E-16,-0.307429150466,
    0.175999410245));
#114 = CARTESIAN_POINT('',(1.341363364802E-16,-0.344125043613,
    0.165370622997));
#115 = CARTESIAN_POINT('',(1.26639114858E-16,-0.324681606886,
    0.325851520987));
#116 = CARTESIAN_POINT('',(-1.708775935879E-16,-0.349888040359,
    0.242061430362));
#117 = CARTESIAN_POINT('',(4.931986959702E-17,-0.364668231585,
    0.218323157558));
#118 = CARTESIAN_POINT('',(2.116001257492E-16,-0.376532727738,
    0.187039191809));
#119 = CARTESIAN_POINT('',(-1.393100196334E-16,-0.393059555634,
    0.171625890482));
#120 = CARTESIAN_POINT('',(8.831505607308E-17,-0.40603232863,
    0.176032024952));
#121 = CARTESIAN_POINT('',(-3.650176910257E-17,-0.419614389694,
    0.174449984188));
#122 = CARTESIAN_POINT('',(-1.926143618626E-17,-0.433557909603,
    0.176099670609));
#123 = CARTESIAN_POINT('',(-4.899262680686E-17,-0.446179989493,
    0.159973084113));
#124 = CARTESIAN_POINT('',(-9.044778709126E-17,-0.460110755566,
    0.152806774916));
#125 = CARTESIAN_POINT('',(1.112516292819E-16,-0.47611688422,
    0.147426877567));
#126 = CARTESIAN_POINT('',(-4.052316392026E-17,-0.490300133826,
    0.143694108865));
#127 = CARTESIAN_POINT('',(-8.07364213793E-17,-0.504167068569,
    0.140145355503));
#128 = CARTESIAN_POINT('',(3.207062767157E-17,-0.518319037048,
    0.140937708827));
#129 = CARTESIAN_POINT('',(-8.797963133791E-17,-0.531451491165,
    0.141435636658));
#130 = CARTESIAN_POINT('',(8.023175545651E-17,-0.555343599488,
    0.137422099453));
#131 = CARTESIAN_POINT('',(4.079168256475E-17,-0.552172199913,
    0.180884436649));
#132 = CARTESIAN_POINT('',(-2.231359555811E-17,-0.573134680298,
    0.174108101764));
#133 = CARTESIAN_POINT('',(4.300053668318E-17,-0.588817449397,
    0.175255328568));
#134 = CARTESIAN_POINT('',(-2.856842617132E-17,-0.602035802988,
    0.174886681308));
#135 = CARTESIAN_POINT('',(6.731152450015E-17,-0.615573714694,
    0.175182204549));
#136 = CARTESIAN_POINT('',(4.604301088861E-17,-0.629896924232,
    0.174435148956));
#137 = CARTESIAN_POINT('',(-3.953369089613E-16,-0.651031350339,
    0.17848677766));
#138 = CARTESIAN_POINT('',(6.344082286172E-15,-0.710860282253,
    0.130962830157));
#139 = CARTESIAN_POINT('',(-1.479089122221E-14,-0.539809021441,
    0.499934900653));
#140 = CARTESIAN_POINT('',(6.938893903907E-18,-0.6721,0.175));
#141 = CARTESIAN_POINT('',(-1.820695742422E-02,0.6721,0.49423));
#142 = CARTESIAN_POINT('',(-1.842375408274E-02,0.671250621577,
    0.493122695285));
#143 = CARTESIAN_POINT('',(-1.817529418766E-02,0.641846875143,
    0.476414115265));
#144 = CARTESIAN_POINT('',(-1.628254510328E-02,0.653235465992,
    0.427188191187));
#145 = CARTESIAN_POINT('',(-2.424279583244E-02,0.629974970489,
    0.40382912284));
#146 = CARTESIAN_POINT('',(-3.485215998198E-02,0.612556785852,
    0.398695312011));
#147 = CARTESIAN_POINT('',(-4.020732808314E-02,0.600894039266,
    0.398155321705));
#148 = CARTESIAN_POINT('',(-3.903152814325E-02,0.593099537558,
    0.397021457715));
#149 = CARTESIAN_POINT('',(-6.755011314134E-02,0.500134468,
    0.412717872551));
#150 = CARTESIAN_POINT('',(-5.823165049053E-02,0.558943725446,
    1.200033941204));
#151 = CARTESIAN_POINT('',(-2.888733068935E-02,0.609875829967,
    0.35005597939));
#152 = CARTESIAN_POINT('',(-7.524912579582E-02,0.516920887367,
    0.439419505458));
#153 = CARTESIAN_POINT('',(-6.853214458924E-02,0.528502453087,
    0.328988021452));
#154 = CARTESIAN_POINT('',(-7.274311789376E-02,0.504381437599,
    0.275464951453));
#155 = CARTESIAN_POINT('',(-8.603792652052E-02,0.489023477918,
    0.253467705829));
#156 = CARTESIAN_POINT('',(-0.10117255303,0.475597493701,0.240027522161)
  );
#157 = CARTESIAN_POINT('',(-0.117438982712,0.462540451838,0.226183209175
    ));
#158 = CARTESIAN_POINT('',(-0.133519968283,0.448816314108,0.218276595835
    ));
#159 = CARTESIAN_POINT('',(-0.144988327618,0.436876190467,0.200194091381
    ));
#160 = CARTESIAN_POINT('',(-0.153668375823,0.422388038865,0.193169844285
    ));
#161 = CARTESIAN_POINT('',(-0.1521515541,0.402622014075,0.175061132698)
  );
#162 = CARTESIAN_POINT('',(-0.151834703599,0.395251548383,0.205021164198
    ));
#163 = CARTESIAN_POINT('',(-0.149181629264,0.374606182137,0.218990047484
    ));
#164 = CARTESIAN_POINT('',(-0.147961727636,0.367263268385,0.198702401532
    ));
#165 = CARTESIAN_POINT('',(-0.144723110596,0.348356241279,0.192684725706
    ));
#166 = CARTESIAN_POINT('',(-0.142922757435,0.338218697134,0.171118068365
    ));
#167 = CARTESIAN_POINT('',(-0.140273590321,0.321881874282,0.175929759139
    ));
#168 = CARTESIAN_POINT('',(-0.138549560438,0.308237043389,0.17475673917)
  );
#169 = CARTESIAN_POINT('',(-0.13714605477,0.294095134136,0.175064067005)
  );
#170 = CARTESIAN_POINT('',(-0.137443313106,0.279751576899,0.17498210805)
  );
#171 = CARTESIAN_POINT('',(-0.135129385783,0.265049606334,0.175005636009
    ));
#172 = CARTESIAN_POINT('',(-0.129844346258,0.250932764021,0.174998122653
    ));
#173 = CARTESIAN_POINT('',(-0.123478189199,0.237811437094,0.175000574137
    ));
#174 = CARTESIAN_POINT('',(-0.115384971001,0.223157859515,0.174999797746
    ));
#175 = CARTESIAN_POINT('',(-0.108775715737,0.211451094,0.175000157257));
#176 = CARTESIAN_POINT('',(-0.101090739106,0.196591192153,0.174999640653
    ));
#177 = CARTESIAN_POINT('',(-9.552888461946E-02,0.182862126627,
    0.175001130053));
#178 = CARTESIAN_POINT('',(-9.193615807279E-02,0.168617045813,
    0.17499638459));
#179 = CARTESIAN_POINT('',(-9.216732128908E-02,0.153331037571,
    0.175012930753));
#180 = CARTESIAN_POINT('',(-9.119158371415E-02,0.140278590956,
    0.174947956349));
#181 = CARTESIAN_POINT('',(-8.957961322527E-02,0.125546175067,
    0.17519586853));
#182 = CARTESIAN_POINT('',(-6.802824660565E-02,-2.171267141499E-02,
    0.16483897159));
#183 = CARTESIAN_POINT('',(-0.103501152023,0.219358797566,0.892685693407
    ));
#184 = CARTESIAN_POINT('',(-6.520607969553E-02,-3.824709255127E-02,
    0.763082991626));
#185 = CARTESIAN_POINT('',(-9.633466958857E-02,0.21203229865,
    0.167683754382));
#186 = CARTESIAN_POINT('',(-8.00182692988E-02,5.514478939352E-02,
    0.17510698452));
#187 = CARTESIAN_POINT('',(-7.961705680619E-02,4.162240073244E-02,
    0.175292511219));
#188 = CARTESIAN_POINT('',(-7.951283201809E-02,-4.650981546442E-02,
    0.164657895083));
#189 = CARTESIAN_POINT('',(-7.760928441647E-02,4.877888007683E-03,
    1.046614350675));
#190 = CARTESIAN_POINT('',(-8.326034168157E-02,0.118589856777,
    0.154156150152));
#191 = CARTESIAN_POINT('',(-7.838093058902E-02,-1.41544417493E-02,
    0.176736281953));
#192 = CARTESIAN_POINT('',(-7.777984420635E-02,-2.811992002207E-02,
    0.180393884281));
#193 = CARTESIAN_POINT('',(-7.717281920104E-02,-4.198673242768E-02,
    0.18651222028));
#194 = CARTESIAN_POINT('',(-7.659018710696E-02,-5.593735866524E-02,
    0.192781674525));
#195 = CARTESIAN_POINT('',(-7.607649406633E-02,-6.951218035804E-02,
    0.195956349348));
#196 = CARTESIAN_POINT('',(-7.558657438699E-02,-8.74371776811E-02,
    0.200661749251));
#197 = CARTESIAN_POINT('',(-7.546224283669E-02,-9.463809312577E-02,
    0.172896221459));
#198 = CARTESIAN_POINT('',(-7.534493677589E-02,-0.112323536623,
    0.175479633993));
#199 = CARTESIAN_POINT('',(-7.568887361915E-02,-0.125950904737,
    0.174871337503));
#200 = CARTESIAN_POINT('',(-7.634946185137E-02,-0.140067995073,
    0.175034635431));
#201 = CARTESIAN_POINT('',(-7.726676205525E-02,-0.154035141309,
    0.17499067726));
#202 = CARTESIAN_POINT('',(-7.836547424918E-02,-0.16806232443,
    0.175002515771));
#203 = CARTESIAN_POINT('',(-7.956705122541E-02,-0.182036699034,
    0.174999318422));
#204 = CARTESIAN_POINT('',(-8.0799910126E-02,-0.195992493559,
    0.175000203558));
#205 = CARTESIAN_POINT('',(-8.201325795073E-02,-0.210238250205,
    0.174999864836));
#206 = CARTESIAN_POINT('',(-8.30588418409E-02,-0.223759080805,
    0.17500033628));
#207 = CARTESIAN_POINT('',(-8.39854248347E-02,-0.238390313219,
    0.174998804498));
#208 = CARTESIAN_POINT('',(-8.459640301712E-02,-0.25197731712,
    0.175004635528));
#209 = CARTESIAN_POINT('',(-8.48591260614E-02,-0.26601548463,
    0.174982771364));
#210 = CARTESIAN_POINT('',(-8.485412341054E-02,-0.280413026253,
    0.175065655023));
#211 = CARTESIAN_POINT('',(-8.523250445973E-02,-0.294373684448,
    0.174737516299));
#212 = CARTESIAN_POINT('',(-8.568740621311E-02,-0.307429150466,
    0.175999410245));
#213 = CARTESIAN_POINT('',(-8.722394418385E-02,-0.344125043613,
    0.165370622997));
#214 = CARTESIAN_POINT('',(-8.63832240981E-02,-0.324681606887,
    0.325851520987));
#215 = CARTESIAN_POINT('',(-8.746847427548E-02,-0.349888040359,
    0.242061430362));
#216 = CARTESIAN_POINT('',(-8.753022473407E-02,-0.364668231585,
    0.218323157558));
#217 = CARTESIAN_POINT('',(-8.871152961141E-02,-0.376532727738,
    0.187039191809));
#218 = CARTESIAN_POINT('',(-8.472739837075E-02,-0.393059555634,
    0.171625890482));
#219 = CARTESIAN_POINT('',(-7.675101178671E-02,-0.40603232863,
    0.176032024952));
#220 = CARTESIAN_POINT('',(-6.676232186962E-02,-0.419614389694,
    0.174449984188));
#221 = CARTESIAN_POINT('',(-5.579597971232E-02,-0.433557909603,
    0.176099670609));
#222 = CARTESIAN_POINT('',(-4.731235596615E-02,-0.446179989493,
    0.159973084113));
#223 = CARTESIAN_POINT('',(-3.994038894523E-02,-0.460110755566,
    0.152806774916));
#224 = CARTESIAN_POINT('',(-3.971413429759E-02,-0.47611688422,
    0.147426877567));
#225 = CARTESIAN_POINT('',(-3.800916989302E-02,-0.490300133826,
    0.143694108865));
#226 = CARTESIAN_POINT('',(-3.490719670577E-02,-0.504167068569,
    0.140145355503));
#227 = CARTESIAN_POINT('',(-3.100268473921E-02,-0.518319037048,
    0.140937708826));
#228 = CARTESIAN_POINT('',(-2.705540628561E-02,-0.531451491166,
    0.141435636659));
#229 = CARTESIAN_POINT('',(-2.085955384231E-02,-0.555343599485,
    0.137422099446));
#230 = CARTESIAN_POINT('',(-2.159772207315E-02,-0.552172199938,
    0.180884436701));
#231 = CARTESIAN_POINT('',(-1.844827174332E-02,-0.573134680261,
    0.174108101686));
#232 = CARTESIAN_POINT('',(-1.933187625505E-02,-0.588817449521,
    0.175255328826));
#233 = CARTESIAN_POINT('',(-2.261560061312E-02,-0.602035802481,
    0.174886680243));
#234 = CARTESIAN_POINT('',(-2.66330626286E-02,-0.615573716531,
    0.175182208403));
#235 = CARTESIAN_POINT('',(-2.951036018795E-02,-0.629896917999,
    0.174435135881));
#236 = CARTESIAN_POINT('',(-3.243975751468E-02,-0.651031389054,
    0.178486858867));
#237 = CARTESIAN_POINT('',(8.707421719257E-03,-0.710859792846,
    0.130961803596));
#238 = CARTESIAN_POINT('',(-0.107761692964,-0.539810146749,
    0.499937261056));
#239 = CARTESIAN_POINT('',(-2.570393989301E-02,-0.6721,0.175));
#240 = CARTESIAN_POINT('',(-3.6414419615E-02,0.6721,0.506070249425));
#241 = CARTESIAN_POINT('',(-3.684801128237E-02,0.671250621577,
    0.505181476822));
#242 = CARTESIAN_POINT('',(-3.635110354019E-02,0.641846875143,
    0.491672146953));
#243 = CARTESIAN_POINT('',(-3.256553030832E-02,0.653235465992,
    0.446690924436));
#244 = CARTESIAN_POINT('',(-4.848627922987E-02,0.629974970489,
    0.42683205634));
#245 = CARTESIAN_POINT('',(-6.970521774085E-02,0.612556785852,
    0.422450103127));
#246 = CARTESIAN_POINT('',(-8.041621317776E-02,0.600894039266,
    0.427549467609));
#247 = CARTESIAN_POINT('',(-7.806261541492E-02,0.593099537558,
    0.431950696844));
#248 = CARTESIAN_POINT('',(-0.135100812795,0.500134468001,0.458827567688
    ));
#249 = CARTESIAN_POINT('',(-0.116465967238,0.558943725446,1.172800114276
    ));
#250 = CARTESIAN_POINT('',(-5.777447323962E-02,0.609875829968,
    0.400734653181));
#251 = CARTESIAN_POINT('',(-0.150497883028,0.516920887367,0.491504645464
    ));
#252 = CARTESIAN_POINT('',(-0.137063944409,0.528502453087,0.39058372418)
  );
#253 = CARTESIAN_POINT('',(-0.145485871376,0.504381437599,0.344905899972
    ));
#254 = CARTESIAN_POINT('',(-0.172075421747,0.489023477918,0.326531920821
    ));
#255 = CARTESIAN_POINT('',(-0.202344598982,0.475597493701,0.314674221127
    ));
#256 = CARTESIAN_POINT('',(-0.234877376795,0.462540451838,0.30327899572)
  );
#257 = CARTESIAN_POINT('',(-0.267039267341,0.448816314108,0.296250550203
    ));
#258 = CARTESIAN_POINT('',(-0.289975928529,0.436876190467,0.280750635192
    ));
#259 = CARTESIAN_POINT('',(-0.307335981432,0.422388038865,0.274628939156
    ));
#260 = CARTESIAN_POINT('',(-0.30430234559,0.402622014075,0.258355208744)
  );
#261 = CARTESIAN_POINT('',(-0.303668646176,0.395251548383,0.285089587171
    ));
#262 = CARTESIAN_POINT('',(-0.298362510803,0.374606182137,0.29838254679)
  );
#263 = CARTESIAN_POINT('',(-0.295922713661,0.367263268385,0.276957943358
    ));
#264 = CARTESIAN_POINT('',(-0.289445495814,0.348356241279,0.2727918775)
  );
#265 = CARTESIAN_POINT('',(-0.285844798516,0.338218697134,0.253689115423
    ));
#266 = CARTESIAN_POINT('',(-0.280546477565,0.321881874282,0.257865938694
    ));
#267 = CARTESIAN_POINT('',(-0.27709842644,0.308237043389,0.257144842296)
  );
#268 = CARTESIAN_POINT('',(-0.274291422139,0.294095134136,0.257384721136
    ));
#269 = CARTESIAN_POINT('',(-0.274885937321,0.2797515769,0.257129642069)
  );
#270 = CARTESIAN_POINT('',(-0.270258094274,0.265049606334,0.256699073501
    ));
#271 = CARTESIAN_POINT('',(-0.259688041712,0.250932764021,0.256238090247
    ));
#272 = CARTESIAN_POINT('',(-0.246955759503,0.237811437094,0.254822394673
    ));
#273 = CARTESIAN_POINT('',(-0.230769363672,0.223157859515,0.254085532455
    ));
#274 = CARTESIAN_POINT('',(-0.217550886271,0.211451094,0.25148562815));
#275 = CARTESIAN_POINT('',(-0.202180971527,0.196591192153,0.251567729085
    ));
#276 = CARTESIAN_POINT('',(-0.191057290431,0.182862126627,0.251171779266
    ));
#277 = CARTESIAN_POINT('',(-0.183871855345,0.168617045813,0.250475644418
    ));
#278 = CARTESIAN_POINT('',(-0.184334180619,0.153331037571,0.25008739467)
  );
#279 = CARTESIAN_POINT('',(-0.18238271036,0.140278590957,0.248603549726)
  );
#280 = CARTESIAN_POINT('',(-0.179158777462,0.125546175067,0.248063882896
    ));
#281 = CARTESIAN_POINT('',(-0.13605615224,-2.17126714149E-02,
    0.222893741843));
#282 = CARTESIAN_POINT('',(-0.207001785331,0.219358797566,0.905365471504
    ));
#283 = CARTESIAN_POINT('',(-0.13041183251,-3.824709255144E-02,
    0.756067256711));
#284 = CARTESIAN_POINT('',(-0.192668860551,0.21203229865,0.244164831081)
  );
#285 = CARTESIAN_POINT('',(-0.160036137086,5.514478939352E-02,
    0.23685912487));
#286 = CARTESIAN_POINT('',(-0.159233716593,4.162240073245E-02,
    0.235050999108));
#287 = CARTESIAN_POINT('',(-0.15902520267,-4.650981546442E-02,
    0.210255231892));
#288 = CARTESIAN_POINT('',(-0.155223333621,4.877888007679E-03,
    1.027081796424));
#289 = CARTESIAN_POINT('',(-0.166520219604,0.118589856777,0.19035914892)
  );
#290 = CARTESIAN_POINT('',(-0.156761469421,-1.41544417493E-02,
    0.207441849977));
#291 = CARTESIAN_POINT('',(-0.155559298264,-2.811992002208E-02,
    0.210265610159));
#292 = CARTESIAN_POINT('',(-0.15434525168,-4.198673242767E-02,
    0.215643118853));
#293 = CARTESIAN_POINT('',(-0.153179990309,-5.593735866524E-02,
    0.221088705147));
#294 = CARTESIAN_POINT('',(-0.152152606829,-6.951218035807E-02,
    0.223680215564));
#295 = CARTESIAN_POINT('',(-0.151172769918,-8.743717768109E-02,
    0.227985438903));
#296 = CARTESIAN_POINT('',(-0.150924107444,-9.463809312578E-02,
    0.202996914451));
#297 = CARTESIAN_POINT('',(-0.150689495909,-0.112323536623,
    0.205325375042));
#298 = CARTESIAN_POINT('',(-0.151377367872,-0.125950904737,
    0.204775929284));
#299 = CARTESIAN_POINT('',(-0.152698541026,-0.140067995073,0.20492784829
    ));
#300 = CARTESIAN_POINT('',(-0.154533136836,-0.154035141309,0.20487038185
    ));
#301 = CARTESIAN_POINT('',(-0.156730555717,-0.16806232443,0.204948018314
    ));
#302 = CARTESIAN_POINT('',(-0.159133703647,-0.182036699034,
    0.204693863529));
#303 = CARTESIAN_POINT('',(-0.161599415268,-0.195992493559,
    0.204470287355));
#304 = CARTESIAN_POINT('',(-0.164026104836,-0.210238250205,
    0.204456714029));
#305 = CARTESIAN_POINT('',(-0.166117267376,-0.223759080805,
    0.203552239571));
#306 = CARTESIAN_POINT('',(-0.16797042872,-0.238390313219,0.203725791754
    ));
#307 = CARTESIAN_POINT('',(-0.169192382022,-0.25197731712,0.20271388509)
  );
#308 = CARTESIAN_POINT('',(-0.169717826795,-0.26601548463,0.201959328055
    ));
#309 = CARTESIAN_POINT('',(-0.169707821511,-0.280413026253,
    0.201330516646));
#310 = CARTESIAN_POINT('',(-0.170464581744,-0.294373684448,
    0.199813088939));
#311 = CARTESIAN_POINT('',(-0.171374382849,-0.307429150466,
    0.199575398481));
#312 = CARTESIAN_POINT('',(-0.174447452114,-0.344125043613,
    0.187100755854));
#313 = CARTESIAN_POINT('',(-0.172766000693,-0.324681606886,
    0.333082275339));
#314 = CARTESIAN_POINT('',(-0.174936529658,-0.349888040359,
    0.254768934075));
#315 = CARTESIAN_POINT('',(-0.175059942077,-0.364668231585,
    0.231428297491));
#316 = CARTESIAN_POINT('',(-0.177422872728,-0.376532727738,
    0.201142916102));
#317 = CARTESIAN_POINT('',(-0.169453531146,-0.393059555634,
    0.183787105082));
#318 = CARTESIAN_POINT('',(-0.153505172368,-0.40603232863,0.183707325167
    ));
#319 = CARTESIAN_POINT('',(-0.133526236576,-0.419614389694,
    0.179170489624));
#320 = CARTESIAN_POINT('',(-0.111593567529,-0.433557909602,
    0.177976802646));
#321 = CARTESIAN_POINT('',(-9.462601185203E-02,-0.446179989493,
    0.162500139825));
#322 = CARTESIAN_POINT('',(-7.988188730902E-02,-0.460110755566,
    0.155210311983));
#323 = CARTESIAN_POINT('',(-7.942936912116E-02,-0.47611688422,
    0.149853561645));
#324 = CARTESIAN_POINT('',(-7.601939368423E-02,-0.490300133826,
    0.14611573984));
#325 = CARTESIAN_POINT('',(-6.981536113431E-02,-0.504167068569,
    0.14256604745));
#326 = CARTESIAN_POINT('',(-6.200622900194E-02,-0.518319037048,
    0.143367630178));
#327 = CARTESIAN_POINT('',(-5.411156264834E-02,-0.531451491166,
    0.143829197826));
#328 = CARTESIAN_POINT('',(-4.171968599096E-02,-0.555343599483,
    0.14001094627));
#329 = CARTESIAN_POINT('',(-4.319604293398E-02,-0.552172199952,
    0.182087898108));
#330 = CARTESIAN_POINT('',(-3.689705491891E-02,-0.573134680239,
    0.178625090561));
#331 = CARTESIAN_POINT('',(-3.866428854524E-02,-0.588817449593,
    0.180193913191));
#332 = CARTESIAN_POINT('',(-4.523182788159E-02,-0.602035802184,
    0.181024591538));
#333 = CARTESIAN_POINT('',(-5.326686484247E-02,-0.615573717606,
    0.1818141051));
#334 = CARTESIAN_POINT('',(-5.902153439379E-02,-0.62989691435,
    0.181305406363));
#335 = CARTESIAN_POINT('',(-6.48804399856E-02,-0.651031411716,
    0.184993179357));
#336 = CARTESIAN_POINT('',(1.741540848552E-02,-0.710859506364,
    0.141030286158));
#337 = CARTESIAN_POINT('',(-0.21552711766,-0.539810805466,0.47986857609)
  );
#338 = CARTESIAN_POINT('',(-5.140859239764E-02,-0.6721,0.179852776339));
#339 = CARTESIAN_POINT('',(-5.012605346856E-02,0.6721,0.529758363553));
#340 = CARTESIAN_POINT('',(-5.072296137444E-02,0.671250621577,
    0.529306684488));
#341 = CARTESIAN_POINT('',(-5.003882269484E-02,0.641846875143,
    0.522198188304));
#342 = CARTESIAN_POINT('',(-4.482796135282E-02,0.653235465993,
    0.485708764471));
#343 = CARTESIAN_POINT('',(-6.674339960856E-02,0.629974970489,
    0.472852951656));
#344 = CARTESIAN_POINT('',(-9.595274994796E-02,0.612556785852,
    0.469973928972));
#345 = CARTESIAN_POINT('',(-0.110693582183,0.600894039266,0.486363350624
    ));
#346 = CARTESIAN_POINT('',(-0.107466544901,0.593099537558,0.501808619645
    ));
#347 = CARTESIAN_POINT('',(-0.185980596258,0.500134468,0.551063305206));
#348 = CARTESIAN_POINT('',(-0.160313689397,0.558943725447,1.118335495365
    ));
#349 = CARTESIAN_POINT('',(-7.953554698109E-02,0.609875829967,
    0.502095883788));
#350 = CARTESIAN_POINT('',(-0.207182948954,0.516920887367,0.595679009021
    ));
#351 = CARTESIAN_POINT('',(-0.18868917321,0.528502453087,0.513779938854)
  );
#352 = CARTESIAN_POINT('',(-0.200283214712,0.504381437599,0.483793221602
    ));
#353 = CARTESIAN_POINT('',(-0.236887737488,0.489023477918,0.472666057989
    ));
#354 = CARTESIAN_POINT('',(-0.278557818804,0.475597493701,0.463973449988
    ));
#355 = CARTESIAN_POINT('',(-0.323344087897,0.462540451838,0.457476591006
    ));
#356 = CARTESIAN_POINT('',(-0.367619774625,0.448816314108,0.452204549741
    ));
#357 = CARTESIAN_POINT('',(-0.399195543623,0.436876190467,0.441870015347
    ));
#358 = CARTESIAN_POINT('',(-0.423094271323,0.422388038865,0.437553491933
    ));
#359 = CARTESIAN_POINT('',(-0.418918014641,0.402622014075,0.424949867207
    ));
#360 = CARTESIAN_POINT('',(-0.418045631946,0.395251548383,0.445232687521
    ));
#361 = CARTESIAN_POINT('',(-0.410740937362,0.374606182137,0.45717374701)
  );
#362 = CARTESIAN_POINT('',(-0.407382189098,0.367263268385,0.433475139807
    ));
#363 = CARTESIAN_POINT('',(-0.398465323092,0.348356241279,0.433012438519
    ));
#364 = CARTESIAN_POINT('',(-0.393508420901,0.338218697135,0.418837659431
    ));
#365 = CARTESIAN_POINT('',(-0.386214484046,0.321881874281,0.421744698105
    ));
#366 = CARTESIAN_POINT('',(-0.381467722306,0.308237043389,0.421927484152
    ));
#367 = CARTESIAN_POINT('',(-0.377603458076,0.294095134136,0.422032459734
    ));
#368 = CARTESIAN_POINT('',(-0.378421897774,0.279751576899,0.421431126919
    ));
#369 = CARTESIAN_POINT('',(-0.372050974745,0.265049606334,0.420092329824
    ));
#370 = CARTESIAN_POINT('',(-0.357499705265,0.250932764021,0.418724371352
    ));
#371 = CARTESIAN_POINT('',(-0.339971800988,0.237811437093,0.414472270888
    ));
#372 = CARTESIAN_POINT('',(-0.317688789029,0.223157859515,0.412263179518
    ));
#373 = CARTESIAN_POINT('',(-0.299491563837,0.211451094,0.404462544466));
#374 = CARTESIAN_POINT('',(-0.278332561078,0.196591192153,0.404709886931
    ));
#375 = CARTESIAN_POINT('',(-0.263019138531,0.182862126627,0.403519027629
    ));
#376 = CARTESIAN_POINT('',(-0.25312730482,0.168617045813,0.401440060004)
  );
#377 = CARTESIAN_POINT('',(-0.253763765198,0.153331037571,0.400242186815
    ));
#378 = CARTESIAN_POINT('',(-0.251077272443,0.140278590956,0.395920489957
    ));
#379 = CARTESIAN_POINT('',(-0.246639043199,0.125546175067,0.393805603588
    ));
#380 = CARTESIAN_POINT('',(-0.187301787199,-2.171267141512E-02,
    0.339007817195));
#381 = CARTESIAN_POINT('',(-0.284969137093,0.219358797566,0.930726018272
    ));
#382 = CARTESIAN_POINT('',(-0.179531531271,-3.824709255097E-02,
    0.742035238727));
#383 = CARTESIAN_POINT('',(-0.265237680068,0.212032298649,0.397132968295
    ));
#384 = CARTESIAN_POINT('',(-0.22031385125,5.514478939353E-02,
    0.360368228215));
#385 = CARTESIAN_POINT('',(-0.219209182423,4.162240073244E-02,
    0.354572647459));
#386 = CARTESIAN_POINT('',(-0.218922553897,-4.650981546442E-02,
    0.301453323975));
#387 = CARTESIAN_POINT('',(-0.213654748424,4.877888007684E-03,
    0.988026916052));
#388 = CARTESIAN_POINT('',(-0.229240466957,0.118589856777,0.26276786847)
  );
#389 = CARTESIAN_POINT('',(-0.215805767883,-1.41544417493E-02,
    0.268855387052));
#390 = CARTESIAN_POINT('',(-0.21415080735,-2.811992002207E-02,
    0.270011394602));
#391 = CARTESIAN_POINT('',(-0.21247948686,-4.198673242768E-02,
    0.273907191693));
#392 = CARTESIAN_POINT('',(-0.210875329734,-5.593735866524E-02,
    0.277704977496));
#393 = CARTESIAN_POINT('',(-0.209460981449,-6.951218035798E-02,
    0.279130113609));
#394 = CARTESIAN_POINT('',(-0.208112088402,-8.743717768114E-02,
    0.282634952545));
#395 = CARTESIAN_POINT('',(-0.207769767033,-9.463809312574E-02,
    0.2632006517));
#396 = CARTESIAN_POINT('',(-0.207446788921,-0.112323536623,
    0.265019188489));
#397 = CARTESIAN_POINT('',(-0.208393748289,-0.125950904737,
    0.264587448791));
#398 = CARTESIAN_POINT('',(-0.210212542138,-0.140067995073,
    0.264716609063));
#399 = CARTESIAN_POINT('',(-0.212738139609,-0.154035141309,0.26463212503
    ));
#400 = CARTESIAN_POINT('',(-0.215763217688,-0.16806232443,0.264841362539
    ));
#401 = CARTESIAN_POINT('',(-0.21907151279,-0.182036699034,0.264085273279
    ));
#402 = CARTESIAN_POINT('',(-0.222465936239,-0.195992493559,
    0.263412756953));
#403 = CARTESIAN_POINT('',(-0.225806639952,-0.210238250205,
    0.263372713385));
#404 = CARTESIAN_POINT('',(-0.228685440172,-0.223759080805,
    0.260658276433));
#405 = CARTESIAN_POINT('',(-0.231236595896,-0.238390313219,
    0.261182010224));
#406 = CARTESIAN_POINT('',(-0.232918798678,-0.25197731712,0.258134548674
    ));
#407 = CARTESIAN_POINT('',(-0.233642152541,-0.26601548463,0.255914548666
    ));
#408 = CARTESIAN_POINT('',(-0.233628378812,-0.280413026253,
    0.253862291514));
#409 = CARTESIAN_POINT('',(-0.234670173055,-0.294373684448,0.249966193)
  );
#410 = CARTESIAN_POINT('',(-0.235922652108,-0.307429150466,
    0.246729216366));
#411 = CARTESIAN_POINT('',(-0.240153188168,-0.344125043613,
    0.230562720745));
#412 = CARTESIAN_POINT('',(-0.237838517681,-0.324681606887,
    0.347544321175));
#413 = CARTESIAN_POINT('',(-0.240826356075,-0.349888040359,
    0.280184971297));
#414 = CARTESIAN_POINT('',(-0.240996825967,-0.364668231585,
    0.257639470234));
#415 = CARTESIAN_POINT('',(-0.244247628353,-0.376532727738,
    0.229351958072));
#416 = CARTESIAN_POINT('',(-0.233283784198,-0.393059555634,
    0.208108882485));
#417 = CARTESIAN_POINT('',(-0.211299988753,-0.40603232863,0.199065255522
    ));
#418 = CARTESIAN_POINT('',(-0.183806429469,-0.419614389694,0.18861393159
    ));
#419 = CARTESIAN_POINT('',(-0.153613065319,-0.433557909603,
    0.181732417564));
#420 = CARTESIAN_POINT('',(-0.130256952259,-0.446179989493,
    0.167555849003));
#421 = CARTESIAN_POINT('',(-0.109960924674,-0.460110755566,
    0.160018936962));
#422 = CARTESIAN_POINT('',(-0.1093380305,-0.47611688422,0.154708489391)
  );
#423 = CARTESIAN_POINT('',(-0.104644044857,-0.490300133826,
    0.150960559632));
#424 = CARTESIAN_POINT('',(-9.610392177744E-02,-0.504167068569,
    0.147408988169));
#425 = CARTESIAN_POINT('',(-8.535430691157E-02,-0.518319037048,
    0.148229035756));
#426 = CARTESIAN_POINT('',(-7.448695082807E-02,-0.531451491166,
    0.148617859614));
#427 = CARTESIAN_POINT('',(-5.742898642647E-02,-0.555343599489,
    0.145190305008));
#428 = CARTESIAN_POINT('',(-5.946125693727E-02,-0.55217219991,
    0.184495594793));
#429 = CARTESIAN_POINT('',(-5.07904221063E-02,-0.573134680302,
    0.187661973732));
#430 = CARTESIAN_POINT('',(-5.322309763616E-02,-0.588817449383,
    0.190074257483));
#431 = CARTESIAN_POINT('',(-6.226360278868E-02,-0.60203580305,
    0.193304365061));
#432 = CARTESIAN_POINT('',(-7.332419342937E-02,-0.61557371447,
    0.195082152273));
#433 = CARTESIAN_POINT('',(-8.124572166528E-02,-0.629896924992,
    0.1950504056));
#434 = CARTESIAN_POINT('',(-8.931091949897E-02,-0.651031345618,
    0.198009759489));
#435 = CARTESIAN_POINT('',(2.397477665028E-02,-0.710860341937,
    0.161176830604));
#436 = CARTESIAN_POINT('',(-0.29668648357,-0.539808884208,0.439711162432
    ));
#437 = CARTESIAN_POINT('',(-7.076619313208E-02,-0.6721,0.189561450172));
#438 = CARTESIAN_POINT('',(-5.486364003218E-02,0.6721,0.561612273208));
#439 = CARTESIAN_POINT('',(-5.551682242432E-02,0.671250621577,
    0.561748721605));
#440 = CARTESIAN_POINT('',(-5.476837284194E-02,0.641846875143,
    0.563246673663));
#441 = CARTESIAN_POINT('',(-4.906459817832E-02,0.653235465992,
    0.538177429716));
#442 = CARTESIAN_POINT('',(-7.305183429024E-02,0.629974970489,
    0.534737473323));
#443 = CARTESIAN_POINT('',(-0.105020312803,0.612556785852,0.533883560616
    ));
#444 = CARTESIAN_POINT('',(-0.121163776663,0.600894039266,0.565430079834
    ));
#445 = CARTESIAN_POINT('',(-0.117595477811,0.593099537558,0.595822242512
    ));
#446 = CARTESIAN_POINT('',(-0.203534531801,0.500134468002,0.675137551058
    ));
#447 = CARTESIAN_POINT('',(-0.17548489889,0.558943725445,1.045029535053)
  );
#448 = CARTESIAN_POINT('',(-8.703447743978E-02,0.609875829969,
    0.638491014291));
#449 = CARTESIAN_POINT('',(-0.226719230753,0.516920887367,0.735859288198
    ));
#450 = CARTESIAN_POINT('',(-0.206481419502,0.528502453087,0.679556679719
    ));
#451 = CARTESIAN_POINT('',(-0.219168737361,0.504381437599,0.670684405399
    ));
#452 = CARTESIAN_POINT('',(-0.259224844963,0.489023477918,0.669308787999
    ));
#453 = CARTESIAN_POINT('',(-0.304824169146,0.475597493701,0.664875227346
    ));
#454 = CARTESIAN_POINT('',(-0.353833517357,0.462540451838,0.664969765702
    ));
#455 = CARTESIAN_POINT('',(-0.40228413882,0.448816314108,0.662061197675)
  );
#456 = CARTESIAN_POINT('',(-0.436837315518,0.436876190467,0.658677363266
    ));
#457 = CARTESIAN_POINT('',(-0.462989551485,0.422388038865,0.656789937385
    ));
#458 = CARTESIAN_POINT('',(-0.45841949857,0.402622014075,0.649124923269)
  );
#459 = CARTESIAN_POINT('',(-0.457464855362,0.395251548383,0.660726322373
    ));
#460 = CARTESIAN_POINT('',(-0.449471371407,0.374606182137,0.670848222167
    ));
#461 = CARTESIAN_POINT('',(-0.445795913104,0.367263268385,0.644089643369
    ));
#462 = CARTESIAN_POINT('',(-0.436038239525,0.348356241279,0.648610306902
    ));
#463 = CARTESIAN_POINT('',(-0.43061393086,0.338218697134,0.641066778018)
  );
#464 = CARTESIAN_POINT('',(-0.422632219024,0.321881874282,0.642265154267
    ));
#465 = CARTESIAN_POINT('',(-0.417437865808,0.308237043389,0.643664233198
    ));
#466 = CARTESIAN_POINT('',(-0.413209224382,0.294095134137,0.643587678677
    ));
#467 = CARTESIAN_POINT('',(-0.414104838089,0.2797515769,0.642520415837)
  );
#468 = CARTESIAN_POINT('',(-0.407133174808,0.265049606334,0.639959477632
    ));
#469 = CARTESIAN_POINT('',(-0.391209806929,0.250932764021,0.637371064543
    ));
#470 = CARTESIAN_POINT('',(-0.372029125247,0.237811437094,0.629302207699
    ));
#471 = CARTESIAN_POINT('',(-0.347644957434,0.223157859515,0.625112038089
    ));
#472 = CARTESIAN_POINT('',(-0.327731841845,0.211451094,0.610313134801));
#473 = CARTESIAN_POINT('',(-0.304577670632,0.196591192153,0.610782831509
    ));
#474 = CARTESIAN_POINT('',(-0.287820283172,0.182862126627,0.608522316796
    ));
#475 = CARTESIAN_POINT('',(-0.276995708216,0.168617045813,0.604582565528
    ));
#476 = CARTESIAN_POINT('',(-0.277692183032,0.153331037571,0.602295237361
    ));
#477 = CARTESIAN_POINT('',(-0.274752369946,0.140278590957,0.594154836963
    ));
#478 = CARTESIAN_POINT('',(-0.269895642011,0.125546175067,0.589920285223
    ));
#479 = CARTESIAN_POINT('',(-0.204963234719,-2.171267141472E-02,
    0.495254599609));
#480 = CARTESIAN_POINT('',(-0.311840037329,0.219358797567,0.964851973958
    ));
#481 = CARTESIAN_POINT('',(-0.196460288715,-3.824709255189E-02,
    0.723153310713));
#482 = CARTESIAN_POINT('',(-0.290248097895,0.21203229865,0.602971714153)
  );
#483 = CARTESIAN_POINT('',(-0.241088132393,5.51447893935E-02,
    0.526565998104));
#484 = CARTESIAN_POINT('',(-0.239879345629,4.162240073245E-02,
    0.515404753202));
#485 = CARTESIAN_POINT('',(-0.239564492852,-4.650981546444E-02,
    0.424172831021));
#486 = CARTESIAN_POINT('',(-0.233896214775,4.877888007689E-03,
    0.935435539107));
#487 = CARTESIAN_POINT('',(-0.250855626309,0.118589856777,0.360203679435
    ));
#488 = CARTESIAN_POINT('',(-0.236154992058,-1.41544417493E-02,
    0.351495382197));
#489 = CARTESIAN_POINT('',(-0.234343952649,-2.811992002208E-02,
    0.35040721924));
#490 = CARTESIAN_POINT('',(-0.232515043635,-4.198673242766E-02,
    0.352309175381));
#491 = CARTESIAN_POINT('',(-0.230759622108,-5.593735866524E-02,
    0.35388962934));
#492 = CARTESIAN_POINT('',(-0.229211909663,-6.951218035816E-02,
    0.353745255));
#493 = CARTESIAN_POINT('',(-0.227735823862,-8.743717768102E-02,
    0.356173071354));
#494 = CARTESIAN_POINT('',(-0.227361223667,-9.46380931258E-02,
    0.344212709931));
#495 = CARTESIAN_POINT('',(-0.227007790625,-0.112323536623,
    0.345345077083));
#496 = CARTESIAN_POINT('',(-0.228044042646,-0.125950904737,
    0.345071726393));
#497 = CARTESIAN_POINT('',(-0.230034337966,-0.140067995074,0.34517026179
    ));
#498 = CARTESIAN_POINT('',(-0.232798084298,-0.154035141309,
    0.345049422027));
#499 = CARTESIAN_POINT('',(-0.236108409296,-0.16806232443,0.345435746076
    ));
#500 = CARTESIAN_POINT('',(-0.239728657003,-0.182036699034,
    0.344004237868));
#501 = CARTESIAN_POINT('',(-0.243443154449,-0.195992493559,
    0.342727613435));
#502 = CARTESIAN_POINT('',(-0.247098866707,-0.210238250205,0.34265195067
    ));
#503 = CARTESIAN_POINT('',(-0.250249120711,-0.223759080805,
    0.337501970783));
#504 = CARTESIAN_POINT('',(-0.253040835289,-0.238390313219,0.33849692005
    ));
#505 = CARTESIAN_POINT('',(-0.254881659805,-0.25197731712,0.33271035129)
  );
#506 = CARTESIAN_POINT('',(-0.255673221686,-0.26601548463,0.328518404728
    ));
#507 = CARTESIAN_POINT('',(-0.255658149029,-0.280413026253,
    0.324550713887));
#508 = CARTESIAN_POINT('',(-0.256798178873,-0.294373684448,
    0.317453800302));
#509 = CARTESIAN_POINT('',(-0.258168757028,-0.307429150466,
    0.310180889811));
#510 = CARTESIAN_POINT('',(-0.262798226441,-0.344125043614,
    0.289046513424));
#511 = CARTESIAN_POINT('',(-0.260265010951,-0.324681606886,
    0.367004997975));
#512 = CARTESIAN_POINT('',(-0.263535213032,-0.349888040359,
    0.314385477236));
#513 = CARTESIAN_POINT('',(-0.263720130076,-0.364668231585,
    0.292910477262));
#514 = CARTESIAN_POINT('',(-0.267283493854,-0.376532727738,
    0.267309354517));
#515 = CARTESIAN_POINT('',(-0.255265545616,-0.393059555634,
    0.240842201133));
#516 = CARTESIAN_POINT('',(-0.231289519644,-0.40603232863,0.219709676795
    ));
#517 = CARTESIAN_POINT('',(-0.201173848527,-0.419614389694,
    0.201314678124));
#518 = CARTESIAN_POINT('',(-0.168132696785,-0.433557909602,
    0.186782210055));
#519 = CARTESIAN_POINT('',(-0.142567770031,-0.446179989493,0.17435445725
    ));
#520 = CARTESIAN_POINT('',(-0.120353750804,-0.460110755566,
    0.166485180993));
#521 = CARTESIAN_POINT('',(-0.119671936407,-0.47611688422,0.161237017529
    ));
#522 = CARTESIAN_POINT('',(-0.114534317772,-0.490300133826,
    0.157475490553));
#523 = CARTESIAN_POINT('',(-0.105187034879,-0.504167068569,
    0.153921393594));
#524 = CARTESIAN_POINT('',(-9.342143766324E-02,-0.518319037049,
    0.154766270902));
#525 = CARTESIAN_POINT('',(-8.152696994124E-02,-0.531451491164,
    0.155057274737));
#526 = CARTESIAN_POINT('',(-6.285679850748E-02,-0.555343599494,
    0.152155098598));
#527 = CARTESIAN_POINT('',(-6.50811454921E-02,-0.552172199868,
    0.187733275472));
#528 = CARTESIAN_POINT('',(-5.559080096671E-02,-0.573134680364,
    0.199814062475));
#529 = CARTESIAN_POINT('',(-5.825339481886E-02,-0.588817449178,
    0.203360565385));
#530 = CARTESIAN_POINT('',(-6.81483582099E-02,-0.602035803892,
    0.209817239918));
#531 = CARTESIAN_POINT('',(-8.025429061259E-02,-0.615573711423,
    0.212923966448));
#532 = CARTESIAN_POINT('',(-8.892462306709E-02,-0.629896935331,
    0.21353363287));
#533 = CARTESIAN_POINT('',(-9.775146014057E-02,-0.651031281408,
    0.215513212531));
#534 = CARTESIAN_POINT('',(2.623385082377E-02,-0.710861153636,
    0.188271077641));
#535 = CARTESIAN_POINT('',(-0.324711564045,-0.539807017843,
    0.385704287185));
#536 = CARTESIAN_POINT('',(-7.745455063367E-02,-0.6721,0.202616909861));
#537 = CARTESIAN_POINT('',(-4.788653271776E-02,0.6721,0.594401738761));
#538 = CARTESIAN_POINT('',(-4.845688500531E-02,0.671250621577,
    0.595142890966));
#539 = CARTESIAN_POINT('',(-4.780303302381E-02,0.641846875143,
    0.605501792245));
#540 = CARTESIAN_POINT('',(-4.282531432868E-02,0.653235465992,
    0.592186045128));
#541 = CARTESIAN_POINT('',(-6.376122484494E-02,0.629974970489,
    0.598441019657));
#542 = CARTESIAN_POINT('',(-9.166680316858E-02,0.612556785852,
    0.599663747352));
#543 = CARTESIAN_POINT('',(-0.1057415196,0.600894039266,0.646860910989)
  );
#544 = CARTESIAN_POINT('',(-0.102687625263,0.593099537558,0.692452807605
    ));
#545 = CARTESIAN_POINT('',(-0.177690353898,0.500134467998,0.802772483468
    ));
#546 = CARTESIAN_POINT('',(-0.153135726652,0.558943725448,0.969699343151
    ));
#547 = CARTESIAN_POINT('',(-7.599665220898E-02,0.609875829965,
    0.778712178323));
#548 = CARTESIAN_POINT('',(-0.197962655259,0.516920887368,0.879972359491
    ));
#549 = CARTESIAN_POINT('',(-0.180292044962,0.528502453087,0.849984202636
    ));
#550 = CARTESIAN_POINT('',(-0.191370100619,0.504381437599,0.862818743974
    ));
#551 = CARTESIAN_POINT('',(-0.226345632877,0.489023477918,0.871468245574
    ));
#552 = CARTESIAN_POINT('',(-0.266161288737,0.475597493701,0.871413218842
    ));
#553 = CARTESIAN_POINT('',(-0.308954455528,0.462540451838,0.878284073148
    ));
#554 = CARTESIAN_POINT('',(-0.35125976176,0.448816314109,0.877805284653)
  );
#555 = CARTESIAN_POINT('',(-0.381430328927,0.436876190467,0.881567149153
    ));
#556 = CARTESIAN_POINT('',(-0.404265502596,0.422388038864,0.882176968103
    ));
#557 = CARTESIAN_POINT('',(-0.400275099934,0.402622014075,0.879589115218
    ));
#558 = CARTESIAN_POINT('',(-0.399441540483,0.395251548383,0.88226553953)
  );
#559 = CARTESIAN_POINT('',(-0.392461923344,0.374606182138,0.890517243881
    ));
#560 = CARTESIAN_POINT('',(-0.389252647902,0.367263268386,0.860612847284
    ));
#561 = CARTESIAN_POINT('',(-0.380732605061,0.348356241278,0.870256681819
    ));
#562 = CARTESIAN_POINT('',(-0.375996297596,0.338218697135,0.869530440044
    ));
#563 = CARTESIAN_POINT('',(-0.36902695944,0.321881874281,0.868972218069)
  );
#564 = CARTESIAN_POINT('',(-0.364491440643,0.308237043389,0.871621712465
    ));
#565 = CARTESIAN_POINT('',(-0.360799145977,0.294095134136,0.87135853509)
  );
#566 = CARTESIAN_POINT('',(-0.361581163032,0.279751576899,0.869812270759
    ));
#567 = CARTESIAN_POINT('',(-0.355493762244,0.265049606334,0.865994904793
    ));
#568 = CARTESIAN_POINT('',(-0.341590061182,0.250932764021,0.86215179775)
  );
#569 = CARTESIAN_POINT('',(-0.324842193125,0.237811437093,0.850159107051
    ));
#570 = CARTESIAN_POINT('',(-0.303550831744,0.223157859515,0.843932280892
    ));
#571 = CARTESIAN_POINT('',(-0.286163429251,0.211451094,0.821938775927));
#572 = CARTESIAN_POINT('',(-0.265946055808,0.196591192153,0.822637064934
    ));
#573 = CARTESIAN_POINT('',(-0.251314119424,0.182862126627,0.819276886081
    ));
#574 = CARTESIAN_POINT('',(-0.241862497414,0.168617045813,0.813424147678
    ));
#575 = CARTESIAN_POINT('',(-0.24247063369,0.153331037571,0.810016800334)
  );
#576 = CARTESIAN_POINT('',(-0.239903696681,0.140278590956,0.797950564293
    ));
#577 = CARTESIAN_POINT('',(-0.2356629799,0.125546175067,0.791536880872)
  );
#578 = CARTESIAN_POINT('',(-0.178966382379,-2.171267141524E-02,
    0.655884819067));
#579 = CARTESIAN_POINT('',(-0.272287286607,0.219358797565,0.999935319537
    ));
#580 = CARTESIAN_POINT('',(-0.171541923382,-3.824709255051E-02,
    0.703741657428));
#581 = CARTESIAN_POINT('',(-0.253433868024,0.212032298649,0.81458523882)
  );
#582 = CARTESIAN_POINT('',(-0.210509332361,5.514478939355E-02,
    0.697426369403));
#583 = CARTESIAN_POINT('',(-0.20945378753,4.162240073244E-02,
    0.680748964374));
#584 = CARTESIAN_POINT('',(-0.20918087074,-4.650981546439E-02,
    0.550334284064));
#585 = CARTESIAN_POINT('',(-0.204070613696,4.877888007659E-03,
    0.881442358622));
#586 = CARTESIAN_POINT('',(-0.219039368939,0.118589856777,0.460372347172
    ));
#587 = CARTESIAN_POINT('',(-0.206201847335,-1.41544417493E-02,
    0.436453823016));
#588 = CARTESIAN_POINT('',(-0.204620557445,-2.811992002207E-02,
    0.433058510237));
#589 = CARTESIAN_POINT('',(-0.203023609299,-4.19867324277E-02,
    0.432910694554));
#590 = CARTESIAN_POINT('',(-0.201490842754,-5.593735866525E-02,
    0.432211608895));
#591 = CARTESIAN_POINT('',(-0.200139436161,-6.951218035789E-02,
    0.430453692537));
#592 = CARTESIAN_POINT('',(-0.19885057239,-8.743717768122E-02,
    0.431774270789));
#593 = CARTESIAN_POINT('',(-0.198523485153,-9.463809312573E-02,
    0.427497527019));
#594 = CARTESIAN_POINT('',(-0.198214880394,-0.112323536623,
    0.427924474329));
#595 = CARTESIAN_POINT('',(-0.199119697665,-0.125950904737,
    0.427813956184));
#596 = CARTESIAN_POINT('',(-0.200857550573,-0.140067995073,
    0.427881007539));
#597 = CARTESIAN_POINT('',(-0.203270752547,-0.154035141309,0.4277227921)
  );
#598 = CARTESIAN_POINT('',(-0.206161206975,-0.16806232443,0.428291170778
    ));
#599 = CARTESIAN_POINT('',(-0.209322274551,-0.182036699034,
    0.426165295029));
#600 = CARTESIAN_POINT('',(-0.212565637542,-0.195992493559,
    0.424267614493));
#601 = CARTESIAN_POINT('',(-0.215757671463,-0.210238250205,0.42415533325
    ));
#602 = CARTESIAN_POINT('',(-0.218508357768,-0.223759080805,
    0.416501482306));
#603 = CARTESIAN_POINT('',(-0.220945980586,-0.238390313219,0.4179808668)
  );
#604 = CARTESIAN_POINT('',(-0.222553321084,-0.25197731712,0.409378346336
    ));
#605 = CARTESIAN_POINT('',(-0.223244483834,-0.26601548463,0.403159131122
    ));
#606 = CARTESIAN_POINT('',(-0.223231323188,-0.280413026252,0.39722226982
    ));
#607 = CARTESIAN_POINT('',(-0.224226754478,-0.294373684448,
    0.386834744034));
#608 = CARTESIAN_POINT('',(-0.225423496826,-0.307429150466,
    0.375412671828));
#609 = CARTESIAN_POINT('',(-0.229465748203,-0.344125043613,
    0.349171055111));
#610 = CARTESIAN_POINT('',(-0.227254314322,-0.324681606887,
    0.387011462366));
#611 = CARTESIAN_POINT('',(-0.230108684494,-0.349888040358,
    0.349545696662));
#612 = CARTESIAN_POINT('',(-0.230272867768,-0.364668231584,
    0.329170178038));
#613 = CARTESIAN_POINT('',(-0.233374184577,-0.376532727738,
    0.306334709521));
#614 = CARTESIAN_POINT('',(-0.222914457362,-0.393059555634,
    0.274483805916));
#615 = CARTESIAN_POINT('',(-0.201844526664,-0.40603232863,0.240975426997
    ));
#616 = CARTESIAN_POINT('',(-0.175598170063,-0.419614389694,
    0.214384657125));
#617 = CARTESIAN_POINT('',(-0.146749072299,-0.433557909603,
    0.191981215406));
#618 = CARTESIAN_POINT('',(-0.12443753423,-0.446179989493,0.181352569269
    ));
#619 = CARTESIAN_POINT('',(-0.105048083539,-0.460110755566,0.17314137106
    ));
#620 = CARTESIAN_POINT('',(-0.104453057509,-0.47611688422,0.167957282512
    ));
#621 = CARTESIAN_POINT('',(-9.996877928156E-02,-0.490300133826,
    0.164181768372));
#622 = CARTESIAN_POINT('',(-9.181021254232E-02,-0.504167068569,
    0.160625069147));
#623 = CARTESIAN_POINT('',(-8.154086587632E-02,-0.518319037049,
    0.161495506147));
#624 = CARTESIAN_POINT('',(-7.115903932118E-02,-0.531451491164,
    0.161685816772));
#625 = CARTESIAN_POINT('',(-5.486318683233E-02,-0.555343599495,
    0.159324449635));
#626 = CARTESIAN_POINT('',(-5.680465995088E-02,-0.552172199864,
    0.191066047542));
#627 = CARTESIAN_POINT('',(-4.852121895927E-02,-0.57313468037,
    0.212323060502));
#628 = CARTESIAN_POINT('',(-5.08452074315E-02,-0.588817449157,
    0.217037095125));
#629 = CARTESIAN_POINT('',(-5.948180492948E-02,-0.602035803979,
    0.226815100356));
#630 = CARTESIAN_POINT('',(-7.004822536555E-02,-0.615573711109,
    0.231289801862));
#631 = CARTESIAN_POINT('',(-7.761586339582E-02,-0.629896936395,
    0.232559704545));
#632 = CARTESIAN_POINT('',(-8.532058082972E-02,-0.651031274798,
    0.233530818851));
#633 = CARTESIAN_POINT('',(2.290205512569E-02,-0.710861237193,
    0.216160162314));
#634 = CARTESIAN_POINT('',(-0.283427553396,-0.539806825717,
    0.330113348028));
#635 = CARTESIAN_POINT('',(-6.760451677802E-02,-0.6721,0.216055811095));
#636 = CARTESIAN_POINT('',(-3.008202876693E-02,0.6721,0.61897404886));
#637 = CARTESIAN_POINT('',(-3.044007561856E-02,0.671250621577,
    0.620169234092));
#638 = CARTESIAN_POINT('',(-3.00299354044E-02,0.641846875143,
    0.63716634281));
#639 = CARTESIAN_POINT('',(-2.690224033259E-02,0.653235465992,
    0.632661241279));
#640 = CARTESIAN_POINT('',(-4.005490837171E-02,0.629974970489,
    0.646178406317));
#641 = CARTESIAN_POINT('',(-5.758233907501E-02,0.612556785852,
    0.648967281342));
#642 = CARTESIAN_POINT('',(-6.644032598479E-02,0.600894039266,
    0.707832593469));
#643 = CARTESIAN_POINT('',(-6.445903361982E-02,0.593099537558,
    0.765047480143));
#644 = CARTESIAN_POINT('',(-0.111582863314,0.500134468003,0.898525755093
    ));
#645 = CARTESIAN_POINT('',(-9.623257337994E-02,0.558943725444,
    0.913086415129));
#646 = CARTESIAN_POINT('',(-4.770900417844E-02,0.609875829969,
    0.884018007299));
#647 = CARTESIAN_POINT('',(-0.124280427678,0.516920887367,0.988200277299
    ));
#648 = CARTESIAN_POINT('',(-0.113186574479,0.528502453087,0.977974247574
    ));
#649 = CARTESIAN_POINT('',(-0.120141379742,0.504381437599,1.007110454726
    ));
#650 = CARTESIAN_POINT('',(-0.142098869278,0.489023477918,1.023288762759
    ));
#651 = CARTESIAN_POINT('',(-0.167094979056,0.475597493701,1.026521987213
    ));
#652 = CARTESIAN_POINT('',(-0.193960355055,0.462540451838,1.038481813656
    ));
#653 = CARTESIAN_POINT('',(-0.22051945505,0.448816314108,1.03982777466)
  );
#654 = CARTESIAN_POINT('',(-0.23946041482,0.436876190467,1.048956015357)
  );
#655 = CARTESIAN_POINT('',(-0.253796244319,0.422388038865,1.051441249903
    ));
#656 = CARTESIAN_POINT('',(-0.251291085698,0.402622014075,1.052666314055
    ));
#657 = CARTESIAN_POINT('',(-0.250767780452,0.395251548383,1.048640136877
    ));
#658 = CARTESIAN_POINT('',(-0.246386005097,0.374606182137,1.055487335882
    ));
#659 = CARTESIAN_POINT('',(-0.244371234978,0.367263268385,1.023220449358
    ));
#660 = CARTESIAN_POINT('',(-0.239022386609,0.348356241279,1.036711753985
    ));
#661 = CARTESIAN_POINT('',(-0.236048951976,0.338218697134,1.041105253142
    ));
#662 = CARTESIAN_POINT('',(-0.231673629723,0.321881874282,1.039227836643
    ));
#663 = CARTESIAN_POINT('',(-0.228826249401,0.308237043389,1.042816385406
    ));
#664 = CARTESIAN_POINT('',(-0.226508241773,0.294095134137,1.042413055411
    ));
#665 = CARTESIAN_POINT('',(-0.226999188911,0.2797515769,1.040507063885)
  );
#666 = CARTESIAN_POINT('',(-0.223177543364,0.265049606334,1.035746128357
    ));
#667 = CARTESIAN_POINT('',(-0.21444885618,0.250932764021,1.030960753828)
  );
#668 = CARTESIAN_POINT('',(-0.203934612481,0.237811437094,1.016021287896
    ));
#669 = CARTESIAN_POINT('',(-0.190567982085,0.223157859515,1.008264945124
    ));
#670 = CARTESIAN_POINT('',(-0.179652241259,0.211451094001,0.980868338297
    ));
#671 = CARTESIAN_POINT('',(-0.166959856139,0.196591192153,0.981738298721
    ));
#672 = CARTESIAN_POINT('',(-0.15777398577,0.182862126627,0.977552278825)
  );
#673 = CARTESIAN_POINT('',(-0.151840295773,0.168617045813,0.970262898779
    ));
#674 = CARTESIAN_POINT('',(-0.152222081263,0.153331037571,0.966014423885
    ));
#675 = CARTESIAN_POINT('',(-0.15061056861,0.140278590957,0.950999909281)
  );
#676 = CARTESIAN_POINT('',(-0.147948263801,0.125546175067,0.942949711293
    ));
#677 = CARTESIAN_POINT('',(-0.112354369605,-2.171267141476E-02,
    0.776517131614));
#678 = CARTESIAN_POINT('',(-0.170940856748,0.219358797567,1.026282696633
    ));
#679 = CARTESIAN_POINT('',(-0.107693322545,-3.824709255211E-02,
    0.689163625525));
#680 = CARTESIAN_POINT('',(-0.159104890315,0.21203229865,0.973505626427)
  );
#681 = CARTESIAN_POINT('',(-0.132156891565,5.51447893935E-02,
    0.82574147137));
#682 = CARTESIAN_POINT('',(-0.131494304136,4.162240073245E-02,
    0.804921419516));
#683 = CARTESIAN_POINT('',(-0.131320893919,-4.650981546447E-02,
    0.645081885656));
#684 = CARTESIAN_POINT('',(-0.128279494168,4.877888007715E-03,
    0.840801791054));
#685 = CARTESIAN_POINT('',(-0.137510543184,0.118589856777,0.535599233336
    ));
#686 = CARTESIAN_POINT('',(-0.129452719403,-1.41544417493E-02,
    0.50025707286));
#687 = CARTESIAN_POINT('',(-0.12845994711,-2.811992002208E-02,
    0.495129129752));
#688 = CARTESIAN_POINT('',(-0.127457401812,-4.198673242765E-02,
    0.493441941107));
#689 = CARTESIAN_POINT('',(-0.126495133894,-5.593735866523E-02,
    0.491030936974));
#690 = CARTESIAN_POINT('',(-0.125646727169,-6.95121803582E-02,
    0.488061259949));
#691 = CARTESIAN_POINT('',(-0.124837583473,-8.743717768097E-02,
    0.488550309294));
#692 = CARTESIAN_POINT('',(-0.124632239513,-9.46380931258E-02,
    0.490043915346));
#693 = CARTESIAN_POINT('',(-0.124438498679,-0.112323536623,
    0.489941096679));
#694 = CARTESIAN_POINT('',(-0.125006539299,-0.125950904737,
    0.489952864778));
#695 = CARTESIAN_POINT('',(-0.126097556312,-0.140067995074,0.48999627181
    ));
#696 = CARTESIAN_POINT('',(-0.127612554733,-0.154035141309,
    0.489809987468));
#697 = CARTESIAN_POINT('',(-0.129427170309,-0.16806232443,0.490515088058
    ));
#698 = CARTESIAN_POINT('',(-0.131411675723,-0.182036699034,
    0.487867746533));
#699 = CARTESIAN_POINT('',(-0.133447845866,-0.195992493559,
    0.485503656661));
#700 = CARTESIAN_POINT('',(-0.135451791827,-0.210238250205,
    0.485363875165));
#701 = CARTESIAN_POINT('',(-0.137178661542,-0.223759080804,
    0.475829632369));
#702 = CARTESIAN_POINT('',(-0.138708991273,-0.238390313219,
    0.477672824755));
#703 = CARTESIAN_POINT('',(-0.139718073106,-0.25197731712,0.466955541788
    ));
#704 = CARTESIAN_POINT('',(-0.140151982347,-0.26601548463,0.459213860183
    ));
#705 = CARTESIAN_POINT('',(-0.140143719892,-0.280413026254,
    0.451798164024));
#706 = CARTESIAN_POINT('',(-0.140768648633,-0.294373684448,
    0.438939408127));
#707 = CARTESIAN_POINT('',(-0.141519954742,-0.307429150466,
    0.424401342658));
#708 = CARTESIAN_POINT('',(-0.144057696521,-0.344125043614,
    0.394324204414));
#709 = CARTESIAN_POINT('',(-0.142668872865,-0.324681606886,
    0.402036411531));
#710 = CARTESIAN_POINT('',(-0.144461923632,-0.349888040359,
    0.375950515439));
#711 = CARTESIAN_POINT('',(-0.144562177425,-0.364668231585,0.35640201565
    ));
#712 = CARTESIAN_POINT('',(-0.146519621387,-0.376532727738,
    0.335638663073));
#713 = CARTESIAN_POINT('',(-0.139917904761,-0.393059555634,
    0.299760985215));
#714 = CARTESIAN_POINT('',(-0.126830157528,-0.40603232863,0.256893184302
    ));
#715 = CARTESIAN_POINT('',(-0.110301449312,-0.419614389694,
    0.224183985555));
#716 = CARTESIAN_POINT('',(-9.218883332906E-02,-0.433557909603,
    0.195876209042));
#717 = CARTESIAN_POINT('',(-7.817052647883E-02,-0.446179989493,
    0.186597145428));
#718 = CARTESIAN_POINT('',(-6.599063526711E-02,-0.460110755566,
    0.178129457635));
#719 = CARTESIAN_POINT('',(-6.561675974026E-02,-0.47611688422,
    0.172993434645));
#720 = CARTESIAN_POINT('',(-6.279978389671E-02,-0.490300133826,
    0.169207426832));
#721 = CARTESIAN_POINT('',(-5.767461620712E-02,-0.504167068569,
    0.16564878072));
#722 = CARTESIAN_POINT('',(-5.122347662074E-02,-0.518319037048,
    0.166538371168));
#723 = CARTESIAN_POINT('',(-4.47016758579E-02,-0.531451491166,
    0.166653222896));
#724 = CARTESIAN_POINT('',(-3.446472056032E-02,-0.555343599484,
    0.16469713604));
#725 = CARTESIAN_POINT('',(-3.568434187776E-02,-0.552172199945,
    0.19356361519));
#726 = CARTESIAN_POINT('',(-3.048073510147E-02,-0.57313468025,
    0.221697259632));
#727 = CARTESIAN_POINT('',(-3.194064925796E-02,-0.588817449557,
    0.227286238291));
#728 = CARTESIAN_POINT('',(-3.73661123175E-02,-0.602035802332,
    0.239553237539));
#729 = CARTESIAN_POINT('',(-4.400385478743E-02,-0.615573717069,
    0.245053092897));
#730 = CARTESIAN_POINT('',(-4.875786308349E-02,-0.629896916174,
    0.246817780439));
#731 = CARTESIAN_POINT('',(-5.359756282039E-02,-0.651031400385,
    0.24703312022));
#732 = CARTESIAN_POINT('',(1.438304558956E-02,-0.710859649605,
    0.23706051593));
#733 = CARTESIAN_POINT('',(-0.178038530459,-0.539810476108,
    0.288452839176));
#734 = CARTESIAN_POINT('',(-4.24687464945E-02,-0.6721,0.226126876389));
#735 = CARTESIAN_POINT('',(-6.323571926111E-03,0.6721,0.62860327779));
#736 = CARTESIAN_POINT('',(-6.398967230274E-03,0.671250621577,
    0.629975731688));
#737 = CARTESIAN_POINT('',(-6.312430059564E-03,0.641846875143,
    0.649575798521));
#738 = CARTESIAN_POINT('',(-5.655337461746E-03,0.653235465992,
    0.648521383921));
#739 = CARTESIAN_POINT('',(-8.419718177305E-03,0.629974970489,
    0.664886781624));
#740 = CARTESIAN_POINT('',(-1.210559957984E-02,0.612556785852,
    0.668281923545));
#741 = CARTESIAN_POINT('',(-1.395898154257E-02,0.600894039266,
    0.731765107922));
#742 = CARTESIAN_POINT('',(-1.357582829569E-02,0.593099537558,
    0.793359898721));
#743 = CARTESIAN_POINT('',(-2.34777577475E-02,0.500134467998,
    0.935970564292));
#744 = CARTESIAN_POINT('',(-2.021129890045E-02,0.558943725448,
    0.891022276812));
#745 = CARTESIAN_POINT('',(-1.00457312198E-02,0.609875829966,
    0.925115556456));
#746 = CARTESIAN_POINT('',(-2.616674588076E-02,0.516920887368,
    1.030438770927));
#747 = CARTESIAN_POINT('',(-2.383113405832E-02,0.528502453087,
    1.027925259329));
#748 = CARTESIAN_POINT('',(-2.529542374879E-02,0.504381437599,
    1.063423577196));
#749 = CARTESIAN_POINT('',(-2.991851511682E-02,0.489023477918,
    1.082540170574));
#750 = CARTESIAN_POINT('',(-3.518137392005E-02,0.475597493701,
    1.08705671057));
#751 = CARTESIAN_POINT('',(-4.083780305941E-02,0.462540451838,
    1.101002623863));
#752 = CARTESIAN_POINT('',(-4.642974618864E-02,0.448816314109,
    1.103060734896));
#753 = CARTESIAN_POINT('',(-5.041771160034E-02,0.436876190467,
    1.114283325897));
#754 = CARTESIAN_POINT('',(-5.343607986421E-02,0.422388038864,
    1.117500484017));
#755 = CARTESIAN_POINT('',(-5.290862581755E-02,0.402622014075,
    1.120213625727));
#756 = CARTESIAN_POINT('',(-5.279844538129E-02,0.395251548383,
    1.113571605936));
#757 = CARTESIAN_POINT('',(-5.187587499996E-02,0.374606182137,
    1.119870664803));
#758 = CARTESIAN_POINT('',(-5.14516708628E-02,0.367263268386,
    1.086681762872));
#759 = CARTESIAN_POINT('',(-5.03254859995E-02,0.348356241278,
    1.101674630175));
#760 = CARTESIAN_POINT('',(-4.969943776542E-02,0.338218697135,
    1.108066224624));
#761 = CARTESIAN_POINT('',(-4.877822606703E-02,0.321881874281,
    1.105673962471));
#762 = CARTESIAN_POINT('',(-4.817871821109E-02,0.308237043389,
    1.109628998549));
#763 = CARTESIAN_POINT('',(-4.769066827522E-02,0.294095134136,
    1.109170970807));
#764 = CARTESIAN_POINT('',(-4.779403580355E-02,0.279751576899,
    1.107124587568));
#765 = CARTESIAN_POINT('',(-4.698939916597E-02,0.265049606334,
    1.101995402564));
#766 = CARTESIAN_POINT('',(-4.515159882053E-02,0.250932764021,
    1.096842286726));
#767 = CARTESIAN_POINT('',(-4.293785461195E-02,0.237811437093,
    1.080752774768));
#768 = CARTESIAN_POINT('',(-4.012354846945E-02,0.223157859515,
    1.072399503365));
#769 = CARTESIAN_POINT('',(-3.782527017885E-02,0.211451094,
    1.042894213198));
#770 = CARTESIAN_POINT('',(-3.515292446795E-02,0.196591192153,
    1.043831172296));
#771 = CARTESIAN_POINT('',(-3.321886549886E-02,0.182862126627,
    1.039322849157));
#772 = CARTESIAN_POINT('',(-3.196954388897E-02,0.168617045813,
    1.03147278705));
#773 = CARTESIAN_POINT('',(-3.204992774149E-02,0.153331037571,
    1.026896043004));
#774 = CARTESIAN_POINT('',(-3.171062832055E-02,0.140278590956,
    1.010730895666));
#775 = CARTESIAN_POINT('',(-3.115008758862E-02,0.125546175067,
    1.002042010662));
#776 = CARTESIAN_POINT('',(-2.365589406886E-02,-2.17126714151E-02,
    0.823596634098));
#777 = CARTESIAN_POINT('',(-3.599111200763E-02,0.219358797565,
    1.036565360211));
#778 = CARTESIAN_POINT('',(-2.267452477044E-02,-3.824709255067E-02,
    0.683474216393));
#779 = CARTESIAN_POINT('',(-3.349901205273E-02,0.212032298649,
    1.035527977262));
#780 = CARTESIAN_POINT('',(-2.782526648254E-02,5.514478939354E-02,
    0.875819351122));
#781 = CARTESIAN_POINT('',(-2.768571847214E-02,4.162240073244E-02,
    0.853382570426));
#782 = CARTESIAN_POINT('',(-2.765030821208E-02,-4.650981546439E-02,
    0.682058448916));
#783 = CARTESIAN_POINT('',(-2.692142899019E-02,4.877888007652E-03,
    0.825009975137));
#784 = CARTESIAN_POINT('',(-2.895324320654E-02,0.118589856777,
    0.564957613303));
#785 = CARTESIAN_POINT('',(-2.725588443831E-02,-1.41544417493E-02,
    0.525157756423));
#786 = CARTESIAN_POINT('',(-2.704688287907E-02,-2.811992002207E-02,
    0.51935359611));
#787 = CARTESIAN_POINT('',(-2.683579329278E-02,-4.19867324277E-02,
    0.517065637317));
#788 = CARTESIAN_POINT('',(-2.663319225723E-02,-5.593735866525E-02,
    0.513986516699));
#789 = CARTESIAN_POINT('',(-2.645456217087E-02,-6.951218035792E-02,
    0.510543922884));
#790 = CARTESIAN_POINT('',(-2.628419938853E-02,-8.743717768121E-02,
    0.510708449066));
#791 = CARTESIAN_POINT('',(-2.624096475601E-02,-9.463809312575E-02,
    0.514454065359));
#792 = CARTESIAN_POINT('',(-2.620017318178E-02,-0.112323536623,
    0.514144493468));
#793 = CARTESIAN_POINT('',(-2.631977252216E-02,-0.125950904737,
    0.514203986555));
#794 = CARTESIAN_POINT('',(-2.654948306225E-02,-0.140067995073,
    0.514238165852));
#795 = CARTESIAN_POINT('',(-2.686846168516E-02,-0.154035141309,
    0.514040926983));
#796 = CARTESIAN_POINT('',(-2.725052385154E-02,-0.16806232443,
    0.514799386407));
#797 = CARTESIAN_POINT('',(-2.766835584145E-02,-0.182036699034,
    0.511948531007));
#798 = CARTESIAN_POINT('',(-2.809706569365E-02,-0.195992493559,
    0.509402414288));
#799 = CARTESIAN_POINT('',(-2.851899083536E-02,-0.210238250205,
    0.509251900193));
#800 = CARTESIAN_POINT('',(-2.888257835959E-02,-0.223759080805,
    0.498983791727));
#801 = CARTESIAN_POINT('',(-2.920478494449E-02,-0.238390313219,
    0.500968968415));
#802 = CARTESIAN_POINT('',(-2.941724427373E-02,-0.25197731712,
    0.489426351298));
#803 = CARTESIAN_POINT('',(-2.950860259881E-02,-0.26601548463,
    0.481090492594));
#804 = CARTESIAN_POINT('',(-2.950686309765E-02,-0.280413026252,
    0.473097647423));
#805 = CARTESIAN_POINT('',(-2.963843953626E-02,-0.294373684448,
    0.459274438147));
#806 = CARTESIAN_POINT('',(-2.979662697129E-02,-0.307429150466,
    0.443520284105));
#807 = CARTESIAN_POINT('',(-3.033092393117E-02,-0.344125043613,
    0.411946257852));
#808 = CARTESIAN_POINT('',(-3.00387734423E-02,-0.324681606887,
    0.407900076789));
#809 = CARTESIAN_POINT('',(-3.041571739878E-02,-0.349888040359,
    0.386255814758));
#810 = CARTESIAN_POINT('',(-3.043832203505E-02,-0.364668231585,
    0.367029090498));
#811 = CARTESIAN_POINT('',(-3.084491052553E-02,-0.376532727738,
    0.347078087359));
#812 = CARTESIAN_POINT('',(-2.947358800167E-02,-0.393059555634,
    0.309616563992));
#813 = CARTESIAN_POINT('',(-2.664377018495E-02,-0.40603232863,
    0.263145012279));
#814 = CARTESIAN_POINT('',(-2.319095026362E-02,-0.419614389694,
    0.228020518845));
#815 = CARTESIAN_POINT('',(-1.937806393913E-02,-0.433557909602,
    0.197403397249));
#816 = CARTESIAN_POINT('',(-1.64325003211E-02,-0.446179989493,
    0.188652191836));
#817 = CARTESIAN_POINT('',(-1.387191838112E-02,-0.460110755566,
    0.180084184131));
#818 = CARTESIAN_POINT('',(-1.379337009078E-02,-0.47611688422,
    0.174966960597));
#819 = CARTESIAN_POINT('',(-1.320120005298E-02,-0.490300133826,
    0.171176849429));
#820 = CARTESIAN_POINT('',(-1.212383667044E-02,-0.504167068569,
    0.167617437944));
#821 = CARTESIAN_POINT('',(-1.076773564263E-02,-0.518319037048,
    0.168514534789));
#822 = CARTESIAN_POINT('',(-9.396781915376E-03,-0.531451491166,
    0.168599816018));
#823 = CARTESIAN_POINT('',(-7.244861710319E-03,-0.555343599484,
    0.166802547695));
#824 = CARTESIAN_POINT('',(-7.501239514727E-03,-0.552172199944,
    0.194542344909));
#825 = CARTESIAN_POINT('',(-6.40738435294E-03,-0.573134680251,
    0.225370756739));
#826 = CARTESIAN_POINT('',(-6.714274346507E-03,-0.588817449554,
    0.231302602381));
#827 = CARTESIAN_POINT('',(-7.854765920193E-03,-0.602035802344,
    0.244544972004));
#828 = CARTESIAN_POINT('',(-9.250092774715E-03,-0.615573717024,
    0.250446556117));
#829 = CARTESIAN_POINT('',(-1.024943502605E-02,-0.629896916326,
    0.252405141835));
#830 = CARTESIAN_POINT('',(-1.126680607161E-02,-0.65103139944,
    0.252324284527));
#831 = CARTESIAN_POINT('',(3.023616929879E-03,-0.710859661542,
    0.245251123033));
#832 = CARTESIAN_POINT('',(-3.742597840037E-02,-0.539810448661,
    0.272126469354));
#833 = CARTESIAN_POINT('',(-8.92739566039E-03,-0.6721,0.230073456621));
#834 = CARTESIAN_POINT('',(1.675700364841E-02,0.6721,0.622064850969));
#835 = CARTESIAN_POINT('',(1.695657451821E-02,0.671250621577,
    0.623316880251));
#836 = CARTESIAN_POINT('',(1.672780410384E-02,0.641846875143,
    0.641149628249));
#837 = CARTESIAN_POINT('',(1.498590449012E-02,0.653235465993,
    0.637751964582));
#838 = CARTESIAN_POINT('',(2.23120845314E-02,0.629974970489,
    0.652183561639));
#839 = CARTESIAN_POINT('',(3.207697786362E-02,0.612556785852,
    0.655166399993));
#840 = CARTESIAN_POINT('',(3.700305264087E-02,0.600894039266,
    0.715517840234));
#841 = CARTESIAN_POINT('',(3.593097875327E-02,0.593099537558,
    0.77412367397));
#842 = CARTESIAN_POINT('',(6.217720405707E-02,0.500134468002,
    0.91053815296));
#843 = CARTESIAN_POINT('',(5.35888368559E-02,0.558943725445,
    0.90601456169));
#844 = CARTESIAN_POINT('',(2.659189722768E-02,0.609875829968,
    0.897195130221));
#845 = CARTESIAN_POINT('',(6.926908618775E-02,0.516920887367,
    1.001743268403));
#846 = CARTESIAN_POINT('',(6.308594946414E-02,0.528502453087,
    0.993990104791));
#847 = CARTESIAN_POINT('',(6.696227214538E-02,0.504381437599,
    1.025166205123));
#848 = CARTESIAN_POINT('',(7.920055288149E-02,0.489023477918,
    1.042286619219));
#849 = CARTESIAN_POINT('',(9.313244081127E-02,0.475597493701,
    1.045931314882));
#850 = CARTESIAN_POINT('',(0.1081061888,0.462540451838,1.058527942934));
#851 = CARTESIAN_POINT('',(0.12290922965,0.448816314108,1.06010224154));
#852 = CARTESIAN_POINT('',(0.133466206485,0.436876190467,1.069901996517)
  );
#853 = CARTESIAN_POINT('',(0.14145645732,0.422388038865,1.072621908678)
  );
#854 = CARTESIAN_POINT('',(0.14006017636,0.402622014075,1.074324097087)
  );
#855 = CARTESIAN_POINT('',(0.139768505747,0.395251548383,1.069459198865)
  );
#856 = CARTESIAN_POINT('',(0.137326269376,0.374606182137,1.076130646979)
  );
#857 = CARTESIAN_POINT('',(0.136203312479,0.367263268385,1.043568133447)
  );
#858 = CARTESIAN_POINT('',(0.133222066073,0.348356241279,1.057540886082)
  );
#859 = CARTESIAN_POINT('',(0.13156478572,0.338218697134,1.062575037151)
  );
#860 = CARTESIAN_POINT('',(0.129126146066,0.321881874282,1.060532545015)
  );
#861 = CARTESIAN_POINT('',(0.127539123634,0.308237043389,1.064238601086)
  );
#862 = CARTESIAN_POINT('',(0.126247153581,0.294095134137,1.06381773328)
  );
#863 = CARTESIAN_POINT('',(0.126520789005,0.2797515769,1.061866727776));
#864 = CARTESIAN_POINT('',(0.124390747871,0.265049606334,1.056987719936)
  );
#865 = CARTESIAN_POINT('',(0.119525706745,0.250932764021,1.052084436029)
  );
#866 = CARTESIAN_POINT('',(0.113665463742,0.237811437094,1.036776229333)
  );
#867 = CARTESIAN_POINT('',(0.106215407941,0.223157859515,1.028828492552)
  );
#868 = CARTESIAN_POINT('',(0.100131385578,0.211451094,1.000755775823));
#869 = CARTESIAN_POINT('',(9.30571286719E-02,0.196591192153,
    1.00164721812));
#870 = CARTESIAN_POINT('',(8.793727087707E-02,0.182862126627,
    0.997357857713));
#871 = CARTESIAN_POINT('',(8.463005579987E-02,0.168617045813,
    0.989888705443));
#872 = CARTESIAN_POINT('',(8.484284863672E-02,0.153331037571,
    0.985534977181));
#873 = CARTESIAN_POINT('',(8.394465224556E-02,0.140278590957,
    0.970151533696));
#874 = CARTESIAN_POINT('',(8.246078392539E-02,0.125546175067,
    0.961896552653));
#875 = CARTESIAN_POINT('',(6.262208936359E-02,-2.171267141491E-02,
    0.791612294171));
#876 = CARTESIAN_POINT('',(9.527598749979E-02,0.219358797566,
    1.029579640585));
#877 = CARTESIAN_POINT('',(6.002419837359E-02,-3.824709255167E-02,
    0.687339422757));
#878 = CARTESIAN_POINT('',(8.867899901002E-02,0.21203229865,
    0.993391938877));
#879 = CARTESIAN_POINT('',(7.365927560948E-02,5.514478939351E-02,
    0.841798007047));
#880 = CARTESIAN_POINT('',(7.328993445614E-02,4.162240073245E-02,
    0.820459584158));
#881 = CARTESIAN_POINT('',(7.319432533407E-02,-4.650981546444E-02,
    0.656937657397));
#882 = CARTESIAN_POINT('',(7.141527271878E-02,4.8778880077E-03,
    0.83574436063));
#883 = CARTESIAN_POINT('',(7.664393888929E-02,0.118589856777,
    0.545012395815));
#884 = CARTESIAN_POINT('',(7.215204711933E-02,-1.41544417493E-02,
    0.508241012918));
#885 = CARTESIAN_POINT('',(7.159873586149E-02,-2.811992002208E-02,
    0.502896251788));
#886 = CARTESIAN_POINT('',(7.103994873836E-02,-4.198673242766E-02,
    0.501016437865));
#887 = CARTESIAN_POINT('',(7.050361853839E-02,-5.593735866523E-02,
    0.498391214549));
#888 = CARTESIAN_POINT('',(7.003074818722E-02,-6.951218035812E-02,
    0.495269905625));
#889 = CARTESIAN_POINT('',(6.957976212181E-02,-8.743717768104E-02,
    0.495654902675));
#890 = CARTESIAN_POINT('',(6.946531109971E-02,-9.463809312578E-02,
    0.497870573724));
#891 = CARTESIAN_POINT('',(6.935732727241E-02,-0.112323536623,
    0.497701463499));
#892 = CARTESIAN_POINT('',(6.967393169433E-02,-0.125950904737,
    0.497728533723));
#893 = CARTESIAN_POINT('',(7.028202344128E-02,-0.140067995074,
    0.497768982054));
#894 = CARTESIAN_POINT('',(7.112642643845E-02,-0.154035141309,
    0.497579185348));
#895 = CARTESIAN_POINT('',(7.213782474179E-02,-0.16806232443,
    0.498301394451));
#896 = CARTESIAN_POINT('',(7.324391323487E-02,-0.182036699034,
    0.495588800006));
#897 = CARTESIAN_POINT('',(7.437879769973E-02,-0.195992493559,
    0.493166346628));
#898 = CARTESIAN_POINT('',(7.549572162017E-02,-0.210238250205,
    0.493023123924));
#899 = CARTESIAN_POINT('',(7.645821368897E-02,-0.223759080805,
    0.483253580817));
#900 = CARTESIAN_POINT('',(7.731116177868E-02,-0.238390313219,
    0.485142297816));
#901 = CARTESIAN_POINT('',(7.787358595453E-02,-0.25197731712,
    0.474160386878));
#902 = CARTESIAN_POINT('',(7.811543057118E-02,-0.26601548463,
    0.466228193494));
#903 = CARTESIAN_POINT('',(7.811082551844E-02,-0.280413026253,
    0.458627445284));
#904 = CARTESIAN_POINT('',(7.845913672763E-02,-0.294373684448,
    0.445459455466));
#905 = CARTESIAN_POINT('',(7.887788838057E-02,-0.307429150466,
    0.430531473809));
#906 = CARTESIAN_POINT('',(8.029231349463E-02,-0.344125043614,
    0.399974387384));
#907 = CARTESIAN_POINT('',(7.951848422445E-02,-0.324681606886,
    0.403916472259));
#908 = CARTESIAN_POINT('',(8.051731553725E-02,-0.349888040359,
    0.379254735782));
#909 = CARTESIAN_POINT('',(8.057461143296E-02,-0.364668231585,
    0.359809322696));
#910 = CARTESIAN_POINT('',(8.166036117516E-02,-0.376532727738,
    0.339306748326));
#911 = CARTESIAN_POINT('',(7.799848795171E-02,-0.393059555634,
    0.30292018558));
#912 = CARTESIAN_POINT('',(7.063352392948E-02,-0.40603232863,
    0.258901106058));
#913 = CARTESIAN_POINT('',(6.144687247799E-02,-0.419614389694,
    0.225415137021));
#914 = CARTESIAN_POINT('',(5.135222165371E-02,-0.433557909603,
    0.196366479936));
#915 = CARTESIAN_POINT('',(4.354458585128E-02,-0.446179989493,
    0.187256762983));
#916 = CARTESIAN_POINT('',(3.675963148166E-02,-0.460110755566,
    0.178756890717));
#917 = CARTESIAN_POINT('',(3.655140860269E-02,-0.47611688422,
    0.173626898916));
#918 = CARTESIAN_POINT('',(3.498221975193E-02,-0.490300133826,
    0.169839574757));
#919 = CARTESIAN_POINT('',(3.212728038587E-02,-0.504167068569,
    0.166280682766));
#920 = CARTESIAN_POINT('',(2.853371314072E-02,-0.518319037049,
    0.167172682684));
#921 = CARTESIAN_POINT('',(2.490078553561E-02,-0.531451491164,
    0.167278042821));
#922 = CARTESIAN_POINT('',(1.919835432154E-02,-0.555343599499,
    0.165372933744));
#923 = CARTESIAN_POINT('',(1.987773676605E-02,-0.55217219983,
    0.193877769101));
#924 = CARTESIAN_POINT('',(1.697910038572E-02,-0.573134680422,
    0.222876383383));
#925 = CARTESIAN_POINT('',(1.779233676078E-02,-0.588817448986,
    0.228575415953));
#926 = CARTESIAN_POINT('',(2.08145548837E-02,-0.602035804685,
    0.241155490694));
#927 = CARTESIAN_POINT('',(2.451207369182E-02,-0.615573708556,
    0.246784293925));
#928 = CARTESIAN_POINT('',(2.716024189978E-02,-0.629896945062,
    0.24861121754));
#929 = CARTESIAN_POINT('',(2.985628858343E-02,-0.651031220975,
    0.248731492569));
#930 = CARTESIAN_POINT('',(-8.013319255812E-03,-0.710861917588,
    0.239689449766));
#931 = CARTESIAN_POINT('',(9.917830517745E-02,-0.539805261265,
    0.283212604743));
#932 = CARTESIAN_POINT('',(2.365694632717E-02,-0.6721,0.227393654715));
#933 = CARTESIAN_POINT('',(3.392084049853E-02,0.6721,0.603141183118));
#934 = CARTESIAN_POINT('',(3.432474024057E-02,0.671250621577,
    0.604043881628));
#935 = CARTESIAN_POINT('',(3.3861860941E-02,0.641846875143,
    0.616763584721));
#936 = CARTESIAN_POINT('',(3.033551386535E-02,0.653235465992,
    0.606581644153));
#937 = CARTESIAN_POINT('',(4.516604685912E-02,0.629974970489,
    0.615419274353));
#938 = CARTESIAN_POINT('',(6.493195352816E-02,0.612556785852,
    0.617199749835));
#939 = CARTESIAN_POINT('',(7.490951860485E-02,0.600894039266,
    0.668542400998));
#940 = CARTESIAN_POINT('',(7.271695544578E-02,0.593099537558,
    0.718285214134));
#941 = CARTESIAN_POINT('',(0.12584931912,0.500134468,0.836835954283));
#942 = CARTESIAN_POINT('',(0.108490706782,0.558943725446,0.949552458869)
  );
#943 = CARTESIAN_POINT('',(5.381813705123E-02,0.609875829967,
    0.816181977751));
#944 = CARTESIAN_POINT('',(0.140191951935,0.516920887367,0.918481840028)
  );
#945 = CARTESIAN_POINT('',(0.127677954176,0.528502453087,0.895525422347)
  );
#946 = CARTESIAN_POINT('',(0.135523156825,0.504381437599,0.914160395559)
  );
#947 = CARTESIAN_POINT('',(0.16029188363,0.489023477918,0.925488785584)
  );
#948 = CARTESIAN_POINT('',(0.188488260467,0.475597493701,0.926603779193)
  );
#949 = CARTESIAN_POINT('',(0.218793228964,0.462540451838,0.935285383661)
  );
#950 = CARTESIAN_POINT('',(0.248752708155,0.448816314108,0.935455874684)
  );
#951 = CARTESIAN_POINT('',(0.27011869168,0.436876190467,0.941127194806)
  );
#952 = CARTESIAN_POINT('',(0.286289947002,0.422388038865,0.942404321211)
  );
#953 = CARTESIAN_POINT('',(0.28346405125,0.402622014075,0.941173174528)
  );
#954 = CARTESIAN_POINT('',(0.282873746884,0.395251548383,0.941464689617)
  );
#955 = CARTESIAN_POINT('',(0.277930969902,0.374606182137,0.949216645064)
  );
#956 = CARTESIAN_POINT('',(0.27565824742,0.367263268385,0.91847163098));
#957 = CARTESIAN_POINT('',(0.269624582421,0.348356241279,0.929484466331)
  );
#958 = CARTESIAN_POINT('',(0.266270456966,0.338218697134,0.9305799228));
#959 = CARTESIAN_POINT('',(0.261334959283,0.321881874281,0.929552307084)
  );
#960 = CARTESIAN_POINT('',(0.258123026957,0.308237043389,0.932535934342)
  );
#961 = CARTESIAN_POINT('',(0.255508243263,0.294095134136,0.932222888081)
  );
#962 = CARTESIAN_POINT('',(0.256062046691,0.279751576899,0.93054862618)
  );
#963 = CARTESIAN_POINT('',(0.251751113313,0.265049606334,0.926395520762)
  );
#964 = CARTESIAN_POINT('',(0.241904886478,0.250932764021,0.922217137569)
  );
#965 = CARTESIAN_POINT('',(0.230044497135,0.237811437093,0.909175929897)
  );
#966 = CARTESIAN_POINT('',(0.214966528121,0.223157859515,0.902404873519)
  );
#967 = CARTESIAN_POINT('',(0.202653237706,0.211451094,0.878488845265));
#968 = CARTESIAN_POINT('',(0.188335838041,0.196591192153,0.879248218128)
  );
#969 = CARTESIAN_POINT('',(0.177973894554,0.182862126627,0.875594189802)
  );
#970 = CARTESIAN_POINT('',(0.171280510263,0.168617045813,0.869230267807)
  );
#971 = CARTESIAN_POINT('',(0.171711176004,0.153331037571,0.865523631768)
  );
#972 = CARTESIAN_POINT('',(0.16989334031,0.140278590956,0.852408343841)
  );
#973 = CARTESIAN_POINT('',(0.166890178838,0.125546175067,0.845412358356)
  );
#974 = CARTESIAN_POINT('',(0.126739174609,-2.171267141499E-02,
    0.698808020625));
#975 = CARTESIAN_POINT('',(0.192826527752,0.219358797566,1.009310202151)
  );
#976 = CARTESIAN_POINT('',(0.121481371763,-3.824709255115E-02,
    0.698554524897));
#977 = CARTESIAN_POINT('',(0.17947510639,0.212032298649,0.871132038087)
  );
#978 = CARTESIAN_POINT('',(0.149077036089,5.514478939353E-02,
    0.743083249707));
#979 = CARTESIAN_POINT('',(0.148329564651,4.162240073244E-02,
    0.724931811292));
#980 = CARTESIAN_POINT('',(0.148135325093,-4.650981546442E-02,
    0.584047310264));
#981 = CARTESIAN_POINT('',(0.144594161137,4.877888007675E-03,
    0.86697495466));
#982 = CARTESIAN_POINT('',(0.155117092524,0.118589856777,0.487139521378)
  );
#983 = CARTESIAN_POINT('',(0.146026614217,-1.41544417493E-02,
    0.459156194556));
#984 = CARTESIAN_POINT('',(0.14490676634,-2.811992002207E-02,
    0.455144381789));
#985 = CARTESIAN_POINT('',(0.143775856375,-4.198673242768E-02,
    0.454448828314));
#986 = CARTESIAN_POINT('',(0.142690390831,-5.593735866524E-02,
    0.453140610624));
#987 = CARTESIAN_POINT('',(0.141733361458,-6.951218035801E-02,
    0.450951527438));
#988 = CARTESIAN_POINT('',(0.140820622715,-8.743717768113E-02,
    0.45197623238));
#989 = CARTESIAN_POINT('',(0.140588988377,-9.463809312577E-02,
    0.449752685492));
#990 = CARTESIAN_POINT('',(0.140370442786,-0.112323536623,0.449991132298
    ));
#991 = CARTESIAN_POINT('',(0.141011210023,-0.125950904737,0.449924125854
    ));
#992 = CARTESIAN_POINT('',(0.142241910673,-0.140067995073,0.449982764123
    ));
#993 = CARTESIAN_POINT('',(0.143950875354,-0.154035141309,0.449814561251
    ));
#994 = CARTESIAN_POINT('',(0.145997817374,-0.16806232443,0.450431588106)
  );
#995 = CARTESIAN_POINT('',(0.148236400343,-0.182036699034,0.448120165217
    ));
#996 = CARTESIAN_POINT('',(0.150533262709,-0.195992493559,0.446056527638
    ));
#997 = CARTESIAN_POINT('',(0.152793775209,-0.210238250205,0.445934461297
    ));
#998 = CARTESIAN_POINT('',(0.154741737208,-0.223759080805,0.437611532254
    ));
#999 = CARTESIAN_POINT('',(0.156467996074,-0.238390313219,0.439220366305
    ));
#1000 = CARTESIAN_POINT('',(0.15760627134,-0.25197731712,0.429865374341)
  );
#1001 = CARTESIAN_POINT('',(0.158095734226,-0.26601548463,0.423104437505
    ));
#1002 = CARTESIAN_POINT('',(0.158086414092,-0.280413026253,
    0.416641379496));
#1003 = CARTESIAN_POINT('',(0.158791352208,-0.294373684448,
    0.405374544427));
#1004 = CARTESIAN_POINT('',(0.159638851113,-0.307429150466,
    0.392843744484));
#1005 = CARTESIAN_POINT('',(0.162501479999,-0.344125043613,
    0.365237377353));
#1006 = CARTESIAN_POINT('',(0.160935171488,-0.324681606887,
    0.392357632252));
#1007 = CARTESIAN_POINT('',(0.162957067317,-0.349888040359,
    0.358940996836));
#1008 = CARTESIAN_POINT('',(0.163072022549,-0.364668231585,
    0.338859843095));
#1009 = CARTESIAN_POINT('',(0.165273164653,-0.376532727738,
    0.316761314657));
#1010 = CARTESIAN_POINT('',(0.15784947967,-0.393059555634,0.28347881104)
  );
#1011 = CARTESIAN_POINT('',(0.142993546746,-0.40603232863,0.246635398929
    ));
#1012 = CARTESIAN_POINT('',(0.124382636813,-0.419614389694,0.2178702562)
  );
#1013 = CARTESIAN_POINT('',(0.103951890419,-0.433557909602,
    0.193366435394));
#1014 = CARTESIAN_POINT('',(8.814623052232E-02,-0.446179989493,
    0.183217883124));
#1015 = CARTESIAN_POINT('',(7.441175204934E-02,-0.460110755566,
    0.174915442559));
#1016 = CARTESIAN_POINT('',(7.399022112923E-02,-0.47611688422,
    0.169748452645));
#1017 = CARTESIAN_POINT('',(7.081375333084E-02,-0.490300133826,
    0.165969205439));
#1018 = CARTESIAN_POINT('',(6.503455923035E-02,-0.504167068569,
    0.162411814017));
#1019 = CARTESIAN_POINT('',(5.776017924067E-02,-0.518319037049,
    0.163289063111));
#1020 = CARTESIAN_POINT('',(5.040612222172E-02,-0.531451491165,
    0.163452535869));
#1021 = CARTESIAN_POINT('',(3.886281393259E-02,-0.555343599492,
    0.161235311642));
#1022 = CARTESIAN_POINT('',(4.023807325308E-02,-0.552172199882,
    0.191954338204));
#1023 = CARTESIAN_POINT('',(3.437042594401E-02,-0.573134680344,
    0.21565710973));
#1024 = CARTESIAN_POINT('',(3.601664355989E-02,-0.588817449244,
    0.220682328992));
#1025 = CARTESIAN_POINT('',(4.213445131086E-02,-0.60203580362,
    0.231345575447));
#1026 = CARTESIAN_POINT('',(4.961927031413E-02,-0.615573712409,
    0.236184885964));
#1027 = CARTESIAN_POINT('',(5.497986023961E-02,-0.629896931986,
    0.237630763477));
#1028 = CARTESIAN_POINT('',(6.043763080414E-02,-0.651031302182,
    0.23833308558));
#1029 = CARTESIAN_POINT('',(-1.622360083716E-02,-0.710860891027,
    0.223593539777));
#1030 = CARTESIAN_POINT('',(0.200770046172,-0.539807621667,
    0.315296483441));
#1031 = CARTESIAN_POINT('',(4.788824540969E-02,-0.6721,0.219637709354));
#1032 = CARTESIAN_POINT('',(4.25E-02,0.6721,0.57801274324));
#1033 = CARTESIAN_POINT('',(4.300606247779E-02,0.671250621577,
    0.57845169599));
#1034 = CARTESIAN_POINT('',(4.242608937768E-02,0.641846875143,
    0.584381557473));
#1035 = CARTESIAN_POINT('',(3.800789724311E-02,0.653235465992,
    0.56519125873));
#1036 = CARTESIAN_POINT('',(5.658929160279E-02,0.629974970489,
    0.566600294939));
#1037 = CARTESIAN_POINT('',(8.135443856557E-02,0.612556785852,
    0.566785597554));
#1038 = CARTESIAN_POINT('',(9.385486018992E-02,0.600894039266,
    0.606156940319));
#1039 = CARTESIAN_POINT('',(9.11102227263E-02,0.593099537558,
    0.644164085024));
#1040 = CARTESIAN_POINT('',(0.157680371389,0.500134468,0.738982930151));
#1041 = CARTESIAN_POINT('',(0.135928540293,0.558943725446,1.007342641731
    ));
#1042 = CARTESIAN_POINT('',(6.743090158844E-02,0.609875829968,
    0.7086381696));
#1043 = CARTESIAN_POINT('',(0.175651964895,0.516920887367,0.807953373323
    ));
#1044 = CARTESIAN_POINT('',(0.15997270039,0.528502453087,0.764814855415)
  );
#1045 = CARTESIAN_POINT('',(0.169802259568,0.504381437599,0.766801644634
    ));
#1046 = CARTESIAN_POINT('',(0.20083596572,0.489023477918,0.770441199454)
  );
#1047 = CARTESIAN_POINT('',(0.236164308159,0.475597493701,0.76819804675)
  );
#1048 = CARTESIAN_POINT('',(0.274134587618,0.462540451838,0.771682509001
    ));
#1049 = CARTESIAN_POINT('',(0.311671989988,0.448816314108,0.769989463935
    ));
#1050 = CARTESIAN_POINT('',(0.33844226579,0.436876190467,0.770180341146)
  );
#1051 = CARTESIAN_POINT('',(0.3587038636,0.422388038865,0.769542188461)
  );
#1052 = CARTESIAN_POINT('',(0.355163188368,0.402622014075,0.764417078065
    ));
#1053 = CARTESIAN_POINT('',(0.354423572958,0.395251548383,0.771553663931
    ));
#1054 = CARTESIAN_POINT('',(0.3482305745,0.374606182137,0.780739978631)
  );
#1055 = CARTESIAN_POINT('',(0.345382991678,0.367263268385,0.752407671135
    ));
#1056 = CARTESIAN_POINT('',(0.337823176988,0.348356241279,0.759491255264
    ));
#1057 = CARTESIAN_POINT('',(0.333620662117,0.338218697134,0.755358146516
    ));
#1058 = CARTESIAN_POINT('',(0.327436784177,0.321881874282,0.755677765884
    ));
#1059 = CARTESIAN_POINT('',(0.323412428634,0.308237043389,0.757702378405
    ));
#1060 = CARTESIAN_POINT('',(0.320136263951,0.294095134136,0.757532463824
    ));
#1061 = CARTESIAN_POINT('',(0.32083014591,0.2797515769,0.75622557541));
#1062 = CARTESIAN_POINT('',(0.315428808998,0.265049606334,0.753036095901
    ));
#1063 = CARTESIAN_POINT('',(0.303092086578,0.250932764021,0.749820008863
    ));
#1064 = CARTESIAN_POINT('',(0.288231741234,0.237811437094,0.739788212542
    ));
#1065 = CARTESIAN_POINT('',(0.269339964568,0.223157859515,0.734579183906
    ));
#1066 = CARTESIAN_POINT('',(0.25391216177,0.211451094,0.716181104871));
#1067 = CARTESIAN_POINT('',(0.235973332166,0.196591192153,0.7167651573)
  );
#1068 = CARTESIAN_POINT('',(0.222990448197,0.182862126627,0.713954523945
    ));
#1069 = CARTESIAN_POINT('',(0.214604045424,0.168617045813,0.709057780586
    ));
#1070 = CARTESIAN_POINT('',(0.215143643362,0.153331037571,0.706210150954
    ));
#1071 = CARTESIAN_POINT('',(0.212866005975,0.140278590956,0.696105809665
    ));
#1072 = CARTESIAN_POINT('',(0.209103227594,0.125546175067,0.690781124204
    ));
#1073 = CARTESIAN_POINT('',(0.158796465185,-2.171267141497E-02,
    0.575611569471));
#1074 = CARTESIAN_POINT('',(0.24159989275,0.219358797566,0.982402789397)
  );
#1075 = CARTESIAN_POINT('',(0.15220875858,-3.824709255134E-02,
    0.71344242546));
#1076 = CARTESIAN_POINT('',(0.22487136989,0.21203229865,0.708833618796)
  );
#1077 = CARTESIAN_POINT('',(0.186784445416,5.514478939352E-02,
    0.612040710284));
#1078 = CARTESIAN_POINT('',(0.185847906129,4.162240073244E-02,
    0.598119945436));
#1079 = CARTESIAN_POINT('',(0.185604617072,-4.650981546442E-02,
    0.487286495272));
#1080 = CARTESIAN_POINT('',(0.181161218256,4.877888007683E-03,
    0.908419945703));
#1081 = CARTESIAN_POINT('',(0.194352325818,0.118589856777,0.410314161644
    ));
#1082 = CARTESIAN_POINT('',(0.182962450695,-1.41544417493E-02,
    0.393996741667));
#1083 = CARTESIAN_POINT('',(0.181559351283,-2.811992002208E-02,
    0.391754403902));
#1084 = CARTESIAN_POINT('',(0.180142389507,-4.198673242768E-02,
    0.392630939594));
#1085 = CARTESIAN_POINT('',(0.178782367433,-5.593735866524E-02,
    0.393071029796));
#1086 = CARTESIAN_POINT('',(0.177583267895,-6.951218035805E-02,
    0.392119463933));
#1087 = CARTESIAN_POINT('',(0.176439661861,-8.74371776811E-02,
    0.393993372698));
#1088 = CARTESIAN_POINT('',(0.176149438142,-9.463809312577E-02,
    0.385876822444));
#1089 = CARTESIAN_POINT('',(0.175875613831,-0.112323536623,
    0.386656295844));
#1090 = CARTESIAN_POINT('',(0.176678456145,-0.125950904737,
    0.386464403861));
#1091 = CARTESIAN_POINT('',(0.178220449089,-0.140067995073,
    0.386547189032));
#1092 = CARTESIAN_POINT('',(0.180361677728,-0.154035141309,
    0.386407651691));
#1093 = CARTESIAN_POINT('',(0.182926371386,-0.16806232443,0.386885050498
    ));
#1094 = CARTESIAN_POINT('',(0.185731179477,-0.182036699034,
    0.385106177568));
#1095 = CARTESIAN_POINT('',(0.188609008103,-0.195992493559,
    0.383518863236));
#1096 = CARTESIAN_POINT('',(0.191441292562,-0.210238250205,0.38342488169
    ));
#1097 = CARTESIAN_POINT('',(0.193881970282,-0.223759080805,
    0.377022313767));
#1098 = CARTESIAN_POINT('',(0.196044867482,-0.238390313219,
    0.378259606891));
#1099 = CARTESIAN_POINT('',(0.19747105705,-0.25197731712,0.371064328444)
  );
#1100 = CARTESIAN_POINT('',(0.198084324227,-0.26601548463,0.365858219249
    ));
#1101 = CARTESIAN_POINT('',(0.198072646677,-0.280413026253,
    0.360905430019));
#1102 = CARTESIAN_POINT('',(0.198955891154,-0.294373684448,
    0.352162352777));
#1103 = CARTESIAN_POINT('',(0.200017755807,-0.307429150466,
    0.342813780257));
#1104 = CARTESIAN_POINT('',(0.203604454135,-0.344125043613,
    0.319124451943));
#1105 = CARTESIAN_POINT('',(0.20164198436,-0.324681606886,0.377013455461
    ));
#1106 = CARTESIAN_POINT('',(0.204175254003,-0.349888040359,
    0.331974734081));
#1107 = CARTESIAN_POINT('',(0.2043193964,-0.364668231585,0.311049831799)
  );
#1108 = CARTESIAN_POINT('',(0.207076883888,-0.376532727738,
    0.286831995659));
#1109 = CARTESIAN_POINT('',(0.197776835902,-0.393059555634,
    0.257672442687));
#1110 = CARTESIAN_POINT('',(0.17915777606,-0.40603232863,0.230345269299)
  );
#1111 = CARTESIAN_POINT('',(0.155841451888,-0.419614389694,
    0.207852208173));
#1112 = CARTESIAN_POINT('',(0.130243020979,-0.433557909603,
    0.189382562234));
#1113 = CARTESIAN_POINT('',(0.11043993138,-0.446179989493,0.177854749296
    ));
#1114 = CARTESIAN_POINT('',(9.323175150149E-02,-0.460110755566,
    0.169814438595));
#1115 = CARTESIAN_POINT('',(9.270361149977E-02,-0.47611688422,
    0.164598326376));
#1116 = CARTESIAN_POINT('',(8.872375997902E-02,-0.490300133826,
    0.160829802741));
#1117 = CARTESIAN_POINT('',(8.148290927612E-02,-0.504167068569,
    0.157274404367));
#1118 = CARTESIAN_POINT('',(7.236871437275E-02,-0.518319037048,
    0.158132065946));
#1119 = CARTESIAN_POINT('',(6.315469083038E-02,-0.531451491165,
    0.158372705569));
#1120 = CARTESIAN_POINT('',(4.869188288479E-02,-0.555343599489,
    0.15574102856));
#1121 = CARTESIAN_POINT('',(5.04149685529E-02,-0.552172199907,
    0.189400244612));
#1122 = CARTESIAN_POINT('',(4.306329355261E-02,-0.573134680306,
    0.206070750278));
#1123 = CARTESIAN_POINT('',(4.512586651119E-02,-0.58881744937,
    0.210201223079));
#1124 = CARTESIAN_POINT('',(5.279097693593E-02,-0.6020358031,
    0.218319145094));
#1125 = CARTESIAN_POINT('',(6.216881702374E-02,-0.615573714291,
    0.222110094785));
#1126 = CARTESIAN_POINT('',(6.888525148324E-02,-0.629896925601,
    0.223050007544));
#1127 = CARTESIAN_POINT('',(7.572305204368E-02,-0.651031341841,
    0.224525107436));
#1128 = CARTESIAN_POINT('',(-2.032319702068E-02,-0.710860389684,
    0.202221268918));
#1129 = CARTESIAN_POINT('',(0.251539872358,-0.539808774422,
    0.357897322264));
#1130 = CARTESIAN_POINT('',(6.E-02,-0.6721,0.209338711917));
#1131 = CARTESIAN_POINT('',(4.25E-02,0.6721,0.552885));
#1132 = CARTESIAN_POINT('',(4.300606247779E-02,0.671250621577,
    0.552860206171));
#1133 = CARTESIAN_POINT('',(4.242608937768E-02,0.641846875143,
    0.552000448175));
#1134 = CARTESIAN_POINT('',(3.800789724311E-02,0.653235465992,
    0.523801999874));
#1135 = CARTESIAN_POINT('',(5.658929160279E-02,0.629974970489,
    0.517782697648));
#1136 = CARTESIAN_POINT('',(8.135443856557E-02,0.612556785852,
    0.516372715701));
#1137 = CARTESIAN_POINT('',(9.385486018992E-02,0.600894039266,
    0.543774031095));
#1138 = CARTESIAN_POINT('',(9.11102227263E-02,0.593099537558,
    0.570042180649));
#1139 = CARTESIAN_POINT('',(0.157680371389,0.500134468,0.641130982619));
#1140 = CARTESIAN_POINT('',(0.135928540293,0.558943725446,1.065133748951
    ));
#1141 = CARTESIAN_POINT('',(6.743090158843E-02,0.609875829967,
    0.601093813117));
#1142 = CARTESIAN_POINT('',(0.175651964895,0.516920887367,0.69742435447)
  );
#1143 = CARTESIAN_POINT('',(0.15997270039,0.528502453087,0.634103633061)
  );
#1144 = CARTESIAN_POINT('',(0.169802259568,0.504381437599,0.619442155158
    ));
#1145 = CARTESIAN_POINT('',(0.20083596572,0.489023477918,0.615392836181)
  );
#1146 = CARTESIAN_POINT('',(0.236164308159,0.475597493701,0.60979152035)
  );
#1147 = CARTESIAN_POINT('',(0.274134587618,0.462540451838,0.608078814329
    ));
#1148 = CARTESIAN_POINT('',(0.311671989988,0.448816314108,0.604522223834
    ));
#1149 = CARTESIAN_POINT('',(0.33844226579,0.436876190467,0.599232630666)
  );
#1150 = CARTESIAN_POINT('',(0.3587038636,0.422388038865,0.596679189289)
  );
#1151 = CARTESIAN_POINT('',(0.355163188368,0.402622014075,0.587660095665
    ));
#1152 = CARTESIAN_POINT('',(0.354423572958,0.395251548383,0.601641786615
    ));
#1153 = CARTESIAN_POINT('',(0.3482305745,0.374606182137,0.612262467759)
  );
#1154 = CARTESIAN_POINT('',(0.345382991678,0.367263268385,0.586342878944
    ));
#1155 = CARTESIAN_POINT('',(0.337823176988,0.348356241279,0.589497192157
    ));
#1156 = CARTESIAN_POINT('',(0.333620662117,0.338218697134,0.580135491985
    ));
#1157 = CARTESIAN_POINT('',(0.327436784177,0.321881874282,0.58180235319)
  );
#1158 = CARTESIAN_POINT('',(0.323412428634,0.308237043389,0.582867946167
    ));
#1159 = CARTESIAN_POINT('',(0.320136263951,0.294095134136,0.582841163983
    ));
#1160 = CARTESIAN_POINT('',(0.32083014591,0.2797515769,0.581901650899));
#1161 = CARTESIAN_POINT('',(0.315428808998,0.265049606334,0.579675802128
    ));
#1162 = CARTESIAN_POINT('',(0.303092086578,0.250932764021,0.577422016066
    ));
#1163 = CARTESIAN_POINT('',(0.288231741234,0.237811437094,0.570399646182
    ));
#1164 = CARTESIAN_POINT('',(0.269339964568,0.223157859515,0.566752653117
    ));
#1165 = CARTESIAN_POINT('',(0.25391216177,0.211451094,0.553872550958));
#1166 = CARTESIAN_POINT('',(0.235973332166,0.196591192153,0.554281282073
    ));
#1167 = CARTESIAN_POINT('',(0.222990448197,0.182862126627,0.552314047918
    ));
#1168 = CARTESIAN_POINT('',(0.214604045424,0.168617045813,0.548884490548
    ));
#1169 = CARTESIAN_POINT('',(0.215143643362,0.153331037571,0.546895871629
    ));
#1170 = CARTESIAN_POINT('',(0.212866005975,0.140278590956,0.539802492068
    ));
#1171 = CARTESIAN_POINT('',(0.209103227594,0.125546175067,0.536149115009
    ));
#1172 = CARTESIAN_POINT('',(0.158796465185,-2.171267141497E-02,
    0.452414500832));
#1173 = CARTESIAN_POINT('',(0.24159989275,0.219358797566,0.955495241791)
  );
#1174 = CARTESIAN_POINT('',(0.15220875858,-3.82470925513E-02,
    0.728330400629));
#1175 = CARTESIAN_POINT('',(0.22487136989,0.21203229865,0.546534387216)
  );
#1176 = CARTESIAN_POINT('',(0.186784445416,5.514478939352E-02,
    0.480997513923));
#1177 = CARTESIAN_POINT('',(0.185847906129,4.162240073244E-02,
    0.471307444543));
#1178 = CARTESIAN_POINT('',(0.185604617072,-4.650981546442E-02,
    0.390525177678));
#1179 = CARTESIAN_POINT('',(0.181161218256,4.877888007682E-03,
    0.949866589619));
#1180 = CARTESIAN_POINT('',(0.194352325818,0.118589856777,0.333488403824
    ));
#1181 = CARTESIAN_POINT('',(0.182962450695,-1.41544417493E-02,
    0.328836962495));
#1182 = CARTESIAN_POINT('',(0.181559351283,-2.811992002208E-02,
    0.328364108206));
#1183 = CARTESIAN_POINT('',(0.180142389507,-4.198673242768E-02,
    0.330812741053));
#1184 = CARTESIAN_POINT('',(0.178782367433,-5.593735866524E-02,
    0.33300114788));
#1185 = CARTESIAN_POINT('',(0.177583267895,-6.951218035804E-02,
    0.333287105552));
#1186 = CARTESIAN_POINT('',(0.176439661861,-8.74371776811E-02,
    0.336010222394));
#1187 = CARTESIAN_POINT('',(0.176149438142,-9.463809312577E-02,
    0.322000639238));
#1188 = CARTESIAN_POINT('',(0.175875613831,-0.112323536623,
    0.323321141943));
#1189 = CARTESIAN_POINT('',(0.176678456145,-0.125950904737,
    0.323004363795));
#1190 = CARTESIAN_POINT('',(0.178220449089,-0.140067995073,0.32311129599
    ));
#1191 = CARTESIAN_POINT('',(0.180361677728,-0.154035141309,
    0.323000424323));
#1192 = CARTESIAN_POINT('',(0.182926371386,-0.16806232443,0.323338194382
    ));
#1193 = CARTESIAN_POINT('',(0.185731179477,-0.182036699034,
    0.322091874079));
#1194 = CARTESIAN_POINT('',(0.188609008103,-0.195992493559,
    0.320980885383));
#1195 = CARTESIAN_POINT('',(0.191441292562,-0.210238250205,
    0.320914988771));
#1196 = CARTESIAN_POINT('',(0.193881970282,-0.223759080805,
    0.316432791595));
#1197 = CARTESIAN_POINT('',(0.196044867482,-0.238390313219,
    0.317298541929));
#1198 = CARTESIAN_POINT('',(0.19747105705,-0.25197731712,0.312262987824)
  );
#1199 = CARTESIAN_POINT('',(0.198084324227,-0.26601548463,0.308611714064
    ));
#1200 = CARTESIAN_POINT('',(0.198072646677,-0.280413026253,
    0.305169201181));
#1201 = CARTESIAN_POINT('',(0.198955891154,-0.294373684448,
    0.298949894423));
#1202 = CARTESIAN_POINT('',(0.200017755807,-0.307429150466,
    0.292783565247));
#1203 = CARTESIAN_POINT('',(0.203604454135,-0.344125043613,
    0.273011295623));
#1204 = CARTESIAN_POINT('',(0.20164198436,-0.324681606886,0.361669198357
    ));
#1205 = CARTESIAN_POINT('',(0.204175254003,-0.349888040359,
    0.305008340736));
#1206 = CARTESIAN_POINT('',(0.2043193964,-0.364668231585,0.28323966503)
  );
#1207 = CARTESIAN_POINT('',(0.207076883888,-0.376532727738,
    0.256902587103));
#1208 = CARTESIAN_POINT('',(0.197776835902,-0.393059555634,
    0.231865748051));
#1209 = CARTESIAN_POINT('',(0.17915777606,-0.40603232863,0.214055885523)
  );
#1210 = CARTESIAN_POINT('',(0.155841451888,-0.419614389694,
    0.197834363502));
#1211 = CARTESIAN_POINT('',(0.130243020979,-0.433557909603,
    0.185398817165));
#1212 = CARTESIAN_POINT('',(0.11043993138,-0.446179989493,0.172491760761
    ));
#1213 = CARTESIAN_POINT('',(9.323175150149E-02,-0.460110755566,
    0.164713576657));
#1214 = CARTESIAN_POINT('',(9.270361149978E-02,-0.47611688422,
    0.159448342739));
#1215 = CARTESIAN_POINT('',(8.8723759979E-02,-0.490300133826,
    0.155690542563));
#1216 = CARTESIAN_POINT('',(8.148290927621E-02,-0.504167068569,
    0.152137137131));
#1217 = CARTESIAN_POINT('',(7.236871437241E-02,-0.518319037048,
    0.152975211752));
#1218 = CARTESIAN_POINT('',(6.315469083164E-02,-0.531451491165,
    0.153293016096));
#1219 = CARTESIAN_POINT('',(4.869188287751E-02,-0.55534359949,
    0.150246897797));
#1220 = CARTESIAN_POINT('',(5.04149686062E-02,-0.552172199896,
    0.186846221815));
#1221 = CARTESIAN_POINT('',(4.306329347308E-02,-0.573134680322,
    0.196484656606));
#1222 = CARTESIAN_POINT('',(4.512586677579E-02,-0.588817449316,
    0.199720407677));
#1223 = CARTESIAN_POINT('',(5.27909758464E-02,-0.602035803323,
    0.205293076103));
#1224 = CARTESIAN_POINT('',(6.216882096662E-02,-0.615573713484,
    0.208035692971));
#1225 = CARTESIAN_POINT('',(6.888523810373E-02,-0.629896928337,
    0.208469658657));
#1226 = CARTESIAN_POINT('',(7.572313513863E-02,-0.651031324844,
    0.21071749456));
#1227 = CARTESIAN_POINT('',(-2.032424745465E-02,-0.710860604545,
    0.180849812197));
#1228 = CARTESIAN_POINT('',(0.251542287654,-0.539808280384,
    0.400496470456));
#1229 = CARTESIAN_POINT('',(6.E-02,-0.6721,0.19904));
#1230 = DEFINITIONAL_REPRESENTATION('',(#1231),#1235);
#1231 = LINE('',#1232,#1233);
#1232 = CARTESIAN_POINT('',(0.,0.));
#1233 = VECTOR('',#1234,1.);
#1234 = DIRECTION('',(1.,0.));
#1235 = ( GEOMETRIC_REPRESENTATION_CONTEXT(2) 
PARAMETRIC_REPRESENTATION_CONTEXT() REPRESENTATION_CONTEXT('2D SPACE',''
  ) );
#1236 = PCURVE('',#1237,#1242);
#1237 = PLANE('',#1238);
#1238 = AXIS2_PLACEMENT_3D('',#1239,#1240,#1241);
#1239 = CARTESIAN_POINT('',(-1.040834085586E-17,0.6721,0.49423));
#1240 = DIRECTION('',(9.726760475938E-15,1.,4.309035794864E-15));
#1241 = DIRECTION('',(-5.17532711288E-02,-3.799869590479E-15,
    0.998659901532));
#1242 = DEFINITIONAL_REPRESENTATION('',(#1243),#1256);
#1243 = B_SPLINE_CURVE_WITH_KNOTS('',11,(#1244,#1245,#1246,#1247,#1248,
    #1249,#1250,#1251,#1252,#1253,#1254,#1255),.UNSPECIFIED.,.F.,.F.,(12
    ,12),(0.,1.),.PIECEWISE_BEZIER_KNOTS.);
#1244 = CARTESIAN_POINT('',(0.,0.));
#1245 = CARTESIAN_POINT('',(9.422696040286E-04,-1.818255830846E-02));
#1246 = CARTESIAN_POINT('',(1.370894765606E-02,-3.575284906833E-02));
#1247 = CARTESIAN_POINT('',(3.807493928331E-02,-4.822017058936E-02));
#1248 = CARTESIAN_POINT('',(7.013134716416E-02,-5.130286429763E-02));
#1249 = CARTESIAN_POINT('',(0.102515783478,-4.26381448931E-02));
#1250 = CARTESIAN_POINT('',(0.126133722942,-2.358580330389E-02));
#1251 = CARTESIAN_POINT('',(0.134520469899,6.391589608841E-04));
#1252 = CARTESIAN_POINT('',(0.126796309928,2.335041931542E-02));
#1253 = CARTESIAN_POINT('',(0.107009716953,3.9511893221E-02));
#1254 = CARTESIAN_POINT('',(8.147095209156E-02,4.677907684194E-02));
#1255 = CARTESIAN_POINT('',(5.637688250137E-02,4.547863393316E-02));
#1256 = ( GEOMETRIC_REPRESENTATION_CONTEXT(2) 
PARAMETRIC_REPRESENTATION_CONTEXT() REPRESENTATION_CONTEXT('2D SPACE',''
  ) );
#1257 = ORIENTED_EDGE('',*,*,#1258,.T.);
#1258 = EDGE_CURVE('',#24,#1259,#1261,.T.);
#1259 = VERTEX_POINT('',#1260);
#1260 = CARTESIAN_POINT('',(6.E-02,-0.6721,0.19904));
#1261 = SURFACE_CURVE('',#1262,(#1362,#1369),.PCURVE_S1.);
#1262 = ( BOUNDED_CURVE() B_SPLINE_CURVE(3,(#1263,#1264,#1265,#1266,
    #1267,#1268,#1269,#1270,#1271,#1272,#1273,#1274,#1275,#1276,#1277,
    #1278,#1279,#1280,#1281,#1282,#1283,#1284,#1285,#1286,#1287,#1288,
    #1289,#1290,#1291,#1292,#1293,#1294,#1295,#1296,#1297,#1298,#1299,
    #1300,#1301,#1302,#1303,#1304,#1305,#1306,#1307,#1308,#1309,#1310,
    #1311,#1312,#1313,#1314,#1315,#1316,#1317,#1318,#1319,#1320,#1321,
    #1322,#1323,#1324,#1325,#1326,#1327,#1328,#1329,#1330,#1331,#1332,
    #1333,#1334,#1335,#1336,#1337,#1338,#1339,#1340,#1341,#1342,#1343,
    #1344,#1345,#1346,#1347,#1348,#1349,#1350,#1351,#1352,#1353,#1354,
    #1355,#1356,#1357,#1358,#1359,#1360,#1361),.UNSPECIFIED.,.F.,.F.) 
B_SPLINE_CURVE_WITH_KNOTS((4,1,1,1,1,1,1,1,1,1,1,1,1,1,1,1,1,1,1,1,1,1,1
    ,1,1,1,1,1,1,1,1,1,1,1,1,1,1,1,1,1,1,1,1,1,1,1,1,1,1,1,1,1,1,1,1,1,1
    ,1,1,1,1,1,1,1,1,1,1,1,1,1,1,1,1,1,1,1,1,1,1,1,1,1,1,1,1,1,1,1,1,1,1
    ,1,1,1,1,1,4),(0.,3.964199383645E-03,1.480867662088E-02,
    1.994295990004E-02,2.487899201502E-02,3.256550029682E-02,
    4.122366157123E-02,4.626103475672E-02,0.122036701044,0.189509962234,
    0.194800344871,0.213392566997,0.220987053106,0.227915625281,
    0.235864763276,0.2443634092,0.252399910285,0.259330873465,
    0.263978011315,0.267629592178,0.272677156627,0.276542396701,
    0.281760056861,0.285676663628,0.290095749161,0.293625343957,
    0.297118727761,0.300551258603,0.303959343749,0.30752094778,
    0.311590039787,0.316310991941,0.321304650897,0.326736294803,
    0.331346381603,0.335536138265,0.339272638404,0.342760167618,
    0.346504704717,0.350193396821,0.354123766593,0.468480105573,
    0.473049667868,0.588231397832,0.59210994684,0.596364773948,
    0.600938190602,0.676662728976,0.765246802361,0.768692387546,
    0.772177858116,0.77572207327,0.779265446369,0.782731223381,
    0.786130046112,0.790911822435,0.794322817398,0.797720108192,
    0.801126402318,0.804543825253,0.807971319698,0.811415049574,
    0.814860970332,0.818304211287,0.821814966026,0.825240655447,
    0.828795505585,0.832342225679,0.835887134227,0.839614112058,
    0.84345625707,0.847188883285,0.865700809371,0.873438278384,
    0.880464724184,0.887922264576,0.894286011708,0.901304900218,
    0.908388787085,0.915063605666,0.921132609245,0.925767363775,
    0.929397796296,0.932991860735,0.936698352459,0.940477557659,
    0.944304604293,0.948078358785,0.956979737792,0.961128646619,
    0.964688256679,0.968555854553,0.97241233621,0.976040773342,
0.97943716713,0.98920757987,1.),.UNSPECIFIED.) CURVE() 
GEOMETRIC_REPRESENTATION_ITEM() RATIONAL_B_SPLINE_CURVE((1.,
    0.992242318948,1.010353982689,0.998303700748,1.000291367976,
    0.999874634805,1.000045677512,0.999993539763,1.000025289887,
    0.999989410891,1.000000155182,0.999999969222,1.000000004562,
    0.999999999321,1.000000000203,0.999999999938,1.000000000016,
    0.999999999996,1.000000000001,1.,1.,1.,1.,1.,1.,1.,1.,1.,1.,1.,1.,1.
    ,1.,1.,1.,1.,1.,1.,1.,1.,1.,1.,1.,1.,1.,1.,1.,1.,1.,1.,1.,1.,1.,1.,
    1.,1.,1.,1.,1.,1.,1.,1.,1.,1.,1.,1.,1.,1.,1.,1.,1.,1.,1.,1.,1.,1.,1.
    ,1.,1.,1.,1.,1.,1.,1.,1.,1.,1.,1.,1.,1.,0.999999999999,
    1.000000000002,0.999999999991,1.000000000031,0.999999999895,
    1.000000000652,0.999999991761,1.000000018944,1.)) 
REPRESENTATION_ITEM('') );
#1263 = CARTESIAN_POINT('',(4.25E-02,0.6721,0.552885));
#1264 = CARTESIAN_POINT('',(4.300606247779E-02,0.671250621577,
    0.552860206171));
#1265 = CARTESIAN_POINT('',(4.242608937768E-02,0.641846875143,
    0.552000448175));
#1266 = CARTESIAN_POINT('',(3.800789724311E-02,0.653235465992,
    0.523801999874));
#1267 = CARTESIAN_POINT('',(5.658929160279E-02,0.629974970489,
    0.517782697648));
#1268 = CARTESIAN_POINT('',(8.135443856557E-02,0.612556785852,
    0.516372715701));
#1269 = CARTESIAN_POINT('',(9.385486018992E-02,0.600894039266,
    0.543774031095));
#1270 = CARTESIAN_POINT('',(9.11102227263E-02,0.593099537558,
    0.570042180649));
#1271 = CARTESIAN_POINT('',(0.157680371389,0.500134468,0.641130982619));
#1272 = CARTESIAN_POINT('',(0.135928540293,0.558943725446,1.065133748951
    ));
#1273 = CARTESIAN_POINT('',(6.743090158843E-02,0.609875829967,
    0.601093813117));
#1274 = CARTESIAN_POINT('',(0.175651964895,0.516920887367,0.69742435447)
  );
#1275 = CARTESIAN_POINT('',(0.15997270039,0.528502453087,0.634103633061)
  );
#1276 = CARTESIAN_POINT('',(0.169802259568,0.504381437599,0.619442155158
    ));
#1277 = CARTESIAN_POINT('',(0.20083596572,0.489023477918,0.615392836181)
  );
#1278 = CARTESIAN_POINT('',(0.236164308159,0.475597493701,0.60979152035)
  );
#1279 = CARTESIAN_POINT('',(0.274134587618,0.462540451838,0.608078814329
    ));
#1280 = CARTESIAN_POINT('',(0.311671989988,0.448816314108,0.604522223834
    ));
#1281 = CARTESIAN_POINT('',(0.33844226579,0.436876190467,0.599232630666)
  );
#1282 = CARTESIAN_POINT('',(0.3587038636,0.422388038865,0.596679189289)
  );
#1283 = CARTESIAN_POINT('',(0.355163188368,0.402622014075,0.587660095665
    ));
#1284 = CARTESIAN_POINT('',(0.354423572958,0.395251548383,0.601641786615
    ));
#1285 = CARTESIAN_POINT('',(0.3482305745,0.374606182137,0.612262467759)
  );
#1286 = CARTESIAN_POINT('',(0.345382991678,0.367263268385,0.586342878944
    ));
#1287 = CARTESIAN_POINT('',(0.337823176988,0.348356241279,0.589497192157
    ));
#1288 = CARTESIAN_POINT('',(0.333620662117,0.338218697134,0.580135491985
    ));
#1289 = CARTESIAN_POINT('',(0.327436784177,0.321881874282,0.58180235319)
  );
#1290 = CARTESIAN_POINT('',(0.323412428634,0.308237043389,0.582867946167
    ));
#1291 = CARTESIAN_POINT('',(0.320136263951,0.294095134136,0.582841163983
    ));
#1292 = CARTESIAN_POINT('',(0.32083014591,0.2797515769,0.581901650899));
#1293 = CARTESIAN_POINT('',(0.315428808998,0.265049606334,0.579675802128
    ));
#1294 = CARTESIAN_POINT('',(0.303092086578,0.250932764021,0.577422016066
    ));
#1295 = CARTESIAN_POINT('',(0.288231741234,0.237811437094,0.570399646182
    ));
#1296 = CARTESIAN_POINT('',(0.269339964568,0.223157859515,0.566752653117
    ));
#1297 = CARTESIAN_POINT('',(0.25391216177,0.211451094,0.553872550958));
#1298 = CARTESIAN_POINT('',(0.235973332166,0.196591192153,0.554281282073
    ));
#1299 = CARTESIAN_POINT('',(0.222990448197,0.182862126627,0.552314047918
    ));
#1300 = CARTESIAN_POINT('',(0.214604045424,0.168617045813,0.548884490548
    ));
#1301 = CARTESIAN_POINT('',(0.215143643362,0.153331037571,0.546895871629
    ));
#1302 = CARTESIAN_POINT('',(0.212866005975,0.140278590956,0.539802492068
    ));
#1303 = CARTESIAN_POINT('',(0.209103227594,0.125546175067,0.536149115009
    ));
#1304 = CARTESIAN_POINT('',(0.158796465185,-2.171267141497E-02,
    0.452414500832));
#1305 = CARTESIAN_POINT('',(0.24159989275,0.219358797566,0.955495241791)
  );
#1306 = CARTESIAN_POINT('',(0.15220875858,-3.82470925513E-02,
    0.728330400629));
#1307 = CARTESIAN_POINT('',(0.22487136989,0.21203229865,0.546534387216)
  );
#1308 = CARTESIAN_POINT('',(0.186784445416,5.514478939352E-02,
    0.480997513923));
#1309 = CARTESIAN_POINT('',(0.185847906129,4.162240073244E-02,
    0.471307444543));
#1310 = CARTESIAN_POINT('',(0.185604617072,-4.650981546442E-02,
    0.390525177678));
#1311 = CARTESIAN_POINT('',(0.181161218256,4.877888007682E-03,
    0.949866589619));
#1312 = CARTESIAN_POINT('',(0.194352325818,0.118589856777,0.333488403824
    ));
#1313 = CARTESIAN_POINT('',(0.182962450695,-1.41544417493E-02,
    0.328836962495));
#1314 = CARTESIAN_POINT('',(0.181559351283,-2.811992002208E-02,
    0.328364108206));
#1315 = CARTESIAN_POINT('',(0.180142389507,-4.198673242768E-02,
    0.330812741053));
#1316 = CARTESIAN_POINT('',(0.178782367433,-5.593735866524E-02,
    0.33300114788));
#1317 = CARTESIAN_POINT('',(0.177583267895,-6.951218035804E-02,
    0.333287105552));
#1318 = CARTESIAN_POINT('',(0.176439661861,-8.74371776811E-02,
    0.336010222394));
#1319 = CARTESIAN_POINT('',(0.176149438142,-9.463809312577E-02,
    0.322000639238));
#1320 = CARTESIAN_POINT('',(0.175875613831,-0.112323536623,
    0.323321141943));
#1321 = CARTESIAN_POINT('',(0.176678456145,-0.125950904737,
    0.323004363795));
#1322 = CARTESIAN_POINT('',(0.178220449089,-0.140067995073,0.32311129599
    ));
#1323 = CARTESIAN_POINT('',(0.180361677728,-0.154035141309,
    0.323000424323));
#1324 = CARTESIAN_POINT('',(0.182926371386,-0.16806232443,0.323338194382
    ));
#1325 = CARTESIAN_POINT('',(0.185731179477,-0.182036699034,
    0.322091874079));
#1326 = CARTESIAN_POINT('',(0.188609008103,-0.195992493559,
    0.320980885383));
#1327 = CARTESIAN_POINT('',(0.191441292562,-0.210238250205,
    0.320914988771));
#1328 = CARTESIAN_POINT('',(0.193881970282,-0.223759080805,
    0.316432791595));
#1329 = CARTESIAN_POINT('',(0.196044867482,-0.238390313219,
    0.317298541929));
#1330 = CARTESIAN_POINT('',(0.19747105705,-0.25197731712,0.312262987824)
  );
#1331 = CARTESIAN_POINT('',(0.198084324227,-0.26601548463,0.308611714064
    ));
#1332 = CARTESIAN_POINT('',(0.198072646677,-0.280413026253,
    0.305169201181));
#1333 = CARTESIAN_POINT('',(0.198955891154,-0.294373684448,
    0.298949894423));
#1334 = CARTESIAN_POINT('',(0.200017755807,-0.307429150466,
    0.292783565247));
#1335 = CARTESIAN_POINT('',(0.203604454135,-0.344125043613,
    0.273011295623));
#1336 = CARTESIAN_POINT('',(0.20164198436,-0.324681606886,0.361669198357
    ));
#1337 = CARTESIAN_POINT('',(0.204175254003,-0.349888040359,
    0.305008340736));
#1338 = CARTESIAN_POINT('',(0.2043193964,-0.364668231585,0.28323966503)
  );
#1339 = CARTESIAN_POINT('',(0.207076883888,-0.376532727738,
    0.256902587103));
#1340 = CARTESIAN_POINT('',(0.197776835902,-0.393059555634,
    0.231865748051));
#1341 = CARTESIAN_POINT('',(0.17915777606,-0.40603232863,0.214055885523)
  );
#1342 = CARTESIAN_POINT('',(0.155841451888,-0.419614389694,
    0.197834363502));
#1343 = CARTESIAN_POINT('',(0.130243020979,-0.433557909603,
    0.185398817165));
#1344 = CARTESIAN_POINT('',(0.11043993138,-0.446179989493,0.172491760761
    ));
#1345 = CARTESIAN_POINT('',(9.323175150149E-02,-0.460110755566,
    0.164713576657));
#1346 = CARTESIAN_POINT('',(9.270361149978E-02,-0.47611688422,
    0.159448342739));
#1347 = CARTESIAN_POINT('',(8.8723759979E-02,-0.490300133826,
    0.155690542563));
#1348 = CARTESIAN_POINT('',(8.148290927621E-02,-0.504167068569,
    0.152137137131));
#1349 = CARTESIAN_POINT('',(7.236871437241E-02,-0.518319037048,
    0.152975211752));
#1350 = CARTESIAN_POINT('',(6.315469083164E-02,-0.531451491165,
    0.153293016096));
#1351 = CARTESIAN_POINT('',(4.869188287751E-02,-0.55534359949,
    0.150246897797));
#1352 = CARTESIAN_POINT('',(5.04149686062E-02,-0.552172199896,
    0.186846221815));
#1353 = CARTESIAN_POINT('',(4.306329347308E-02,-0.573134680322,
    0.196484656606));
#1354 = CARTESIAN_POINT('',(4.512586677579E-02,-0.588817449316,
    0.199720407677));
#1355 = CARTESIAN_POINT('',(5.27909758464E-02,-0.602035803323,
    0.205293076103));
#1356 = CARTESIAN_POINT('',(6.216882096662E-02,-0.615573713484,
    0.208035692971));
#1357 = CARTESIAN_POINT('',(6.888523810373E-02,-0.629896928337,
    0.208469658657));
#1358 = CARTESIAN_POINT('',(7.572313513863E-02,-0.651031324844,
    0.21071749456));
#1359 = CARTESIAN_POINT('',(-2.032424745465E-02,-0.710860604545,
    0.180849812197));
#1360 = CARTESIAN_POINT('',(0.251542287654,-0.539808280384,
    0.400496470456));
#1361 = CARTESIAN_POINT('',(6.E-02,-0.6721,0.19904));
#1362 = PCURVE('',#41,#1363);
#1363 = DEFINITIONAL_REPRESENTATION('',(#1364),#1368);
#1364 = LINE('',#1365,#1366);
#1365 = CARTESIAN_POINT('',(1.,0.));
#1366 = VECTOR('',#1367,1.);
#1367 = DIRECTION('',(0.,1.));
#1368 = ( GEOMETRIC_REPRESENTATION_CONTEXT(2) 
PARAMETRIC_REPRESENTATION_CONTEXT() REPRESENTATION_CONTEXT('2D SPACE',''
  ) );
#1369 = PCURVE('',#1370,#2559);
#1370 = ( BOUNDED_SURFACE() B_SPLINE_SURFACE(11,3,(
    (#1371,#1372,#1373,#1374,#1375,#1376,#1377,#1378,#1379,#1380,#1381
      ,#1382,#1383,#1384,#1385,#1386,#1387,#1388,#1389,#1390,#1391,#1392
      ,#1393,#1394,#1395,#1396,#1397,#1398,#1399,#1400,#1401,#1402,#1403
      ,#1404,#1405,#1406,#1407,#1408,#1409,#1410,#1411,#1412,#1413,#1414
      ,#1415,#1416,#1417,#1418,#1419,#1420,#1421,#1422,#1423,#1424,#1425
      ,#1426,#1427,#1428,#1429,#1430,#1431,#1432,#1433,#1434,#1435,#1436
      ,#1437,#1438,#1439,#1440,#1441,#1442,#1443,#1444,#1445,#1446,#1447
      ,#1448,#1449,#1450,#1451,#1452,#1453,#1454,#1455,#1456,#1457,#1458
      ,#1459,#1460,#1461,#1462,#1463,#1464,#1465,#1466,#1467,#1468,#1469
      )
    ,(#1470,#1471,#1472,#1473,#1474,#1475,#1476,#1477,#1478,#1479,#1480
      ,#1481,#1482,#1483,#1484,#1485,#1486,#1487,#1488,#1489,#1490,#1491
      ,#1492,#1493,#1494,#1495,#1496,#1497,#1498,#1499,#1500,#1501,#1502
      ,#1503,#1504,#1505,#1506,#1507,#1508,#1509,#1510,#1511,#1512,#1513
      ,#1514,#1515,#1516,#1517,#1518,#1519,#1520,#1521,#1522,#1523,#1524
      ,#1525,#1526,#1527,#1528,#1529,#1530,#1531,#1532,#1533,#1534,#1535
      ,#1536,#1537,#1538,#1539,#1540,#1541,#1542,#1543,#1544,#1545,#1546
      ,#1547,#1548,#1549,#1550,#1551,#1552,#1553,#1554,#1555,#1556,#1557
      ,#1558,#1559,#1560,#1561,#1562,#1563,#1564,#1565,#1566,#1567,#1568
      )
    ,(#1569,#1570,#1571,#1572,#1573,#1574,#1575,#1576,#1577,#1578,#1579
      ,#1580,#1581,#1582,#1583,#1584,#1585,#1586,#1587,#1588,#1589,#1590
      ,#1591,#1592,#1593,#1594,#1595,#1596,#1597,#1598,#1599,#1600,#1601
      ,#1602,#1603,#1604,#1605,#1606,#1607,#1608,#1609,#1610,#1611,#1612
      ,#1613,#1614,#1615,#1616,#1617,#1618,#1619,#1620,#1621,#1622,#1623
      ,#1624,#1625,#1626,#1627,#1628,#1629,#1630,#1631,#1632,#1633,#1634
      ,#1635,#1636,#1637,#1638,#1639,#1640,#1641,#1642,#1643,#1644,#1645
      ,#1646,#1647,#1648,#1649,#1650,#1651,#1652,#1653,#1654,#1655,#1656
      ,#1657,#1658,#1659,#1660,#1661,#1662,#1663,#1664,#1665,#1666,#1667
      )
    ,(#1668,#1669,#1670,#1671,#1672,#1673,#1674,#1675,#1676,#1677,#1678
      ,#1679,#1680,#1681,#1682,#1683,#1684,#1685,#1686,#1687,#1688,#1689
      ,#1690,#1691,#1692,#1693,#1694,#1695,#1696,#1697,#1698,#1699,#1700
      ,#1701,#1702,#1703,#1704,#1705,#1706,#1707,#1708,#1709,#1710,#1711
      ,#1712,#1713,#1714,#1715,#1716,#1717,#1718,#1719,#1720,#1721,#1722
      ,#1723,#1724,#1725,#1726,#1727,#1728,#1729,#1730,#1731,#1732,#1733
      ,#1734,#1735,#1736,#1737,#1738,#1739,#1740,#1741,#1742,#1743,#1744
      ,#1745,#1746,#1747,#1748,#1749,#1750,#1751,#1752,#1753,#1754,#1755
      ,#1756,#1757,#1758,#1759,#1760,#1761,#1762,#1763,#1764,#1765,#1766
      )
    ,(#1767,#1768,#1769,#1770,#1771,#1772,#1773,#1774,#1775,#1776,#1777
      ,#1778,#1779,#1780,#1781,#1782,#1783,#1784,#1785,#1786,#1787,#1788
      ,#1789,#1790,#1791,#1792,#1793,#1794,#1795,#1796,#1797,#1798,#1799
      ,#1800,#1801,#1802,#1803,#1804,#1805,#1806,#1807,#1808,#1809,#1810
      ,#1811,#1812,#1813,#1814,#1815,#1816,#1817,#1818,#1819,#1820,#1821
      ,#1822,#1823,#1824,#1825,#1826,#1827,#1828,#1829,#1830,#1831,#1832
      ,#1833,#1834,#1835,#1836,#1837,#1838,#1839,#1840,#1841,#1842,#1843
      ,#1844,#1845,#1846,#1847,#1848,#1849,#1850,#1851,#1852,#1853,#1854
      ,#1855,#1856,#1857,#1858,#1859,#1860,#1861,#1862,#1863,#1864,#1865
      )
    ,(#1866,#1867,#1868,#1869,#1870,#1871,#1872,#1873,#1874,#1875,#1876
      ,#1877,#1878,#1879,#1880,#1881,#1882,#1883,#1884,#1885,#1886,#1887
      ,#1888,#1889,#1890,#1891,#1892,#1893,#1894,#1895,#1896,#1897,#1898
      ,#1899,#1900,#1901,#1902,#1903,#1904,#1905,#1906,#1907,#1908,#1909
      ,#1910,#1911,#1912,#1913,#1914,#1915,#1916,#1917,#1918,#1919,#1920
      ,#1921,#1922,#1923,#1924,#1925,#1926,#1927,#1928,#1929,#1930,#1931
      ,#1932,#1933,#1934,#1935,#1936,#1937,#1938,#1939,#1940,#1941,#1942
      ,#1943,#1944,#1945,#1946,#1947,#1948,#1949,#1950,#1951,#1952,#1953
      ,#1954,#1955,#1956,#1957,#1958,#1959,#1960,#1961,#1962,#1963,#1964
      )
    ,(#1965,#1966,#1967,#1968,#1969,#1970,#1971,#1972,#1973,#1974,#1975
      ,#1976,#1977,#1978,#1979,#1980,#1981,#1982,#1983,#1984,#1985,#1986
      ,#1987,#1988,#1989,#1990,#1991,#1992,#1993,#1994,#1995,#1996,#1997
      ,#1998,#1999,#2000,#2001,#2002,#2003,#2004,#2005,#2006,#2007,#2008
      ,#2009,#2010,#2011,#2012,#2013,#2014,#2015,#2016,#2017,#2018,#2019
      ,#2020,#2021,#2022,#2023,#2024,#2025,#2026,#2027,#2028,#2029,#2030
      ,#2031,#2032,#2033,#2034,#2035,#2036,#2037,#2038,#2039,#2040,#2041
      ,#2042,#2043,#2044,#2045,#2046,#2047,#2048,#2049,#2050,#2051,#2052
      ,#2053,#2054,#2055,#2056,#2057,#2058,#2059,#2060,#2061,#2062,#2063
      )
    ,(#2064,#2065,#2066,#2067,#2068,#2069,#2070,#2071,#2072,#2073,#2074
      ,#2075,#2076,#2077,#2078,#2079,#2080,#2081,#2082,#2083,#2084,#2085
      ,#2086,#2087,#2088,#2089,#2090,#2091,#2092,#2093,#2094,#2095,#2096
      ,#2097,#2098,#2099,#2100,#2101,#2102,#2103,#2104,#2105,#2106,#2107
      ,#2108,#2109,#2110,#2111,#2112,#2113,#2114,#2115,#2116,#2117,#2118
      ,#2119,#2120,#2121,#2122,#2123,#2124,#2125,#2126,#2127,#2128,#2129
      ,#2130,#2131,#2132,#2133,#2134,#2135,#2136,#2137,#2138,#2139,#2140
      ,#2141,#2142,#2143,#2144,#2145,#2146,#2147,#2148,#2149,#2150,#2151
      ,#2152,#2153,#2154,#2155,#2156,#2157,#2158,#2159,#2160,#2161,#2162
      )
    ,(#2163,#2164,#2165,#2166,#2167,#2168,#2169,#2170,#2171,#2172,#2173
      ,#2174,#2175,#2176,#2177,#2178,#2179,#2180,#2181,#2182,#2183,#2184
      ,#2185,#2186,#2187,#2188,#2189,#2190,#2191,#2192,#2193,#2194,#2195
      ,#2196,#2197,#2198,#2199,#2200,#2201,#2202,#2203,#2204,#2205,#2206
      ,#2207,#2208,#2209,#2210,#2211,#2212,#2213,#2214,#2215,#2216,#2217
      ,#2218,#2219,#2220,#2221,#2222,#2223,#2224,#2225,#2226,#2227,#2228
      ,#2229,#2230,#2231,#2232,#2233,#2234,#2235,#2236,#2237,#2238,#2239
      ,#2240,#2241,#2242,#2243,#2244,#2245,#2246,#2247,#2248,#2249,#2250
      ,#2251,#2252,#2253,#2254,#2255,#2256,#2257,#2258,#2259,#2260,#2261
      )
    ,(#2262,#2263,#2264,#2265,#2266,#2267,#2268,#2269,#2270,#2271,#2272
      ,#2273,#2274,#2275,#2276,#2277,#2278,#2279,#2280,#2281,#2282,#2283
      ,#2284,#2285,#2286,#2287,#2288,#2289,#2290,#2291,#2292,#2293,#2294
      ,#2295,#2296,#2297,#2298,#2299,#2300,#2301,#2302,#2303,#2304,#2305
      ,#2306,#2307,#2308,#2309,#2310,#2311,#2312,#2313,#2314,#2315,#2316
      ,#2317,#2318,#2319,#2320,#2321,#2322,#2323,#2324,#2325,#2326,#2327
      ,#2328,#2329,#2330,#2331,#2332,#2333,#2334,#2335,#2336,#2337,#2338
      ,#2339,#2340,#2341,#2342,#2343,#2344,#2345,#2346,#2347,#2348,#2349
      ,#2350,#2351,#2352,#2353,#2354,#2355,#2356,#2357,#2358,#2359,#2360
      )
    ,(#2361,#2362,#2363,#2364,#2365,#2366,#2367,#2368,#2369,#2370,#2371
      ,#2372,#2373,#2374,#2375,#2376,#2377,#2378,#2379,#2380,#2381,#2382
      ,#2383,#2384,#2385,#2386,#2387,#2388,#2389,#2390,#2391,#2392,#2393
      ,#2394,#2395,#2396,#2397,#2398,#2399,#2400,#2401,#2402,#2403,#2404
      ,#2405,#2406,#2407,#2408,#2409,#2410,#2411,#2412,#2413,#2414,#2415
      ,#2416,#2417,#2418,#2419,#2420,#2421,#2422,#2423,#2424,#2425,#2426
      ,#2427,#2428,#2429,#2430,#2431,#2432,#2433,#2434,#2435,#2436,#2437
      ,#2438,#2439,#2440,#2441,#2442,#2443,#2444,#2445,#2446,#2447,#2448
      ,#2449,#2450,#2451,#2452,#2453,#2454,#2455,#2456,#2457,#2458,#2459
      )
    ,(#2460,#2461,#2462,#2463,#2464,#2465,#2466,#2467,#2468,#2469,#2470
      ,#2471,#2472,#2473,#2474,#2475,#2476,#2477,#2478,#2479,#2480,#2481
      ,#2482,#2483,#2484,#2485,#2486,#2487,#2488,#2489,#2490,#2491,#2492
      ,#2493,#2494,#2495,#2496,#2497,#2498,#2499,#2500,#2501,#2502,#2503
      ,#2504,#2505,#2506,#2507,#2508,#2509,#2510,#2511,#2512,#2513,#2514
      ,#2515,#2516,#2517,#2518,#2519,#2520,#2521,#2522,#2523,#2524,#2525
      ,#2526,#2527,#2528,#2529,#2530,#2531,#2532,#2533,#2534,#2535,#2536
      ,#2537,#2538,#2539,#2540,#2541,#2542,#2543,#2544,#2545,#2546,#2547
      ,#2548,#2549,#2550,#2551,#2552,#2553,#2554,#2555,#2556,#2557,#2558
)),.UNSPECIFIED.,.F.,.F.,.F.) B_SPLINE_SURFACE_WITH_KNOTS((12,12),(4,1,1
    ,1,1,1,1,1,1,1,1,1,1,1,1,1,1,1,1,1,1,1,1,1,1,1,1,1,1,1,1,1,1,1,1,1,1
    ,1,1,1,1,1,1,1,1,1,1,1,1,1,1,1,1,1,1,1,1,1,1,1,1,1,1,1,1,1,1,1,1,1,1
    ,1,1,1,1,1,1,1,1,1,1,1,1,1,1,1,1,1,1,1,1,1,1,1,1,1,4),(1.,2.),(0.,
    3.964199383645E-03,1.480867662088E-02,1.994295990004E-02,
    2.487899201502E-02,3.256550029682E-02,4.122366157123E-02,
    4.626103475672E-02,0.122036701044,0.189509962234,0.194800344871,
    0.213392566997,0.220987053106,0.227915625281,0.235864763276,
    0.2443634092,0.252399910285,0.259330873465,0.263978011315,
    0.267629592178,0.272677156627,0.276542396701,0.281760056861,
    0.285676663628,0.290095749161,0.293625343957,0.297118727761,
    0.300551258603,0.303959343749,0.30752094778,0.311590039787,
    0.316310991941,0.321304650897,0.326736294803,0.331346381603,
    0.335536138265,0.339272638404,0.342760167618,0.346504704717,
    0.350193396821,0.354123766593,0.468480105573,0.473049667868,
    0.588231397832,0.59210994684,0.596364773948,0.600938190602,
    0.676662728976,0.765246802361,0.768692387546,0.772177858116,
    0.77572207327,0.779265446369,0.782731223381,0.786130046112,
    0.790911822435,0.794322817398,0.797720108192,0.801126402318,
    0.804543825253,0.807971319698,0.811415049574,0.814860970332,
    0.818304211287,0.821814966026,0.825240655447,0.828795505585,
    0.832342225679,0.835887134227,0.839614112058,0.84345625707,
    0.847188883285,0.865700809371,0.873438278384,0.880464724184,
    0.887922264576,0.894286011708,0.901304900218,0.908388787085,
    0.915063605666,0.921132609245,0.925767363775,0.929397796296,
    0.932991860735,0.936698352459,0.940477557659,0.944304604293,
    0.948078358785,0.956979737792,0.961128646619,0.964688256679,
    0.968555854553,0.97241233621,0.976040773342,0.97943716713,
0.98920757987,1.),.UNSPECIFIED.) GEOMETRIC_REPRESENTATION_ITEM() 
RATIONAL_B_SPLINE_SURFACE((
    (1.,0.992242318948,1.010353982689,0.998303700748,1.000291367976
      ,0.999874634805,1.000045677512,0.999993539763,1.000025289887
      ,0.999989410891,1.000000155182,0.999999969222,1.000000004562
      ,0.999999999321,1.000000000203,0.999999999938,1.000000000016
      ,0.999999999996,1.000000000001,1.,1.,1.,1.,1.,1.,1.,1.,1.,1.,1.,1.
      ,1.,1.,1.,1.,1.,1.,1.,1.,1.,1.,1.,1.,1.,1.,1.,1.,1.,1.,1.,1.,1.,1.
      ,1.,1.,1.,1.,1.,1.,1.,1.,1.,1.,1.,1.,1.,1.,1.,1.,1.,1.,1.,1.,1.,1.
      ,1.,1.,1.,1.,1.,1.,1.,1.,1.,1.,1.,1.,1.,1.,1.,0.999999999999
      ,1.000000000002,0.999999999991,1.000000000031,0.999999999895
      ,1.000000000652,0.999999991761,1.000000018944,1.)
    ,(1.,0.992242318948,1.010353982689,0.998303700748,1.000291367976
      ,0.999874634805,1.000045677512,0.999993539763,1.000025289887
      ,0.999989410891,1.000000155182,0.999999969222,1.000000004562
      ,0.999999999321,1.000000000203,0.999999999938,1.000000000016
      ,0.999999999996,1.000000000001,1.,1.,1.,1.,1.,1.,1.,1.,1.,1.,1.,1.
      ,1.,1.,1.,1.,1.,1.,1.,1.,1.,1.,1.,1.,1.,1.,1.,1.,1.,1.,1.,1.,1.,1.
      ,1.,1.,1.,1.,1.,1.,1.,1.,1.,1.,1.,1.,1.,1.,1.,1.,1.,1.,1.,1.,1.,1.
      ,1.,1.,1.,1.,1.,1.,1.,1.,1.,1.,1.,1.,1.,1.,1.,0.999999999999
      ,1.000000000002,0.999999999991,1.000000000031,0.999999999895
      ,1.000000000652,0.999999991761,1.000000018944,1.)
    ,(1.,0.992242318948,1.010353982689,0.998303700748,1.000291367976
      ,0.999874634805,1.000045677512,0.999993539763,1.000025289887
      ,0.999989410891,1.000000155182,0.999999969222,1.000000004562
      ,0.999999999321,1.000000000203,0.999999999938,1.000000000016
      ,0.999999999996,1.000000000001,1.,1.,1.,1.,1.,1.,1.,1.,1.,1.,1.,1.
      ,1.,1.,1.,1.,1.,1.,1.,1.,1.,1.,1.,1.,1.,1.,1.,1.,1.,1.,1.,1.,1.,1.
      ,1.,1.,1.,1.,1.,1.,1.,1.,1.,1.,1.,1.,1.,1.,1.,1.,1.,1.,1.,1.,1.,1.
      ,1.,1.,1.,1.,1.,1.,1.,1.,1.,1.,1.,1.,1.,1.,1.,0.999999999999
      ,1.000000000002,0.999999999991,1.000000000031,0.999999999895
      ,1.000000000652,0.999999991761,1.000000018944,1.)
    ,(1.,0.992242318948,1.010353982689,0.998303700748,1.000291367976
      ,0.999874634805,1.000045677512,0.999993539763,1.000025289887
      ,0.999989410891,1.000000155182,0.999999969222,1.000000004562
      ,0.999999999321,1.000000000203,0.999999999938,1.000000000016
      ,0.999999999996,1.000000000001,1.,1.,1.,1.,1.,1.,1.,1.,1.,1.,1.,1.
      ,1.,1.,1.,1.,1.,1.,1.,1.,1.,1.,1.,1.,1.,1.,1.,1.,1.,1.,1.,1.,1.,1.
      ,1.,1.,1.,1.,1.,1.,1.,1.,1.,1.,1.,1.,1.,1.,1.,1.,1.,1.,1.,1.,1.,1.
      ,1.,1.,1.,1.,1.,1.,1.,1.,1.,1.,1.,1.,1.,1.,1.,0.999999999999
      ,1.000000000002,0.999999999991,1.000000000031,0.999999999895
      ,1.000000000652,0.999999991761,1.000000018944,1.)
    ,(1.,0.992242318948,1.010353982689,0.998303700748,1.000291367976
      ,0.999874634805,1.000045677512,0.999993539763,1.000025289887
      ,0.999989410891,1.000000155182,0.999999969222,1.000000004562
      ,0.999999999321,1.000000000203,0.999999999938,1.000000000016
      ,0.999999999996,1.000000000001,1.,1.,1.,1.,1.,1.,1.,1.,1.,1.,1.,1.
      ,1.,1.,1.,1.,1.,1.,1.,1.,1.,1.,1.,1.,1.,1.,1.,1.,1.,1.,1.,1.,1.,1.
      ,1.,1.,1.,1.,1.,1.,1.,1.,1.,1.,1.,1.,1.,1.,1.,1.,1.,1.,1.,1.,1.,1.
      ,1.,1.,1.,1.,1.,1.,1.,1.,1.,1.,1.,1.,1.,1.,1.,0.999999999999
      ,1.000000000002,0.999999999991,1.000000000031,0.999999999895
      ,1.000000000652,0.999999991761,1.000000018944,1.)
    ,(1.,0.992242318948,1.010353982689,0.998303700748,1.000291367976
      ,0.999874634805,1.000045677512,0.999993539763,1.000025289887
      ,0.999989410891,1.000000155182,0.999999969222,1.000000004562
      ,0.999999999321,1.000000000203,0.999999999938,1.000000000016
      ,0.999999999996,1.000000000001,1.,1.,1.,1.,1.,1.,1.,1.,1.,1.,1.,1.
      ,1.,1.,1.,1.,1.,1.,1.,1.,1.,1.,1.,1.,1.,1.,1.,1.,1.,1.,1.,1.,1.,1.
      ,1.,1.,1.,1.,1.,1.,1.,1.,1.,1.,1.,1.,1.,1.,1.,1.,1.,1.,1.,1.,1.,1.
      ,1.,1.,1.,1.,1.,1.,1.,1.,1.,1.,1.,1.,1.,1.,1.,0.999999999999
      ,1.000000000002,0.999999999991,1.000000000031,0.999999999895
      ,1.000000000652,0.999999991761,1.000000018944,1.)
    ,(1.,0.992242318948,1.010353982689,0.998303700748,1.000291367976
      ,0.999874634805,1.000045677512,0.999993539763,1.000025289887
      ,0.999989410891,1.000000155182,0.999999969222,1.000000004562
      ,0.999999999321,1.000000000203,0.999999999938,1.000000000016
      ,0.999999999996,1.000000000001,1.,1.,1.,1.,1.,1.,1.,1.,1.,1.,1.,1.
      ,1.,1.,1.,1.,1.,1.,1.,1.,1.,1.,1.,1.,1.,1.,1.,1.,1.,1.,1.,1.,1.,1.
      ,1.,1.,1.,1.,1.,1.,1.,1.,1.,1.,1.,1.,1.,1.,1.,1.,1.,1.,1.,1.,1.,1.
      ,1.,1.,1.,1.,1.,1.,1.,1.,1.,1.,1.,1.,1.,1.,1.,0.999999999999
      ,1.000000000002,0.999999999991,1.000000000031,0.999999999895
      ,1.000000000652,0.999999991761,1.000000018944,1.)
    ,(1.,0.992242318948,1.010353982689,0.998303700748,1.000291367976
      ,0.999874634805,1.000045677512,0.999993539763,1.000025289887
      ,0.999989410891,1.000000155182,0.999999969222,1.000000004562
      ,0.999999999321,1.000000000203,0.999999999938,1.000000000016
      ,0.999999999996,1.000000000001,1.,1.,1.,1.,1.,1.,1.,1.,1.,1.,1.,1.
      ,1.,1.,1.,1.,1.,1.,1.,1.,1.,1.,1.,1.,1.,1.,1.,1.,1.,1.,1.,1.,1.,1.
      ,1.,1.,1.,1.,1.,1.,1.,1.,1.,1.,1.,1.,1.,1.,1.,1.,1.,1.,1.,1.,1.,1.
      ,1.,1.,1.,1.,1.,1.,1.,1.,1.,1.,1.,1.,1.,1.,1.,0.999999999999
      ,1.000000000002,0.999999999991,1.000000000031,0.999999999895
      ,1.000000000652,0.999999991761,1.000000018944,1.)
    ,(1.,0.992242318948,1.010353982689,0.998303700748,1.000291367976
      ,0.999874634805,1.000045677512,0.999993539763,1.000025289887
      ,0.999989410891,1.000000155182,0.999999969222,1.000000004562
      ,0.999999999321,1.000000000203,0.999999999938,1.000000000016
      ,0.999999999996,1.000000000001,1.,1.,1.,1.,1.,1.,1.,1.,1.,1.,1.,1.
      ,1.,1.,1.,1.,1.,1.,1.,1.,1.,1.,1.,1.,1.,1.,1.,1.,1.,1.,1.,1.,1.,1.
      ,1.,1.,1.,1.,1.,1.,1.,1.,1.,1.,1.,1.,1.,1.,1.,1.,1.,1.,1.,1.,1.,1.
      ,1.,1.,1.,1.,1.,1.,1.,1.,1.,1.,1.,1.,1.,1.,1.,0.999999999999
      ,1.000000000002,0.999999999991,1.000000000031,0.999999999895
      ,1.000000000652,0.999999991761,1.000000018944,1.)
    ,(1.,0.992242318948,1.010353982689,0.998303700748,1.000291367976
      ,0.999874634805,1.000045677512,0.999993539763,1.000025289887
      ,0.999989410891,1.000000155182,0.999999969222,1.000000004562
      ,0.999999999321,1.000000000203,0.999999999938,1.000000000016
      ,0.999999999996,1.000000000001,1.,1.,1.,1.,1.,1.,1.,1.,1.,1.,1.,1.
      ,1.,1.,1.,1.,1.,1.,1.,1.,1.,1.,1.,1.,1.,1.,1.,1.,1.,1.,1.,1.,1.,1.
      ,1.,1.,1.,1.,1.,1.,1.,1.,1.,1.,1.,1.,1.,1.,1.,1.,1.,1.,1.,1.,1.,1.
      ,1.,1.,1.,1.,1.,1.,1.,1.,1.,1.,1.,1.,1.,1.,1.,0.999999999999
      ,1.000000000002,0.999999999991,1.000000000031,0.999999999895
      ,1.000000000652,0.999999991761,1.000000018944,1.)
    ,(1.,0.992242318948,1.010353982689,0.998303700748,1.000291367976
      ,0.999874634805,1.000045677512,0.999993539763,1.000025289887
      ,0.999989410891,1.000000155182,0.999999969222,1.000000004562
      ,0.999999999321,1.000000000203,0.999999999938,1.000000000016
      ,0.999999999996,1.000000000001,1.,1.,1.,1.,1.,1.,1.,1.,1.,1.,1.,1.
      ,1.,1.,1.,1.,1.,1.,1.,1.,1.,1.,1.,1.,1.,1.,1.,1.,1.,1.,1.,1.,1.,1.
      ,1.,1.,1.,1.,1.,1.,1.,1.,1.,1.,1.,1.,1.,1.,1.,1.,1.,1.,1.,1.,1.,1.
      ,1.,1.,1.,1.,1.,1.,1.,1.,1.,1.,1.,1.,1.,1.,1.,0.999999999999
      ,1.000000000002,0.999999999991,1.000000000031,0.999999999895
      ,1.000000000652,0.999999991761,1.000000018944,1.)
    ,(1.,0.992242318948,1.010353982689,0.998303700748,1.000291367976
      ,0.999874634805,1.000045677512,0.999993539763,1.000025289887
      ,0.999989410891,1.000000155182,0.999999969222,1.000000004562
      ,0.999999999321,1.000000000203,0.999999999938,1.000000000016
      ,0.999999999996,1.000000000001,1.,1.,1.,1.,1.,1.,1.,1.,1.,1.,1.,1.
      ,1.,1.,1.,1.,1.,1.,1.,1.,1.,1.,1.,1.,1.,1.,1.,1.,1.,1.,1.,1.,1.,1.
      ,1.,1.,1.,1.,1.,1.,1.,1.,1.,1.,1.,1.,1.,1.,1.,1.,1.,1.,1.,1.,1.,1.
      ,1.,1.,1.,1.,1.,1.,1.,1.,1.,1.,1.,1.,1.,1.,1.,0.999999999999
      ,1.000000000002,0.999999999991,1.000000000031,0.999999999895
      ,1.000000000652,0.999999991761,1.000000018944,1.
))) REPRESENTATION_ITEM('') SURFACE() );
#1371 = CARTESIAN_POINT('',(4.25E-02,0.6721,0.552885));
#1372 = CARTESIAN_POINT('',(4.300606247779E-02,0.671250621577,
    0.552860206171));
#1373 = CARTESIAN_POINT('',(4.242608937768E-02,0.641846875143,
    0.552000448175));
#1374 = CARTESIAN_POINT('',(3.800789724311E-02,0.653235465992,
    0.523801999874));
#1375 = CARTESIAN_POINT('',(5.658929160279E-02,0.629974970489,
    0.517782697648));
#1376 = CARTESIAN_POINT('',(8.135443856557E-02,0.612556785852,
    0.516372715701));
#1377 = CARTESIAN_POINT('',(9.385486018992E-02,0.600894039266,
    0.543774031095));
#1378 = CARTESIAN_POINT('',(9.11102227263E-02,0.593099537558,
    0.570042180649));
#1379 = CARTESIAN_POINT('',(0.157680371389,0.500134468,0.641130982619));
#1380 = CARTESIAN_POINT('',(0.135928540293,0.558943725446,1.065133748951
    ));
#1381 = CARTESIAN_POINT('',(6.743090158843E-02,0.609875829967,
    0.601093813117));
#1382 = CARTESIAN_POINT('',(0.175651964895,0.516920887367,0.69742435447)
  );
#1383 = CARTESIAN_POINT('',(0.15997270039,0.528502453087,0.634103633061)
  );
#1384 = CARTESIAN_POINT('',(0.169802259568,0.504381437599,0.619442155158
    ));
#1385 = CARTESIAN_POINT('',(0.20083596572,0.489023477918,0.615392836181)
  );
#1386 = CARTESIAN_POINT('',(0.236164308159,0.475597493701,0.60979152035)
  );
#1387 = CARTESIAN_POINT('',(0.274134587618,0.462540451838,0.608078814329
    ));
#1388 = CARTESIAN_POINT('',(0.311671989988,0.448816314108,0.604522223834
    ));
#1389 = CARTESIAN_POINT('',(0.33844226579,0.436876190467,0.599232630666)
  );
#1390 = CARTESIAN_POINT('',(0.3587038636,0.422388038865,0.596679189289)
  );
#1391 = CARTESIAN_POINT('',(0.355163188368,0.402622014075,0.587660095665
    ));
#1392 = CARTESIAN_POINT('',(0.354423572958,0.395251548383,0.601641786615
    ));
#1393 = CARTESIAN_POINT('',(0.3482305745,0.374606182137,0.612262467759)
  );
#1394 = CARTESIAN_POINT('',(0.345382991678,0.367263268385,0.586342878944
    ));
#1395 = CARTESIAN_POINT('',(0.337823176988,0.348356241279,0.589497192157
    ));
#1396 = CARTESIAN_POINT('',(0.333620662117,0.338218697134,0.580135491985
    ));
#1397 = CARTESIAN_POINT('',(0.327436784177,0.321881874282,0.58180235319)
  );
#1398 = CARTESIAN_POINT('',(0.323412428634,0.308237043389,0.582867946167
    ));
#1399 = CARTESIAN_POINT('',(0.320136263951,0.294095134136,0.582841163983
    ));
#1400 = CARTESIAN_POINT('',(0.32083014591,0.2797515769,0.581901650899));
#1401 = CARTESIAN_POINT('',(0.315428808998,0.265049606334,0.579675802128
    ));
#1402 = CARTESIAN_POINT('',(0.303092086578,0.250932764021,0.577422016066
    ));
#1403 = CARTESIAN_POINT('',(0.288231741234,0.237811437094,0.570399646182
    ));
#1404 = CARTESIAN_POINT('',(0.269339964568,0.223157859515,0.566752653117
    ));
#1405 = CARTESIAN_POINT('',(0.25391216177,0.211451094,0.553872550958));
#1406 = CARTESIAN_POINT('',(0.235973332166,0.196591192153,0.554281282073
    ));
#1407 = CARTESIAN_POINT('',(0.222990448197,0.182862126627,0.552314047918
    ));
#1408 = CARTESIAN_POINT('',(0.214604045424,0.168617045813,0.548884490548
    ));
#1409 = CARTESIAN_POINT('',(0.215143643362,0.153331037571,0.546895871629
    ));
#1410 = CARTESIAN_POINT('',(0.212866005975,0.140278590956,0.539802492068
    ));
#1411 = CARTESIAN_POINT('',(0.209103227594,0.125546175067,0.536149115009
    ));
#1412 = CARTESIAN_POINT('',(0.158796465185,-2.171267141497E-02,
    0.452414500832));
#1413 = CARTESIAN_POINT('',(0.24159989275,0.219358797566,0.955495241791)
  );
#1414 = CARTESIAN_POINT('',(0.15220875858,-3.82470925513E-02,
    0.728330400629));
#1415 = CARTESIAN_POINT('',(0.22487136989,0.21203229865,0.546534387216)
  );
#1416 = CARTESIAN_POINT('',(0.186784445416,5.514478939352E-02,
    0.480997513923));
#1417 = CARTESIAN_POINT('',(0.185847906129,4.162240073244E-02,
    0.471307444543));
#1418 = CARTESIAN_POINT('',(0.185604617072,-4.650981546442E-02,
    0.390525177678));
#1419 = CARTESIAN_POINT('',(0.181161218256,4.877888007682E-03,
    0.949866589619));
#1420 = CARTESIAN_POINT('',(0.194352325818,0.118589856777,0.333488403824
    ));
#1421 = CARTESIAN_POINT('',(0.182962450695,-1.41544417493E-02,
    0.328836962495));
#1422 = CARTESIAN_POINT('',(0.181559351283,-2.811992002208E-02,
    0.328364108206));
#1423 = CARTESIAN_POINT('',(0.180142389507,-4.198673242768E-02,
    0.330812741053));
#1424 = CARTESIAN_POINT('',(0.178782367433,-5.593735866524E-02,
    0.33300114788));
#1425 = CARTESIAN_POINT('',(0.177583267895,-6.951218035804E-02,
    0.333287105552));
#1426 = CARTESIAN_POINT('',(0.176439661861,-8.74371776811E-02,
    0.336010222394));
#1427 = CARTESIAN_POINT('',(0.176149438142,-9.463809312577E-02,
    0.322000639238));
#1428 = CARTESIAN_POINT('',(0.175875613831,-0.112323536623,
    0.323321141943));
#1429 = CARTESIAN_POINT('',(0.176678456145,-0.125950904737,
    0.323004363795));
#1430 = CARTESIAN_POINT('',(0.178220449089,-0.140067995073,0.32311129599
    ));
#1431 = CARTESIAN_POINT('',(0.180361677728,-0.154035141309,
    0.323000424323));
#1432 = CARTESIAN_POINT('',(0.182926371386,-0.16806232443,0.323338194382
    ));
#1433 = CARTESIAN_POINT('',(0.185731179477,-0.182036699034,
    0.322091874079));
#1434 = CARTESIAN_POINT('',(0.188609008103,-0.195992493559,
    0.320980885383));
#1435 = CARTESIAN_POINT('',(0.191441292562,-0.210238250205,
    0.320914988771));
#1436 = CARTESIAN_POINT('',(0.193881970282,-0.223759080805,
    0.316432791595));
#1437 = CARTESIAN_POINT('',(0.196044867482,-0.238390313219,
    0.317298541929));
#1438 = CARTESIAN_POINT('',(0.19747105705,-0.25197731712,0.312262987824)
  );
#1439 = CARTESIAN_POINT('',(0.198084324227,-0.26601548463,0.308611714064
    ));
#1440 = CARTESIAN_POINT('',(0.198072646677,-0.280413026253,
    0.305169201181));
#1441 = CARTESIAN_POINT('',(0.198955891154,-0.294373684448,
    0.298949894423));
#1442 = CARTESIAN_POINT('',(0.200017755807,-0.307429150466,
    0.292783565247));
#1443 = CARTESIAN_POINT('',(0.203604454135,-0.344125043613,
    0.273011295623));
#1444 = CARTESIAN_POINT('',(0.20164198436,-0.324681606886,0.361669198357
    ));
#1445 = CARTESIAN_POINT('',(0.204175254003,-0.349888040359,
    0.305008340736));
#1446 = CARTESIAN_POINT('',(0.2043193964,-0.364668231585,0.28323966503)
  );
#1447 = CARTESIAN_POINT('',(0.207076883888,-0.376532727738,
    0.256902587103));
#1448 = CARTESIAN_POINT('',(0.197776835902,-0.393059555634,
    0.231865748051));
#1449 = CARTESIAN_POINT('',(0.17915777606,-0.40603232863,0.214055885523)
  );
#1450 = CARTESIAN_POINT('',(0.155841451888,-0.419614389694,
    0.197834363502));
#1451 = CARTESIAN_POINT('',(0.130243020979,-0.433557909603,
    0.185398817165));
#1452 = CARTESIAN_POINT('',(0.11043993138,-0.446179989493,0.172491760761
    ));
#1453 = CARTESIAN_POINT('',(9.323175150149E-02,-0.460110755566,
    0.164713576657));
#1454 = CARTESIAN_POINT('',(9.270361149978E-02,-0.47611688422,
    0.159448342739));
#1455 = CARTESIAN_POINT('',(8.8723759979E-02,-0.490300133826,
    0.155690542563));
#1456 = CARTESIAN_POINT('',(8.148290927621E-02,-0.504167068569,
    0.152137137131));
#1457 = CARTESIAN_POINT('',(7.236871437241E-02,-0.518319037048,
    0.152975211752));
#1458 = CARTESIAN_POINT('',(6.315469083164E-02,-0.531451491165,
    0.153293016096));
#1459 = CARTESIAN_POINT('',(4.869188287751E-02,-0.55534359949,
    0.150246897797));
#1460 = CARTESIAN_POINT('',(5.04149686062E-02,-0.552172199896,
    0.186846221815));
#1461 = CARTESIAN_POINT('',(4.306329347308E-02,-0.573134680322,
    0.196484656606));
#1462 = CARTESIAN_POINT('',(4.512586677579E-02,-0.588817449316,
    0.199720407677));
#1463 = CARTESIAN_POINT('',(5.27909758464E-02,-0.602035803323,
    0.205293076103));
#1464 = CARTESIAN_POINT('',(6.216882096662E-02,-0.615573713484,
    0.208035692971));
#1465 = CARTESIAN_POINT('',(6.888523810373E-02,-0.629896928337,
    0.208469658657));
#1466 = CARTESIAN_POINT('',(7.572313513863E-02,-0.651031324844,
    0.21071749456));
#1467 = CARTESIAN_POINT('',(-2.032424745465E-02,-0.710860604545,
    0.180849812197));
#1468 = CARTESIAN_POINT('',(0.251542287654,-0.539808280384,
    0.400496470456));
#1469 = CARTESIAN_POINT('',(6.E-02,-0.6721,0.19904));
#1470 = CARTESIAN_POINT('',(4.25E-02,0.6721,0.544509085587));
#1471 = CARTESIAN_POINT('',(4.300606247779E-02,0.671250621577,
    0.544329709564));
#1472 = CARTESIAN_POINT('',(4.242608937768E-02,0.641846875143,
    0.541206745076));
#1473 = CARTESIAN_POINT('',(3.800789724311E-02,0.653235465992,
    0.510005580256));
#1474 = CARTESIAN_POINT('',(5.658929160279E-02,0.629974970489,
    0.501510165218));
#1475 = CARTESIAN_POINT('',(8.135443856557E-02,0.612556785852,
    0.49956842175));
#1476 = CARTESIAN_POINT('',(9.385486018992E-02,0.600894039266,
    0.52297972802));
#1477 = CARTESIAN_POINT('',(9.11102227263E-02,0.593099537558,
    0.54533487919));
#1478 = CARTESIAN_POINT('',(0.157680371389,0.500134468,0.608513666775));
#1479 = CARTESIAN_POINT('',(0.135928540293,0.558943725446,1.084397451358
    ));
#1480 = CARTESIAN_POINT('',(6.743090158843E-02,0.609875829967,
    0.56524569429));
#1481 = CARTESIAN_POINT('',(0.175651964895,0.516920887367,0.660581348186
    ));
#1482 = CARTESIAN_POINT('',(0.15997270039,0.528502453087,0.59053322561)
  );
#1483 = CARTESIAN_POINT('',(0.169802259568,0.504381437599,0.570322325332
    ));
#1484 = CARTESIAN_POINT('',(0.20083596572,0.489023477918,0.563710048424)
  );
#1485 = CARTESIAN_POINT('',(0.236164308159,0.475597493701,0.556989344883
    ));
#1486 = CARTESIAN_POINT('',(0.274134587618,0.462540451838,0.553544249439
    ));
#1487 = CARTESIAN_POINT('',(0.311671989988,0.448816314108,0.549366477134
    ));
#1488 = CARTESIAN_POINT('',(0.33844226579,0.436876190467,0.542250060506)
  );
#1489 = CARTESIAN_POINT('',(0.3587038636,0.422388038865,0.539058189566)
  );
#1490 = CARTESIAN_POINT('',(0.355163188368,0.402622014075,0.528741101531
    ));
#1491 = CARTESIAN_POINT('',(0.354423572958,0.395251548383,0.545004494176
    ));
#1492 = CARTESIAN_POINT('',(0.3482305745,0.374606182137,0.556103297468)
  );
#1493 = CARTESIAN_POINT('',(0.345382991678,0.367263268385,0.530987948213
    ));
#1494 = CARTESIAN_POINT('',(0.337823176988,0.348356241279,0.532832504454
    ));
#1495 = CARTESIAN_POINT('',(0.333620662117,0.338218697134,0.521727940474
    ));
#1496 = CARTESIAN_POINT('',(0.327436784177,0.321881874282,0.523843882291
    ));
#1497 = CARTESIAN_POINT('',(0.323412428634,0.308237043389,0.524589802087
    ));
#1498 = CARTESIAN_POINT('',(0.320136263951,0.294095134136,0.524610730702
    ));
#1499 = CARTESIAN_POINT('',(0.32083014591,0.2797515769,0.523793676062));
#1500 = CARTESIAN_POINT('',(0.315428808998,0.265049606334,0.521889037537
    ));
#1501 = CARTESIAN_POINT('',(0.303092086578,0.250932764021,0.519956018467
    ));
#1502 = CARTESIAN_POINT('',(0.288231741234,0.237811437094,0.513936790729
    ));
#1503 = CARTESIAN_POINT('',(0.269339964568,0.223157859515,0.510810476187
    ));
#1504 = CARTESIAN_POINT('',(0.25391216177,0.211451094,0.499769699653));
#1505 = CARTESIAN_POINT('',(0.235973332166,0.196591192153,0.500119990331
    ));
#1506 = CARTESIAN_POINT('',(0.222990448197,0.182862126627,0.498433889242
    ));
#1507 = CARTESIAN_POINT('',(0.214604045424,0.168617045813,0.495493393869
    ));
#1508 = CARTESIAN_POINT('',(0.215143643362,0.153331037571,0.493791111854
    ));
#1509 = CARTESIAN_POINT('',(0.212866005975,0.140278590956,0.487701386202
    ));
#1510 = CARTESIAN_POINT('',(0.209103227594,0.125546175067,0.484605111944
    ));
#1511 = CARTESIAN_POINT('',(0.158796465185,-2.171267141497E-02,
    0.411348811286));
#1512 = CARTESIAN_POINT('',(0.24159989275,0.219358797566,0.946526059255)
  );
#1513 = CARTESIAN_POINT('',(0.15220875858,-3.82470925513E-02,
    0.733293059018));
#1514 = CARTESIAN_POINT('',(0.22487136989,0.21203229865,0.492434643356)
  );
#1515 = CARTESIAN_POINT('',(0.186784445416,5.514478939352E-02,
    0.43731644847));
#1516 = CARTESIAN_POINT('',(0.185847906129,4.162240073244E-02,
    0.429036610912));
#1517 = CARTESIAN_POINT('',(0.185604617072,-4.650981546442E-02,
    0.358271405147));
#1518 = CARTESIAN_POINT('',(0.181161218256,4.877888007682E-03,
    0.963682137591));
#1519 = CARTESIAN_POINT('',(0.194352325818,0.118589856777,0.307879817883
    ));
#1520 = CARTESIAN_POINT('',(0.182962450695,-1.41544417493E-02,
    0.307117036104));
#1521 = CARTESIAN_POINT('',(0.181559351283,-2.811992002208E-02,
    0.307234009641));
#1522 = CARTESIAN_POINT('',(0.180142389507,-4.198673242768E-02,
    0.310206674872));
#1523 = CARTESIAN_POINT('',(0.178782367433,-5.593735866524E-02,
    0.312977853908));
#1524 = CARTESIAN_POINT('',(0.177583267895,-6.951218035804E-02,
    0.313676319424));
#1525 = CARTESIAN_POINT('',(0.176439661861,-8.74371776811E-02,
    0.316682505626));
#1526 = CARTESIAN_POINT('',(0.176149438142,-9.463809312577E-02,
    0.300708578169));
#1527 = CARTESIAN_POINT('',(0.175875613831,-0.112323536623,
    0.302209423976));
#1528 = CARTESIAN_POINT('',(0.176678456145,-0.125950904737,
    0.301851017106));
#1529 = CARTESIAN_POINT('',(0.178220449089,-0.140067995073,
    0.301965998309));
#1530 = CARTESIAN_POINT('',(0.180361677728,-0.154035141309,
    0.301864681867));
#1531 = CARTESIAN_POINT('',(0.182926371386,-0.16806232443,0.302155909009
    ));
#1532 = CARTESIAN_POINT('',(0.185731179477,-0.182036699034,0.30108710625
    ));
#1533 = CARTESIAN_POINT('',(0.188609008103,-0.195992493559,
    0.300134892766));
#1534 = CARTESIAN_POINT('',(0.191441292562,-0.210238250205,
    0.300078357798));
#1535 = CARTESIAN_POINT('',(0.193881970282,-0.223759080805,
    0.296236284204));
#1536 = CARTESIAN_POINT('',(0.196044867482,-0.238390313219,
    0.296978186942));
#1537 = CARTESIAN_POINT('',(0.19747105705,-0.25197731712,0.29266254095)
  );
#1538 = CARTESIAN_POINT('',(0.198084324227,-0.26601548463,0.289529545669
    ));
#1539 = CARTESIAN_POINT('',(0.198072646677,-0.280413026253,
    0.286590458235));
#1540 = CARTESIAN_POINT('',(0.198955891154,-0.294373684448,
    0.281212408305));
#1541 = CARTESIAN_POINT('',(0.200017755807,-0.307429150466,0.27610682691
    ));
#1542 = CARTESIAN_POINT('',(0.203604454135,-0.344125043613,
    0.257640243516));
#1543 = CARTESIAN_POINT('',(0.20164198436,-0.324681606886,0.356554445989
    ));
#1544 = CARTESIAN_POINT('',(0.204175254003,-0.349888040359,
    0.296019542954));
#1545 = CARTESIAN_POINT('',(0.2043193964,-0.364668231585,0.27396960944)
  );
#1546 = CARTESIAN_POINT('',(0.207076883888,-0.376532727738,
    0.246926117585));
#1547 = CARTESIAN_POINT('',(0.197776835902,-0.393059555634,
    0.223263516506));
#1548 = CARTESIAN_POINT('',(0.17915777606,-0.40603232863,0.20862609093)
  );
#1549 = CARTESIAN_POINT('',(0.155841451888,-0.419614389694,
    0.194495081944));
#1550 = CARTESIAN_POINT('',(0.130243020979,-0.433557909603,
    0.184070902142));
#1551 = CARTESIAN_POINT('',(0.11043993138,-0.446179989493,0.170704097916
    ));
#1552 = CARTESIAN_POINT('',(9.323175150149E-02,-0.460110755566,
    0.163013289345));
#1553 = CARTESIAN_POINT('',(9.270361149978E-02,-0.47611688422,
    0.157731681527));
#1554 = CARTESIAN_POINT('',(8.8723759979E-02,-0.490300133826,
    0.153977455837));
#1555 = CARTESIAN_POINT('',(8.148290927623E-02,-0.504167068569,
    0.150424714719));
#1556 = CARTESIAN_POINT('',(7.236871437237E-02,-0.518319037048,
    0.151256260353));
#1557 = CARTESIAN_POINT('',(6.315469083181E-02,-0.531451491165,
    0.151599786274));
#1558 = CARTESIAN_POINT('',(4.869188287652E-02,-0.55534359949,
    0.148415520864));
#1559 = CARTESIAN_POINT('',(5.041496861347E-02,-0.552172199901,
    0.185994880973));
#1560 = CARTESIAN_POINT('',(4.306329346224E-02,-0.573134680315,
    0.193289291914));
#1561 = CARTESIAN_POINT('',(4.512586681188E-02,-0.58881744934,
    0.196226802992));
#1562 = CARTESIAN_POINT('',(5.279097569782E-02,-0.602035803224,
    0.200951051262));
#1563 = CARTESIAN_POINT('',(6.216882150429E-02,-0.615573713843,
    0.203344232375));
#1564 = CARTESIAN_POINT('',(6.888523627925E-02,-0.629896927121,
    0.203609519707));
#1565 = CARTESIAN_POINT('',(7.572314646976E-02,-0.651031332398,
    0.20611509763));
#1566 = CARTESIAN_POINT('',(-2.032439069565E-02,-0.710860509051,
    0.173724214714));
#1567 = CARTESIAN_POINT('',(0.251542617012,-0.539808499957,
    0.414700276055));
#1568 = CARTESIAN_POINT('',(6.E-02,-0.6721,0.195607096028));
#1569 = CARTESIAN_POINT('',(4.154690636658E-02,0.6721,0.5361335275));
#1570 = CARTESIAN_POINT('',(4.204161418269E-02,0.671250621577,
    0.535799565628));
#1571 = CARTESIAN_POINT('',(4.147410166291E-02,0.641846875143,
    0.530412643498));
#1572 = CARTESIAN_POINT('',(3.715537879855E-02,0.653235465992,
    0.496209271947));
#1573 = CARTESIAN_POINT('',(5.531990610863E-02,0.629974970489,
    0.485237667802));
#1574 = CARTESIAN_POINT('',(7.952954898826E-02,0.612556785852,
    0.482764181832));
#1575 = CARTESIAN_POINT('',(9.174956354357E-02,0.600894039266,
    0.502185483385));
#1576 = CARTESIAN_POINT('',(8.906649370605E-02,0.593099537558,
    0.520627649716));
#1577 = CARTESIAN_POINT('',(0.154143380234,0.500134468,0.575896444541));
#1578 = CARTESIAN_POINT('',(0.132879474101,0.558943725446,1.103661098296
    ));
#1579 = CARTESIAN_POINT('',(6.591833252667E-02,0.609875829967,
    0.529397679504));
#1580 = CARTESIAN_POINT('',(0.171711846632,0.516920887367,0.62373844884)
  );
#1581 = CARTESIAN_POINT('',(0.156384289871,0.528502453087,0.546962944621
    ));
#1582 = CARTESIAN_POINT('',(0.165993358343,0.504381437599,0.521202638076
    ));
#1583 = CARTESIAN_POINT('',(0.196330935235,0.489023477918,0.512027410675
    ));
#1584 = CARTESIAN_POINT('',(0.230866813739,0.475597493701,0.504187322674
    ));
#1585 = CARTESIAN_POINT('',(0.267985366935,0.462540451838,0.499009842834
    ));
#1586 = CARTESIAN_POINT('',(0.304680753079,0.448816314108,0.494210890523
    ));
#1587 = CARTESIAN_POINT('',(0.330850534302,0.436876190467,0.485267655738
    ));
#1588 = CARTESIAN_POINT('',(0.350657636248,0.422388038865,0.481437357086
    ));
#1589 = CARTESIAN_POINT('',(0.347196383294,0.402622014075,0.46982227841)
  );
#1590 = CARTESIAN_POINT('',(0.346473358487,0.395251548383,0.488367366127
    ));
#1591 = CARTESIAN_POINT('',(0.340419277612,0.374606182137,0.499944290179
    ));
#1592 = CARTESIAN_POINT('',(0.33763557004,0.367263268385,0.47563317815)
  );
#1593 = CARTESIAN_POINT('',(0.330245332525,0.348356241279,0.476167981221
    ));
#1594 = CARTESIAN_POINT('',(0.326137085916,0.338218697134,0.463320558491
    ));
#1595 = CARTESIAN_POINT('',(0.320091920973,0.321881874282,0.465885579617
    ));
#1596 = CARTESIAN_POINT('',(0.316157837331,0.308237043389,0.466311827159
    ));
#1597 = CARTESIAN_POINT('',(0.312955161586,0.294095134136,0.466380466435
    ));
#1598 = CARTESIAN_POINT('',(0.313633478806,0.2797515769,0.465685869882)
  );
#1599 = CARTESIAN_POINT('',(0.308353301405,0.265049606334,0.464102440671
    ));
#1600 = CARTESIAN_POINT('',(0.296293308855,0.250932764021,0.462490187663
    ));
#1601 = CARTESIAN_POINT('',(0.281766301758,0.237811437094,0.457474099158
    ));
#1602 = CARTESIAN_POINT('',(0.26329829396,0.223157859515,0.454868461629)
  );
#1603 = CARTESIAN_POINT('',(0.24821655827,0.211451094,0.445667005382));
#1604 = CARTESIAN_POINT('',(0.230680121604,0.196591192153,0.445958855792
    ));
#1605 = CARTESIAN_POINT('',(0.217988461808,0.182862126627,0.444553886953
    ));
#1606 = CARTESIAN_POINT('',(0.209790177731,0.168617045813,0.442102452157
    ));
#1607 = CARTESIAN_POINT('',(0.210317671736,0.153331037571,0.440686506215
    ));
#1608 = CARTESIAN_POINT('',(0.208091124929,0.140278590956,0.43560043156)
  );
#1609 = CARTESIAN_POINT('',(0.204412750909,0.125546175067,0.433061258485
    ));
#1610 = CARTESIAN_POINT('',(0.15523443926,-2.171267141497E-02,
    0.370283240932));
#1611 = CARTESIAN_POINT('',(0.236180470596,0.219358797566,0.937556902753
    ));
#1612 = CARTESIAN_POINT('',(0.148794504091,-3.82470925513E-02,
    0.738255703004));
#1613 = CARTESIAN_POINT('',(0.219827191807,0.21203229865,0.43833505652)
  );
#1614 = CARTESIAN_POINT('',(0.182594610106,5.514478939352E-02,
    0.3936355098));
#1615 = CARTESIAN_POINT('',(0.181679078699,4.162240073244E-02,
    0.386765899972));
#1616 = CARTESIAN_POINT('',(0.181441246955,-4.650981546442E-02,
    0.326017726232));
#1617 = CARTESIAN_POINT('',(0.177097519764,4.877888007682E-03,
    0.977497645464));
#1618 = CARTESIAN_POINT('',(0.189992732408,0.118589856777,0.282271306272
    ));
#1619 = CARTESIAN_POINT('',(0.178858348051,-1.41544417493E-02,
    0.285397172755));
#1620 = CARTESIAN_POINT('',(0.177486722113,-2.811992002207E-02,
    0.286103972406));
#1621 = CARTESIAN_POINT('',(0.176101544763,-4.198673242768E-02,
    0.289600668501));
#1622 = CARTESIAN_POINT('',(0.174772029879,-5.593735866524E-02,
    0.292954618054));
#1623 = CARTESIAN_POINT('',(0.173599827814,-6.951218035804E-02,
    0.294065590217));
#1624 = CARTESIAN_POINT('',(0.172481874457,-8.74371776811E-02,
    0.297354844956));
#1625 = CARTESIAN_POINT('',(0.172198160861,-9.463809312577E-02,
    0.279416578901));
#1626 = CARTESIAN_POINT('',(0.17193047881,-0.112323536623,0.281097767286
    ));
#1627 = CARTESIAN_POINT('',(0.172715312253,-0.125950904737,
    0.280697731815));
#1628 = CARTESIAN_POINT('',(0.174222716146,-0.140067995073,
    0.280820762002));
#1629 = CARTESIAN_POINT('',(0.176315914044,-0.154035141309,
    0.280729000757));
#1630 = CARTESIAN_POINT('',(0.178823078051,-0.16806232443,0.280973685119
    ));
#1631 = CARTESIAN_POINT('',(0.181564970389,-0.182036699034,
    0.280082399386));
#1632 = CARTESIAN_POINT('',(0.18437824531,-0.195992493559,0.279288960653
    ));
#1633 = CARTESIAN_POINT('',(0.187146997683,-0.210238250205,
    0.279241787304));
#1634 = CARTESIAN_POINT('',(0.189532927601,-0.223759080805,
    0.276039835434));
#1635 = CARTESIAN_POINT('',(0.191647308004,-0.238390313219,
    0.276657890934));
#1636 = CARTESIAN_POINT('',(0.193041506154,-0.25197731712,0.273062150967
    ));
#1637 = CARTESIAN_POINT('',(0.193641016894,-0.26601548463,0.270447432659
    ));
#1638 = CARTESIAN_POINT('',(0.193629601287,-0.280413026253,
    0.268011769213));
#1639 = CARTESIAN_POINT('',(0.194493033361,-0.294373684448,0.26347497367
    ));
#1640 = CARTESIAN_POINT('',(0.19553107891,-0.307429150466,0.259430136977
    ));
#1641 = CARTESIAN_POINT('',(0.199037322598,-0.344125043613,
    0.242269236024));
#1642 = CARTESIAN_POINT('',(0.197118873753,-0.324681606886,
    0.351439708467));
#1643 = CARTESIAN_POINT('',(0.19959531863,-0.349888040359,0.287030771263
    ));
#1644 = CARTESIAN_POINT('',(0.199736227712,-0.364668231585,
    0.264699580757));
#1645 = CARTESIAN_POINT('',(0.202431860917,-0.376532727738,
    0.236949677023));
#1646 = CARTESIAN_POINT('',(0.193340425951,-0.393059555634,
    0.214661309928));
#1647 = CARTESIAN_POINT('',(0.175139017606,-0.40603232863,0.203196312104
    ));
#1648 = CARTESIAN_POINT('',(0.152345710888,-0.419614389694,
    0.191155810057));
#1649 = CARTESIAN_POINT('',(0.127321489053,-0.433557909603,
    0.182742991049));
#1650 = CARTESIAN_POINT('',(0.10796260845,-0.446179989493,0.168916440029
    ));
#1651 = CARTESIAN_POINT('',(9.114043702849E-02,-0.460110755566,
    0.161313007548));
#1652 = CARTESIAN_POINT('',(9.062413010759E-02,-0.47611688422,
    0.156015023639));
#1653 = CARTESIAN_POINT('',(8.673360109208E-02,-0.490300133826,
    0.152264380336));
#1654 = CARTESIAN_POINT('',(7.965498346254E-02,-0.504167068569,
    0.148712272899));
#1655 = CARTESIAN_POINT('',(7.074596033947E-02,-0.518319037048,
    0.149537407322));
#1656 = CARTESIAN_POINT('',(6.173835737579E-02,-0.531451491165,
    0.149906621964));
#1657 = CARTESIAN_POINT('',(4.759996185717E-02,-0.555343599488,
    0.146584226379));
#1658 = CARTESIAN_POINT('',(4.9284371262E-02,-0.552172199913,
    0.185143575659));
#1659 = CARTESIAN_POINT('',(4.209756832343E-02,-0.573134680297,
    0.190094063234));
#1660 = CARTESIAN_POINT('',(4.411388582635E-02,-0.5888174494,
    0.192733347007));
#1661 = CARTESIAN_POINT('',(5.160710014791E-02,-0.602035802976,
    0.196609210709));
#1662 = CARTESIAN_POINT('',(6.07746376008E-02,-0.615573714739,
    0.198652972945));
#1663 = CARTESIAN_POINT('',(6.734044296803E-02,-0.62989692408,
    0.198749582145));
#1664 = CARTESIAN_POINT('',(7.402494620459E-02,-0.651031351283,
    0.201512929861));
#1665 = CARTESIAN_POINT('',(-1.986792842086E-02,-0.710860270316,
    0.166598498562));
#1666 = CARTESIAN_POINT('',(0.245900042284,-0.539809048887,
    0.428904447269));
#1667 = CARTESIAN_POINT('',(5.865445604694E-02,-0.6721,0.192174338098));
#1668 = CARTESIAN_POINT('',(3.96400659273E-02,0.6721,0.527986839856));
#1669 = CARTESIAN_POINT('',(4.011207455152E-02,0.671250621577,
    0.527502537215));
#1670 = CARTESIAN_POINT('',(3.957116571253E-02,0.641846875143,
    0.519915250533));
#1671 = CARTESIAN_POINT('',(3.545025919394E-02,0.653235465992,
    0.482790931407));
#1672 = CARTESIAN_POINT('',(5.278127488418E-02,0.629974970489,
    0.469411172894));
#1673 = CARTESIAN_POINT('',(7.587992005153E-02,0.612556785852,
    0.466420482163));
#1674 = CARTESIAN_POINT('',(8.753916128729E-02,0.600894039266,
    0.481961147017));
#1675 = CARTESIAN_POINT('',(8.497921638112E-02,0.593099537558,
    0.496597566565));
#1676 = CARTESIAN_POINT('',(0.147069714079,0.500134468,0.544173159186));
#1677 = CARTESIAN_POINT('',(0.126781611241,0.558943725446,1.122396788802
    ));
#1678 = CARTESIAN_POINT('',(6.289332861124E-02,0.609875829967,
    0.494532145235));
#1679 = CARTESIAN_POINT('',(0.163831959666,0.516920887367,0.587905296628
    ));
#1680 = CARTESIAN_POINT('',(0.149207787193,0.528502453087,0.504586786985
    ));
#1681 = CARTESIAN_POINT('',(0.158375893816,0.504381437599,0.473429165816
    ));
#1682 = CARTESIAN_POINT('',(0.187321273947,0.489023477918,0.461761230274
    ));
#1683 = CARTESIAN_POINT('',(0.220272294888,0.475597493701,0.452832436593
    ));
#1684 = CARTESIAN_POINT('',(0.255687471123,0.462540451838,0.445970051526
    ));
#1685 = CARTESIAN_POINT('',(0.290698899516,0.448816314108,0.440566943784
    ));
#1686 = CARTESIAN_POINT('',(0.315667744857,0.436876190467,0.429846958139
    ));
#1687 = CARTESIAN_POINT('',(0.334565895398,0.422388038865,0.425395729057
    ));
#1688 = CARTESIAN_POINT('',(0.331263479953,0.402622014075,0.412518233549
    ));
#1689 = CARTESIAN_POINT('',(0.330573634882,0.395251548383,0.433282482306
    ));
#1690 = CARTESIAN_POINT('',(0.324797376848,0.374606182137,0.445324423343
    ));
#1691 = CARTESIAN_POINT('',(0.322141414107,0.367263268385,0.421795506946
    ));
#1692 = CARTESIAN_POINT('',(0.315090315897,0.348356241279,0.421056453031
    ));
#1693 = CARTESIAN_POINT('',(0.31117059745,0.338218697134,0.406513937788)
  );
#1694 = CARTESIAN_POINT('',(0.305402846194,0.321881874282,0.409515730382
    ));
#1695 = CARTESIAN_POINT('',(0.301649298345,0.308237043389,0.409631066874
    ));
#1696 = CARTESIAN_POINT('',(0.298593593956,0.294095134136,0.409746109213
    ));
#1697 = CARTESIAN_POINT('',(0.299240783079,0.2797515769,0.40917061456));
#1698 = CARTESIAN_POINT('',(0.294202913951,0.265049606334,0.407899591332
    ));
#1699 = CARTESIAN_POINT('',(0.282696356589,0.250932764021,0.406599313204
    ));
#1700 = CARTESIAN_POINT('',(0.268835996412,0.237811437094,0.402558871065
    ));
#1701 = CARTESIAN_POINT('',(0.251215488754,0.223157859515,0.400459640441
    ));
#1702 = CARTESIAN_POINT('',(0.236825856578,0.211451094,0.393047094539));
#1703 = CARTESIAN_POINT('',(0.220094170087,0.196591192153,0.393282106344
    ));
#1704 = CARTESIAN_POINT('',(0.2079849328,0.182862126627,0.392150564811)
  );
#1705 = CARTESIAN_POINT('',(0.200162869428,0.168617045813,0.390174786992
    ));
#1706 = CARTESIAN_POINT('',(0.20066615664,0.153331037571,0.389037329558)
  );
#1707 = CARTESIAN_POINT('',(0.198541786459,0.140278590956,0.384927399005
    ));
#1708 = CARTESIAN_POINT('',(0.195032213672,0.125546175067,0.382930058736
    ));
#1709 = CARTESIAN_POINT('',(0.148110703429,-2.171267141497E-02,
    0.330343147748));
#1710 = CARTESIAN_POINT('',(0.225342107093,0.219358797566,0.928833562412
    ));
#1711 = CARTESIAN_POINT('',(0.141966298023,-3.82470925513E-02,
    0.743082336642));
#1712 = CARTESIAN_POINT('',(0.209739283155,0.21203229865,0.385718167948)
  );
#1713 = CARTESIAN_POINT('',(0.174215311204,5.514478939352E-02,
    0.35115172726));
#1714 = CARTESIAN_POINT('',(0.173341793695,4.162240073244E-02,
    0.345653695286));
#1715 = CARTESIAN_POINT('',(0.173114876091,-4.650981546442E-02,
    0.294648018462));
#1716 = CARTESIAN_POINT('',(0.168970483308,4.877888007682E-03,
    0.990934514039));
#1717 = CARTESIAN_POINT('',(0.181273932367,0.118589856777,0.257364642824
    ));
#1718 = CARTESIAN_POINT('',(0.170650506874,-1.41544417493E-02,
    0.264272582043));
#1719 = CARTESIAN_POINT('',(0.169341825092,-2.811992002207E-02,
    0.265553042542));
#1720 = CARTESIAN_POINT('',(0.168020213776,-4.198673242768E-02,
    0.269559407475));
#1721 = CARTESIAN_POINT('',(0.166751710565,-5.593735866524E-02,
    0.273480155652));
#1722 = CARTESIAN_POINT('',(0.16563330106,-6.951218035804E-02,
    0.274992328962));
#1723 = CARTESIAN_POINT('',(0.164566650779,-8.74371776811E-02,
    0.278556894227));
#1724 = CARTESIAN_POINT('',(0.16429595685,-9.463809312577E-02,
    0.25870812587));
#1725 = CARTESIAN_POINT('',(0.164040558776,-0.112323536623,
    0.260564714214));
#1726 = CARTESIAN_POINT('',(0.164789376073,-0.125950904737,0.26012419105
    ));
#1727 = CARTESIAN_POINT('',(0.166227604936,-0.140067995073,
    0.260255049625));
#1728 = CARTESIAN_POINT('',(0.168224745613,-0.154035141309,0.2601725817)
  );
#1729 = CARTESIAN_POINT('',(0.17061685542,-0.16806232443,0.26037199887)
  );
#1730 = CARTESIAN_POINT('',(0.173232921835,-0.182036699034,
    0.259653364986));
#1731 = CARTESIAN_POINT('',(0.175917095073,-0.195992493559,
    0.259014349491));
#1732 = CARTESIAN_POINT('',(0.178558788911,-0.210238250205,
    0.258976281187));
#1733 = CARTESIAN_POINT('',(0.180835228084,-0.223759080805,
    0.256396907333));
#1734 = CARTESIAN_POINT('',(0.182852579197,-0.238390313219,
    0.256894509856));
#1735 = CARTESIAN_POINT('',(0.184182797347,-0.25197731712,0.25399894557)
  );
#1736 = CARTESIAN_POINT('',(0.184754796433,-0.26601548463,0.251888299907
    ));
#1737 = CARTESIAN_POINT('',(0.184743904691,-0.280413026253,
    0.249942263192));
#1738 = CARTESIAN_POINT('',(0.185567713714,-0.294373684448,
    0.246223665918));
#1739 = CARTESIAN_POINT('',(0.186558123169,-0.307429150466,
    0.243210502277));
#1740 = CARTESIAN_POINT('',(0.189903464716,-0.344125043613,
    0.227319499145));
#1741 = CARTESIAN_POINT('',(0.188073053828,-0.324681606886,
    0.346465149694));
#1742 = CARTESIAN_POINT('',(0.190435854211,-0.349888040359,
    0.278288353323));
#1743 = CARTESIAN_POINT('',(0.190570296951,-0.364668231585,
    0.255683614188));
#1744 = CARTESIAN_POINT('',(0.193142227069,-0.376532727738,
    0.227246659087));
#1745 = CARTESIAN_POINT('',(0.184467999671,-0.393059555634,
    0.206294862579));
#1746 = CARTESIAN_POINT('',(0.167101857121,-0.40603232863,0.197915346299
    ));
#1747 = CARTESIAN_POINT('',(0.145354539455,-0.419614389694,
    0.187908057077));
#1748 = CARTESIAN_POINT('',(0.121478682958,-0.433557909603,
    0.181451473638));
#1749 = CARTESIAN_POINT('',(0.103008186733,-0.446179989493,
    0.167177776651));
#1750 = CARTESIAN_POINT('',(8.695798261469E-02,-0.460110755566,
    0.159659323903));
#1751 = CARTESIAN_POINT('',(8.646538323216E-02,-0.47611688422,
    0.154345417286));
#1752 = CARTESIAN_POINT('',(8.275334137287E-02,-0.490300133826,
    0.150598242055));
#1753 = CARTESIAN_POINT('',(7.599975598413E-02,-0.504167068569,
    0.147046813397));
#1754 = CARTESIAN_POINT('',(6.749882669395E-02,-0.518319037049,
    0.147865472185));
#1755 = CARTESIAN_POINT('',(5.890485248781E-02,-0.531451491163,
    0.148259738346));
#1756 = CARTESIAN_POINT('',(4.541527910601E-02,-0.5553435995,
    0.144802964596));
#1757 = CARTESIAN_POINT('',(4.702241630527E-02,-0.552172199828,
    0.184315534397));
#1758 = CARTESIAN_POINT('',(4.016545387741E-02,-0.573134680424,
    0.186986147373));
#1759 = CARTESIAN_POINT('',(4.20892314418E-02,-0.588817448977,
    0.189335352436));
#1760 = CARTESIAN_POINT('',(4.923853542947E-02,-0.602035804722,
    0.192386018544));
#1761 = CARTESIAN_POINT('',(5.798532205063E-02,-0.615573708421,
    0.194089894899));
#1762 = CARTESIAN_POINT('',(6.424977161739E-02,-0.629896945518,
    0.194022487726));
#1763 = CARTESIAN_POINT('',(7.062754362046E-02,-0.651031218142,
    0.197036269218));
#1764 = CARTESIAN_POINT('',(-1.895673573966E-02,-0.710861953398,
    0.159670681247));
#1765 = CARTESIAN_POINT('',(0.234615727279,-0.539805178925,
    0.442713159921));
#1766 = CARTESIAN_POINT('',(5.596244601501E-02,-0.6721,0.188835383687));
#1767 = CARTESIAN_POINT('',(3.681253532361E-02,0.6721,0.520299474601));
#1768 = CARTESIAN_POINT('',(3.725088157903E-02,0.671250621577,
    0.519673307902));
#1769 = CARTESIAN_POINT('',(3.674912235953E-02,0.641846875143,
    0.510009739217));
#1770 = CARTESIAN_POINT('',(3.292175773532E-02,0.653235465992,
    0.470129149651));
#1771 = CARTESIAN_POINT('',(4.90167220004E-02,0.629974970489,
    0.454477016971));
#1772 = CARTESIAN_POINT('',(7.046787044647E-02,0.612556785852,
    0.45099828235));
#1773 = CARTESIAN_POINT('',(8.129553547217E-02,0.600894039266,
    0.462877111016));
#1774 = CARTESIAN_POINT('',(7.891817396726E-02,0.593099537558,
    0.473922361556));
#1775 = CARTESIAN_POINT('',(0.136580141275,0.500134468,0.514238514618));
#1776 = CARTESIAN_POINT('',(0.11773906227,0.558943725446,1.140076112677)
  );
#1777 = CARTESIAN_POINT('',(5.840753625799E-02,0.609875829967,
    0.461632419834));
#1778 = CARTESIAN_POINT('',(0.152146838701,0.516920887367,0.554092510081
    ));
#1779 = CARTESIAN_POINT('',(0.138565718052,0.528502453087,0.464599906559
    ));
#1780 = CARTESIAN_POINT('',(0.147079920302,0.504381437599,0.428349285303
    ));
#1781 = CARTESIAN_POINT('',(0.173960805393,0.489023477918,0.414329186944
    ));
#1782 = CARTESIAN_POINT('',(0.204561633694,0.475597493701,0.404373071621
    ));
#1783 = CARTESIAN_POINT('',(0.237450864326,0.462540451838,0.395920780635
    ));
#1784 = CARTESIAN_POINT('',(0.269965143953,0.448816314108,0.389947581305
    ));
#1785 = CARTESIAN_POINT('',(0.2931531159,0.436876190467,0.377551022602)
  );
#1786 = CARTESIAN_POINT('',(0.31070337818,0.422388038865,0.372513872752)
  );
#1787 = CARTESIAN_POINT('',(0.307636503615,0.402622014075,0.358445138734
    ));
#1788 = CARTESIAN_POINT('',(0.306995860929,0.395251548383,0.3813034265)
  );
#1789 = CARTESIAN_POINT('',(0.301631587674,0.374606182137,0.393784165663
    ));
#1790 = CARTESIAN_POINT('',(0.299165058339,0.367263268385,0.370993342688
    ));
#1791 = CARTESIAN_POINT('',(0.292616871377,0.348356241279,0.369052255134
    ));
#1792 = CARTESIAN_POINT('',(0.288976722218,0.338218697134,0.352910221071
    ));
#1793 = CARTESIAN_POINT('',(0.283620349006,0.321881874282,0.35632415883)
  );
#1794 = CARTESIAN_POINT('',(0.280134518523,0.308237043389,0.35614611424)
  );
#1795 = CARTESIAN_POINT('',(0.277296758639,0.294095134136,0.356304943317
    ));
#1796 = CARTESIAN_POINT('',(0.277897787763,0.2797515769,0.35584183529));
#1797 = CARTESIAN_POINT('',(0.273219238698,0.265049606334,0.354865603791
    ));
#1798 = CARTESIAN_POINT('',(0.262533372945,0.250932764021,0.353859710593
    ));
#1799 = CARTESIAN_POINT('',(0.249661586583,0.237811437094,0.350739905359
    ));
#1800 = CARTESIAN_POINT('',(0.233297840816,0.223157859515,0.34911852911)
  );
#1801 = CARTESIAN_POINT('',(0.219934532154,0.211451094,0.343394030168));
#1802 = CARTESIAN_POINT('',(0.204396213435,0.196591192153,0.343575408075
    ));
#1803 = CARTESIAN_POINT('',(0.193150653191,0.182862126627,0.34270187731)
  );
#1804 = CARTESIAN_POINT('',(0.185886489248,0.168617045813,0.341174937698
    ));
#1805 = CARTESIAN_POINT('',(0.186353880094,0.153331037571,0.340300266872
    ));
#1806 = CARTESIAN_POINT('',(0.184381028106,0.140278590956,0.337111442896
    ));
#1807 = CARTESIAN_POINT('',(0.181121771452,0.125546175067,0.3356253855)
  );
#1808 = CARTESIAN_POINT('',(0.137546882492,-2.171267141497E-02,
    0.292654980169));
#1809 = CARTESIAN_POINT('',(0.209269847534,0.219358797566,0.920602066529
    ));
#1810 = CARTESIAN_POINT('',(0.131840719542,-3.82470925513E-02,
    0.747636832209));
#1811 = CARTESIAN_POINT('',(0.19477987658,0.21203229865,0.336067955444)
  );
#1812 = CARTESIAN_POINT('',(0.161789609958,5.514478939352E-02,
    0.311063290099));
#1813 = CARTESIAN_POINT('',(0.160978395053,4.162240073244E-02,
    0.306859502879));
#1814 = CARTESIAN_POINT('',(0.16076766208,-4.650981546442E-02,
    0.265047015833));
#1815 = CARTESIAN_POINT('',(0.156918863216,4.877888007682E-03,
    1.003613777262));
#1816 = CARTESIAN_POINT('',(0.168344783306,0.118589856777,0.233862281387
    ));
#1817 = CARTESIAN_POINT('',(0.158479061085,-1.41544417493E-02,
    0.244339050312));
#1818 = CARTESIAN_POINT('',(0.157263719486,-2.811992002208E-02,
    0.24616082718));
#1819 = CARTESIAN_POINT('',(0.156036370535,-4.198673242768E-02,
    0.250648124506));
#1820 = CARTESIAN_POINT('',(0.154858341817,-5.593735866524E-02,
    0.255103713735));
#1821 = CARTESIAN_POINT('',(0.153819701548,-6.951218035804E-02,
    0.256994467436));
#1822 = CARTESIAN_POINT('',(0.152829128839,-8.74371776811E-02,
    0.260818820508));
#1823 = CARTESIAN_POINT('',(0.152577741834,-9.463809312577E-02,
    0.239167268903));
#1824 = CARTESIAN_POINT('',(0.152340559726,-0.112323536623,
    0.241189367705));
#1825 = CARTESIAN_POINT('',(0.153035968515,-0.125950904737,
    0.240710639648));
#1826 = CARTESIAN_POINT('',(0.154371617403,-0.140067995073,
    0.240848885226));
#1827 = CARTESIAN_POINT('',(0.15622631438,-0.154035141309,0.240775186638
    ));
#1828 = CARTESIAN_POINT('',(0.158447809782,-0.16806232443,0.240931888899
    ));
#1829 = CARTESIAN_POINT('',(0.16087728835,-0.182036699034,0.240376172306
    ));
#1830 = CARTESIAN_POINT('',(0.163370016104,-0.195992493559,
    0.239882873268));
#1831 = CARTESIAN_POINT('',(0.165823294249,-0.210238250205,
    0.239853396644));
#1832 = CARTESIAN_POINT('',(0.167937369088,-0.223759080805,
    0.237861498249));
#1833 = CARTESIAN_POINT('',(0.169810835016,-0.238390313219,
    0.238245439246));
#1834 = CARTESIAN_POINT('',(0.171046176928,-0.25197731712,0.236010572928
    ));
#1835 = CARTESIAN_POINT('',(0.171577378856,-0.26601548463,0.234375578991
    ));
#1836 = CARTESIAN_POINT('',(0.171567263954,-0.280413026253,
    0.232891562588));
#1837 = CARTESIAN_POINT('',(0.172332315771,-0.294373684448,
    0.229945031451));
#1838 = CARTESIAN_POINT('',(0.173252085443,-0.307429150466,0.22790537247
    ));
#1839 = CARTESIAN_POINT('',(0.176358824456,-0.344125043613,
    0.213212667041));
#1840 = CARTESIAN_POINT('',(0.174658965462,-0.324681606886,
    0.341771069393));
#1841 = CARTESIAN_POINT('',(0.176853241899,-0.349888040359,
    0.270038855485));
#1842 = CARTESIAN_POINT('',(0.17697809567,-0.364668231585,0.2471759911)
  );
#1843 = CARTESIAN_POINT('',(0.179366585908,-0.376532727738,
    0.218090722361));
#1844 = CARTESIAN_POINT('',(0.171311037543,-0.393059555634,
    0.198400137139));
#1845 = CARTESIAN_POINT('',(0.155183514544,-0.40603232863,0.192932134985
    ));
#1846 = CARTESIAN_POINT('',(0.134987298802,-0.419614389694,
    0.184843420799));
#1847 = CARTESIAN_POINT('',(0.11281435893,-0.433557909603,0.180232775311
    ));
#1848 = CARTESIAN_POINT('',(9.56612509883E-02,-0.446179989493,
    0.16553714361));
#1849 = CARTESIAN_POINT('',(8.075580351473E-02,-0.460110755566,
    0.158098879198));
#1850 = CARTESIAN_POINT('',(8.029835256328E-02,-0.47611688422,
    0.152769947696));
#1851 = CARTESIAN_POINT('',(7.685101695032E-02,-0.490300133826,
    0.149026044785));
#1852 = CARTESIAN_POINT('',(7.057931956514E-02,-0.504167068569,
    0.145475257457));
#1853 = CARTESIAN_POINT('',(6.268395360442E-02,-0.518319037048,
    0.146287802564));
#1854 = CARTESIAN_POINT('',(5.470320727041E-02,-0.531451491166,
    0.146705708657));
#1855 = CARTESIAN_POINT('',(4.217577059678E-02,-0.555343599486,
    0.143122132869));
#1856 = CARTESIAN_POINT('',(4.366830665779E-02,-0.552172199927,
    0.183534179468));
#1857 = CARTESIAN_POINT('',(3.730044656458E-02,-0.573134680276,
    0.184053460266));
#1858 = CARTESIAN_POINT('',(3.908700172493E-02,-0.58881744947,
    0.186128942431));
#1859 = CARTESIAN_POINT('',(4.572634500658E-02,-0.602035802691,
    0.188400933903));
#1860 = CARTESIAN_POINT('',(5.384922142423E-02,-0.615573715769,
    0.189784098471));
#1861 = CARTESIAN_POINT('',(5.96668303023E-02,-0.629896920583,
    0.189561885162));
#1862 = CARTESIAN_POINT('',(6.558965692644E-02,-0.651031373001,
    0.192812188063));
#1863 = CARTESIAN_POINT('',(-1.760435189358E-02,-0.710859995771,
    0.153131205708));
#1864 = CARTESIAN_POINT('',(0.217880105191,-0.539809680158,
    0.455748510708));
#1865 = CARTESIAN_POINT('',(5.197063810392E-02,-0.6721,0.185684684501));
#1866 = CARTESIAN_POINT('',(3.313002968279E-02,0.6721,0.513291426372));
#1867 = CARTESIAN_POINT('',(3.352452437609E-02,0.671250621577,
    0.512535917538));
#1868 = CARTESIAN_POINT('',(3.307276871515E-02,0.641846875143,
    0.500978358028));
#1869 = CARTESIAN_POINT('',(2.962840543686E-02,0.653235465992,
    0.45858559865));
#1870 = CARTESIAN_POINT('',(4.411326833109E-02,0.629974970489,
    0.440861642809));
#1871 = CARTESIAN_POINT('',(6.341852804933E-02,0.612556785852,
    0.436937986715));
#1872 = CARTESIAN_POINT('',(7.316303192495E-02,0.600894039266,
    0.44547833697));
#1873 = CARTESIAN_POINT('',(7.102349337455E-02,0.593099537558,
    0.453249548929));
#1874 = CARTESIAN_POINT('',(0.122917171558,0.500134468,0.486947323956));
#1875 = CARTESIAN_POINT('',(0.105960884414,0.558943725446,1.156194219238
    ));
#1876 = CARTESIAN_POINT('',(5.256466352167E-02,0.609875829967,
    0.431637988864));
#1877 = CARTESIAN_POINT('',(0.136926634726,0.516920887367,0.523265648179
    ));
#1878 = CARTESIAN_POINT('',(0.124704118885,0.528502453087,0.428144169933
    ));
#1879 = CARTESIAN_POINT('',(0.132366592002,0.504381437599,0.387250298997
    ));
#1880 = CARTESIAN_POINT('',(0.156558413307,0.489023477918,0.371085751576
    ));
#1881 = CARTESIAN_POINT('',(0.184098048537,0.475597493701,0.360193034879
    ));
#1882 = CARTESIAN_POINT('',(0.213697162837,0.462540451838,0.350291238683
    ));
#1883 = CARTESIAN_POINT('',(0.242958834837,0.448816314108,0.343798291163
    ));
#1884 = CARTESIAN_POINT('',(0.263827168296,0.436876190467,0.329873213477
    ));
#1885 = CARTESIAN_POINT('',(0.279621767599,0.422388038865,0.32430188409)
  );
#1886 = CARTESIAN_POINT('',(0.276861691762,0.402622014075,0.309147106927
    ));
#1887 = CARTESIAN_POINT('',(0.276285136588,0.395251548383,0.333914514229
    ));
#1888 = CARTESIAN_POINT('',(0.271457485282,0.374606182137,0.346795302327
    ));
#1889 = CARTESIAN_POINT('',(0.269237698369,0.367263268385,0.324677393545
    ));
#1890 = CARTESIAN_POINT('',(0.263344567681,0.348356241279,0.321640421009
    ));
#1891 = CARTESIAN_POINT('',(0.260068565508,0.338218697134,0.304040117729
    ));
#1892 = CARTESIAN_POINT('',(0.255248023954,0.321881874282,0.307829805118
    ));
#1893 = CARTESIAN_POINT('',(0.25211090299,0.308237043389,0.307384287214)
  );
#1894 = CARTESIAN_POINT('',(0.249557022052,0.294095134136,0.307583036329
    ));
#1895 = CARTESIAN_POINT('',(0.250097926457,0.2797515769,0.307222390341)
  );
#1896 = CARTESIAN_POINT('',(0.245887402044,0.265049606334,0.306514918232
    ));
#1897 = CARTESIAN_POINT('',(0.236270510565,0.250932764021,0.30577741355)
  );
#1898 = CARTESIAN_POINT('',(0.224686369846,0.237811437094,0.303496946021
    ));
#1899 = CARTESIAN_POINT('',(0.209959592355,0.223157859515,0.302311225996
    ));
#1900 = CARTESIAN_POINT('',(0.1979330994,0.211451094,0.298125706707));
#1901 = CARTESIAN_POINT('',(0.183949176305,0.196591192153,0.298258186994
    ));
#1902 = CARTESIAN_POINT('',(0.173828580091,0.182862126627,0.297619882697
    ));
#1903 = CARTESIAN_POINT('',(0.167291096096,0.168617045813,0.296502145486
    ));
#1904 = CARTESIAN_POINT('',(0.1677117309,0.153331037571,0.295867055223)
  );
#1905 = CARTESIAN_POINT('',(0.165936235688,0.140278590956,0.293517997151
    ));
#1906 = CARTESIAN_POINT('',(0.16300302295,0.125546175067,0.292498072484)
  );
#1907 = CARTESIAN_POINT('',(0.123787203845,-2.171267141497E-02,
    0.25829496267));
#1908 = CARTESIAN_POINT('',(0.188335270171,0.219358797566,0.913097473954
    ));
#1909 = CARTESIAN_POINT('',(0.118651864218,-3.82470925513E-02,
    0.751789131391));
#1910 = CARTESIAN_POINT('',(0.17529482203,0.21203229865,0.290802232009)
  );
#1911 = CARTESIAN_POINT('',(0.145604779004,5.514478939352E-02,
    0.274514964966));
#1912 = CARTESIAN_POINT('',(0.144874715022,4.162240073244E-02,
    0.271491130905));
#1913 = CARTESIAN_POINT('',(0.144685062992,-4.650981546442E-02,
    0.238060005489));
#1914 = CARTESIAN_POINT('',(0.141221283654,4.877888007682E-03,
    1.015173365699));
#1915 = CARTESIAN_POINT('',(0.151504197186,0.118589856777,0.212435356119
    ));
#1916 = CARTESIAN_POINT('',(0.14262540513,-1.41544417493E-02,
    0.22616580011));
#1917 = CARTESIAN_POINT('',(0.141531641785,-2.811992002208E-02,
    0.228481091019));
#1918 = CARTESIAN_POINT('',(0.140427072259,-4.198673242768E-02,
    0.233406850772));
#1919 = CARTESIAN_POINT('',(0.139366889153,-5.593735866524E-02,
    0.238350050547));
#1920 = CARTESIAN_POINT('',(0.138432150595,-6.951218035804E-02,
    0.240585953128));
#1921 = CARTESIAN_POINT('',(0.137540671096,-8.74371776811E-02,
    0.24464715278));
#1922 = CARTESIAN_POINT('',(0.137314431912,-9.463809312577E-02,
    0.221352017315));
#1923 = CARTESIAN_POINT('',(0.13710097662,-0.112323536623,0.223525010749
    ));
#1924 = CARTESIAN_POINT('',(0.137726819299,-0.125950904737,
    0.223011451581));
#1925 = CARTESIAN_POINT('',(0.13892885484,-0.140067995073,0.223156431833
    ));
#1926 = CARTESIAN_POINT('',(0.140598014828,-0.154035141309,
    0.223090728185));
#1927 = CARTESIAN_POINT('',(0.142597280091,-0.16806232443,0.223208487586
    ));
#1928 = CARTESIAN_POINT('',(0.144783722657,-0.182036699034,
    0.222801301455));
#1929 = CARTESIAN_POINT('',(0.147027087196,-0.195992493559,0.22244085101
    ));
#1930 = CARTESIAN_POINT('',(0.149234948518,-0.210238250205,
    0.222419207355));
#1931 = CARTESIAN_POINT('',(0.151137539171,-0.223759080805,
    0.220962905895));
#1932 = CARTESIAN_POINT('',(0.152823590535,-0.238390313219,
    0.221243222537));
#1933 = CARTESIAN_POINT('',(0.153935353436,-0.25197731712,0.219610709563
    ));
#1934 = CARTESIAN_POINT('',(0.154413415898,-0.26601548463,0.21840936371)
  );
#1935 = CARTESIAN_POINT('',(0.154404312853,-0.280413026253,
    0.217346567732));
#1936 = CARTESIAN_POINT('',(0.155092831732,-0.294373684448,
    0.215103923457));
#1937 = CARTESIAN_POINT('',(0.155920591065,-0.307429150466,
    0.213951801316));
#1938 = CARTESIAN_POINT('',(0.15871654346,-0.344125043613,0.200351574844
    ));
#1939 = CARTESIAN_POINT('',(0.157186732039,-0.324681606886,
    0.337491511864));
#1940 = CARTESIAN_POINT('',(0.159161501221,-0.349888040359,
    0.262517850663));
#1941 = CARTESIAN_POINT('',(0.159273865085,-0.364668231585,
    0.239419655439));
#1942 = CARTESIAN_POINT('',(0.161423419642,-0.376532727738,
    0.209743324058));
#1943 = CARTESIAN_POINT('',(0.154173718376,-0.393059555634,
    0.191202575629));
#1944 = CARTESIAN_POINT('',(0.139659532823,-0.40603232863,0.188388978906
    ));
#1945 = CARTESIAN_POINT('',(0.121483671341,-0.419614389694,
    0.182049415039));
#1946 = CARTESIAN_POINT('',(0.101528830133,-0.433557909603,
    0.179121697365));
#1947 = CARTESIAN_POINT('',(8.609165466931E-02,-0.446179989493,
    0.164041390546));
#1948 = CARTESIAN_POINT('',(7.267729447318E-02,-0.460110755566,
    0.156676234368));
#1949 = CARTESIAN_POINT('',(7.226560041165E-02,-0.47611688422,
    0.151333601659));
#1950 = CARTESIAN_POINT('',(6.916314040458E-02,-0.490300133826,
    0.147592693169));
#1951 = CARTESIAN_POINT('',(6.35187745995E-02,-0.504167068569,
    0.144042447674));
#1952 = CARTESIAN_POINT('',(5.641348427329E-02,-0.518319037049,
    0.144849583756));
#1953 = CARTESIAN_POINT('',(4.923101090823E-02,-0.531451491165,
    0.145288996319));
#1954 = CARTESIAN_POINT('',(3.795676944773E-02,-0.555343599491,
    0.141589839263));
#1955 = CARTESIAN_POINT('',(3.929998917117E-02,-0.55217219989,
    0.182821869994));
#1956 = CARTESIAN_POINT('',(3.356913328719E-02,-0.573134680332,
    0.181379929449));
#1957 = CARTESIAN_POINT('',(3.517697256104E-02,-0.588817449283,
    0.183205874825));
#1958 = CARTESIAN_POINT('',(4.115215297906E-02,-0.602035803459,
    0.184768009671));
#1959 = CARTESIAN_POINT('',(4.84624758439E-02,-0.615573712991,
    0.1858587732));
#1960 = CARTESIAN_POINT('',(5.369809017796E-02,-0.62989693001,
    0.185495536566));
#1961 = CARTESIAN_POINT('',(5.902863199486E-02,-0.651031314457,
    0.188960886867));
#1962 = CARTESIAN_POINT('',(-1.584548806379E-02,-0.71086073585,
    0.147175850356));
#1963 = CARTESIAN_POINT('',(0.196089673762,-0.539807978472,
    0.467617606201));
#1964 = CARTESIAN_POINT('',(4.6771806611E-02,-0.6721,0.182812406274));
#1965 = CARTESIAN_POINT('',(2.868854964111E-02,0.6721,0.507161661387));
#1966 = CARTESIAN_POINT('',(2.903015055784E-02,0.671250621577,
    0.506293011149));
#1967 = CARTESIAN_POINT('',(2.863830355772E-02,0.641846875143,
    0.493078074398));
#1968 = CARTESIAN_POINT('',(2.565616422567E-02,0.653235465992,
    0.448488321189));
#1969 = CARTESIAN_POINT('',(3.819895782962E-02,0.629974970489,
    0.428952032404));
#1970 = CARTESIAN_POINT('',(5.491596168753E-02,0.612556785852,
    0.424639211402));
#1971 = CARTESIAN_POINT('',(6.335400618291E-02,0.600894039266,
    0.430259331398));
#1972 = CARTESIAN_POINT('',(6.150131911541E-02,0.593099537558,
    0.435166688007));
#1973 = CARTESIAN_POINT('',(0.106437570713,0.500134468,0.463075253908));
#1974 = CARTESIAN_POINT('',(9.175462736217E-02,0.558943725446,
    1.170293001854));
#1975 = CARTESIAN_POINT('',(4.5517278566E-02,0.609875829967,
    0.405401349429));
#1976 = CARTESIAN_POINT('',(0.11856877528,0.516920887367,0.496300867241)
  );
#1977 = CARTESIAN_POINT('',(0.107984941556,0.528502453087,0.396255716442
    ));
#1978 = CARTESIAN_POINT('',(0.114620100997,0.504381437599,0.351300315958
    ));
#1979 = CARTESIAN_POINT('',(0.135568506175,0.489023477918,0.333259982434
    ));
#1980 = CARTESIAN_POINT('',(0.159415881285,0.475597493701,0.321548004569
    ));
#1981 = CARTESIAN_POINT('',(0.185046619518,0.462540451838,0.310378301489
    ));
#1982 = CARTESIAN_POINT('',(0.210385156601,0.448816314108,0.303430721377
    ));
#1983 = CARTESIAN_POINT('',(0.22845565651,0.436876190467,0.288168622112)
  );
#1984 = CARTESIAN_POINT('',(0.242132661712,0.422388038865,0.282130036792
    ));
#1985 = CARTESIAN_POINT('',(0.239742631369,0.402622014075,0.266025279199
    ));
#1986 = CARTESIAN_POINT('',(0.239243375392,0.395251548383,0.292462625862
    ));
#1987 = CARTESIAN_POINT('',(0.235062971017,0.374606182137,0.305693343574
    ));
#1988 = CARTESIAN_POINT('',(0.233140792647,0.367263268385,0.284164044294
    ));
#1989 = CARTESIAN_POINT('',(0.228037758532,0.348356241279,0.280168482506
    ));
#1990 = CARTESIAN_POINT('',(0.225200972495,0.338218697134,0.261292606314
    ));
#1991 = CARTESIAN_POINT('',(0.221026724662,0.321881874282,0.265410968304
    ));
#1992 = CARTESIAN_POINT('',(0.218310199924,0.308237043389,0.264731486937
    ));
#1993 = CARTESIAN_POINT('',(0.216098719772,0.294095134136,0.264965154789
    ));
#1994 = CARTESIAN_POINT('',(0.216567104706,0.2797515769,0.26469413409));
#1995 = CARTESIAN_POINT('',(0.212921088546,0.265049606334,0.264221750395
    ));
#1996 = CARTESIAN_POINT('',(0.204593541119,0.250932764021,0.263719009717
    ));
#1997 = CARTESIAN_POINT('',(0.194562495075,0.237811437094,0.26217272517)
  );
#1998 = CARTESIAN_POINT('',(0.181810147992,0.223157859515,0.261368081059
    ));
#1999 = CARTESIAN_POINT('',(0.171396056216,0.211451094,0.258528733475));
#2000 = CARTESIAN_POINT('',(0.159286968468,0.196591192153,0.258618442182
    ));
#2001 = CARTESIAN_POINT('',(0.150523248388,0.182862126627,0.258185894481
    ));
#2002 = CARTESIAN_POINT('',(0.14486224991,0.168617045813,0.257426093577)
  );
#2003 = CARTESIAN_POINT('',(0.145226489882,0.153331037571,0.257000568512
    ));
#2004 = CARTESIAN_POINT('',(0.143689036682,0.140278590956,0.255386067973
    ));
#2005 = CARTESIAN_POINT('',(0.141149082036,0.125546175067,0.254773877541
    ));
#2006 = CARTESIAN_POINT('',(0.107190958023,-2.171267141497E-02,
    0.22823967038));
#2007 = CARTESIAN_POINT('',(0.163085015349,0.219358797566,0.906533079061
    ));
#2008 = CARTESIAN_POINT('',(0.102744117337,-3.82470925513E-02,
    0.755421218179));
#2009 = CARTESIAN_POINT('',(0.15179291014,0.21203229865,0.251207533064)
  );
#2010 = CARTESIAN_POINT('',(0.126083434065,5.514478939352E-02,
    0.242545522732));
#2011 = CARTESIAN_POINT('',(0.125451250324,4.162240073244E-02,
    0.240553813787));
#2012 = CARTESIAN_POINT('',(0.125287025087,-4.650981546442E-02,
    0.214454008083));
#2013 = CARTESIAN_POINT('',(0.122287637315,4.877888007682E-03,
    1.02528473451));
#2014 = CARTESIAN_POINT('',(0.131191912705,0.118589856777,0.193692859789
    ));
#2015 = CARTESIAN_POINT('',(0.123503507143,-1.41544417493E-02,
    0.210269348755));
#2016 = CARTESIAN_POINT('',(0.122556385492,-2.811992002207E-02,
    0.213016324799));
#2017 = CARTESIAN_POINT('',(0.121599906454,-4.198673242768E-02,
    0.218325615102));
#2018 = CARTESIAN_POINT('',(0.120681862914,-5.593735866524E-02,
    0.223695336123));
#2019 = CARTESIAN_POINT('',(0.119872445475,-6.951218035804E-02,
    0.226233146305));
#2020 = CARTESIAN_POINT('',(0.119100487319,-8.74371776811E-02,
    0.230501519694));
#2021 = CARTESIAN_POINT('',(0.118904580197,-9.463809312577E-02,
    0.205768713443));
#2022 = CARTESIAN_POINT('',(0.118719743021,-0.112323536623,
    0.208073696982));
#2023 = CARTESIAN_POINT('',(0.11926167849,-0.125950904737,0.207529670448
    ));
#2024 = CARTESIAN_POINT('',(0.120302556199,-0.140067995073,
    0.207680541634));
#2025 = CARTESIAN_POINT('',(0.121747930621,-0.154035141309,
    0.207621831296));
#2026 = CARTESIAN_POINT('',(0.123479152849,-0.16806232443,0.207705526713
    ));
#2027 = CARTESIAN_POINT('',(0.125372457376,-0.182036699034,
    0.207428262707));
#2028 = CARTESIAN_POINT('',(0.127315052301,-0.195992493559,
    0.207184017188));
#2029 = CARTESIAN_POINT('',(0.129226903955,-0.210238250205,
    0.207169225164));
#2030 = CARTESIAN_POINT('',(0.130874412813,-0.223759080805,
    0.206181419463));
#2031 = CARTESIAN_POINT('',(0.13233441397,-0.238390313219,0.206371094117
    ));
#2032 = CARTESIAN_POINT('',(0.133297121963,-0.25197731712,0.205265469867
    ));
#2033 = CARTESIAN_POINT('',(0.133711090222,-0.26601548463,0.204443443376
    ));
#2034 = CARTESIAN_POINT('',(0.133703207629,-0.280413026253,
    0.203749096076));
#2035 = CARTESIAN_POINT('',(0.134299416251,-0.294373684448,
    0.202122153623));
#2036 = CARTESIAN_POINT('',(0.135016197253,-0.307429150466,
    0.201746375066));
#2037 = CARTESIAN_POINT('',(0.137437294155,-0.344125043613,
    0.189101758538));
#2038 = CARTESIAN_POINT('',(0.13611258573,-0.324681606886,0.333748110034
    ));
#2039 = CARTESIAN_POINT('',(0.137822596086,-0.349888040359,0.2559390997)
  );
#2040 = CARTESIAN_POINT('',(0.137919895239,-0.364668231585,
    0.232635056584));
#2041 = CARTESIAN_POINT('',(0.139781257364,-0.376532727738,
    0.202441712647));
#2042 = CARTESIAN_POINT('',(0.133503529121,-0.393059555634,
    0.184906746036));
#2043 = CARTESIAN_POINT('',(0.120935271667,-0.40603232863,0.184415002942
    ));
#2044 = CARTESIAN_POINT('',(0.105196261729,-0.419614389694,
    0.179605450611));
#2045 = CARTESIAN_POINT('',(8.791678219141E-02,-0.433557909603,
    0.178149818636));
#2046 = CARTESIAN_POINT('',(7.45492784722E-02,-0.446179989493,
    0.162733029672));
#2047 = CARTESIAN_POINT('',(6.293339789624E-02,-0.460110755566,
    0.15543182323));
#2048 = CARTESIAN_POINT('',(6.25768833792E-02,-0.47611688422,
    0.150077203859));
#2049 = CARTESIAN_POINT('',(5.989043122306E-02,-0.490300133826,
    0.146338921647));
#2050 = CARTESIAN_POINT('',(5.50025828273E-02,-0.504167068569,
    0.142789122968));
#2051 = CARTESIAN_POINT('',(4.885077713797E-02,-0.518319037048,
    0.143591631996));
#2052 = CARTESIAN_POINT('',(4.263094826658E-02,-0.531451491166,
    0.144049827606));
#2053 = CARTESIAN_POINT('',(3.286824287327E-02,-0.555343599486,
    0.14024958424));
#2054 = CARTESIAN_POINT('',(3.40313458687E-02,-0.552172199924,
    0.182198830383));
#2055 = CARTESIAN_POINT('',(2.906878715024E-02,-0.573134680281,
    0.179041458306));
#2056 = CARTESIAN_POINT('',(3.046107429119E-02,-0.588817449455,
    0.180649142203));
#2057 = CARTESIAN_POINT('',(3.56352131503E-02,-0.602035802753,
    0.181590374345));
#2058 = CARTESIAN_POINT('',(4.196548732048E-02,-0.615573715545,
    0.182425414869));
#2059 = CARTESIAN_POINT('',(4.649924459119E-02,-0.629896921343,
    0.181938715411));
#2060 = CARTESIAN_POINT('',(5.111493930628E-02,-0.65103136828,
    0.185592792983));
#2061 = CARTESIAN_POINT('',(-1.371877385748E-02,-0.710860055455,
    0.141959982663));
#2062 = CARTESIAN_POINT('',(0.169795888214,-0.539809542925,
    0.478014997286));
#2063 = CARTESIAN_POINT('',(4.050148184627E-02,-0.6721,0.180300096151));
#2064 = CARTESIAN_POINT('',(2.361068671823E-02,0.6721,0.502079370367));
#2065 = CARTESIAN_POINT('',(2.389182106194E-02,0.671250621577,
    0.501116918922));
#2066 = CARTESIAN_POINT('',(2.356901926011E-02,0.641846875143,
    0.486528338857));
#2067 = CARTESIAN_POINT('',(2.111493907559E-02,0.653235465992,
    0.440116788577));
#2068 = CARTESIAN_POINT('',(3.143756815739E-02,0.629974970489,
    0.419077974723));
#2069 = CARTESIAN_POINT('',(4.519559556616E-02,0.612556785852,
    0.414442492759));
#2070 = CARTESIAN_POINT('',(5.21400658681E-02,0.600894039266,
    0.417641501505));
#2071 = CARTESIAN_POINT('',(5.06153135168E-02,0.593099537558,
    0.420174480691));
#2072 = CARTESIAN_POINT('',(8.759764912637E-02,0.500134468,
    0.443283307868));
#2073 = CARTESIAN_POINT('',(7.551365236333E-02,0.558943725446,
    1.181982073931));
#2074 = CARTESIAN_POINT('',(3.746051878105E-02,0.609875829967,
    0.383648976561));
#2075 = CARTESIAN_POINT('',(9.758157722729E-02,0.516920887367,
    0.473944804041));
#2076 = CARTESIAN_POINT('',(8.88711289198E-02,0.528502453087,
    0.369817516064));
#2077 = CARTESIAN_POINT('',(9.433183577031E-02,0.504381437599,
    0.321494767206));
#2078 = CARTESIAN_POINT('',(0.111572280506,0.489023477918,0.301899249801
    ));
#2079 = CARTESIAN_POINT('',(0.131198564664,0.475597493701,0.289508035768
    ));
#2080 = CARTESIAN_POINT('',(0.15229254878,0.462540451838,0.277287131623)
  );
#2081 = CARTESIAN_POINT('',(0.173146052641,0.448816314108,0.269962622992
    ));
#2082 = CARTESIAN_POINT('',(0.18801799408,0.436876190467,0.253592020789)
  );
#2083 = CARTESIAN_POINT('',(0.199274108822,0.422388038865,0.24716604114)
  );
#2084 = CARTESIAN_POINT('',(0.197307124429,0.402622014075,0.230273670158
    ));
#2085 = CARTESIAN_POINT('',(0.196896238969,0.395251548383,0.258095536502
    ));
#2086 = CARTESIAN_POINT('',(0.193455784673,0.374606182137,0.27161637519)
  );
#2087 = CARTESIAN_POINT('',(0.191873840382,0.367263268385,0.250575082516
    ));
#2088 = CARTESIAN_POINT('',(0.187674065894,0.348356241279,0.245784769902
    ));
#2089 = CARTESIAN_POINT('',(0.185339403542,0.338218697134,0.225851336867
    ));
#2090 = CARTESIAN_POINT('',(0.181904016052,0.321881874282,0.230242197644
    ));
#2091 = CARTESIAN_POINT('',(0.179668328217,0.308237043389,0.22936874096)
  );
#2092 = CARTESIAN_POINT('',(0.17784828984,0.294095134136,0.229631359371)
  );
#2093 = CARTESIAN_POINT('',(0.178233768568,0.2797515769,0.229434645548)
  );
#2094 = CARTESIAN_POINT('',(0.175233113407,0.265049606334,0.22915716985)
  );
#2095 = CARTESIAN_POINT('',(0.168379578736,0.250932764021,0.228849068207
    ));
#2096 = CARTESIAN_POINT('',(0.160124072242,0.237811437094,0.22791148288)
  );
#2097 = CARTESIAN_POINT('',(0.149628947039,0.223157859515,0.227422782639
    ));
#2098 = CARTESIAN_POINT('',(0.141058195604,0.211451094,0.225699524215));
#2099 = CARTESIAN_POINT('',(0.131092469987,0.196591192153,0.225753771697
    ));
#2100 = CARTESIAN_POINT('',(0.123879967152,0.182862126627,0.225491813457
    ));
#2101 = CARTESIAN_POINT('',(0.119220990463,0.168617045813,0.225028771748
    ));
#2102 = CARTESIAN_POINT('',(0.119520758348,0.153331037571,0.224776993795
    ));
#2103 = CARTESIAN_POINT('',(0.118255441169,0.140278590956,0.223771503011
    ));
#2104 = CARTESIAN_POINT('',(0.116165069739,0.125546175067,0.22349735843)
  );
#2105 = CARTESIAN_POINT('',(8.821768398642E-02,-2.171267141497E-02,
    0.203321314267));
#2106 = CARTESIAN_POINT('',(0.134218245759,0.219358797566,0.901090645562
    ));
#2107 = CARTESIAN_POINT('',(8.455795378532E-02,-3.82470925513E-02,
    0.758432522516));
#2108 = CARTESIAN_POINT('',(0.124924893154,0.21203229865,0.218380209377)
  );
#2109 = CARTESIAN_POINT('',(0.103766108144,5.514478939352E-02,
    0.216040175898));
#2110 = CARTESIAN_POINT('',(0.103245823723,4.162240073244E-02,
    0.214904185174));
#2111 = CARTESIAN_POINT('',(0.103110667081,-4.650981546442E-02,
    0.194882657917));
#2112 = CARTESIAN_POINT('',(0.10064218422,4.877888007682E-03,
    1.033667906644));
#2113 = CARTESIAN_POINT('',(0.107970363453,0.118589856777,0.178153759605
    ));
#2114 = CARTESIAN_POINT('',(0.101642839707,-1.41544417493E-02,
    0.19708985837));
#2115 = CARTESIAN_POINT('',(0.100863362781,-2.811992002207E-02,
    0.200194737567));
#2116 = CARTESIAN_POINT('',(0.100076184766,-4.198673242768E-02,
    0.205822006838));
#2117 = CARTESIAN_POINT('',(9.932063899627E-02,-5.593735866524E-02,
    0.211545349716));
#2118 = CARTESIAN_POINT('',(9.865449202667E-02,-6.951218035804E-02,
    0.214333466602));
#2119 = CARTESIAN_POINT('',(9.801917388151E-02,-8.74371776811E-02,
    0.21877360438));
#2120 = CARTESIAN_POINT('',(9.785794318748E-02,-9.463809312577E-02,
    0.192848848565));
#2121 = CARTESIAN_POINT('',(9.770582300921E-02,-0.112323536623,
    0.195263262961));
#2122 = CARTESIAN_POINT('',(9.815183350137E-02,-0.125950904737,
    0.194693976427));
#2123 = CARTESIAN_POINT('',(9.900847124852E-02,-0.140067995073,
    0.194849731692));
#2124 = CARTESIAN_POINT('',(0.100198008,-0.154035141309,0.194796819392)
  );
#2125 = CARTESIAN_POINT('',(0.101622796231,-0.16806232443,0.194852272913
    ));
#2126 = CARTESIAN_POINT('',(0.103180977476,-0.182036699034,
    0.194682725237));
#2127 = CARTESIAN_POINT('',(0.104779724501,-0.195992493559,0.19453482334
    ));
#2128 = CARTESIAN_POINT('',(0.106353169949,-0.210238250205,
    0.194525711892));
#2129 = CARTESIAN_POINT('',(0.107709062447,-0.223759080805,
    0.193926328437));
#2130 = CARTESIAN_POINT('',(0.108910636937,-0.238390313219,
    0.194040853288));
#2131 = CARTESIAN_POINT('',(0.109702941353,-0.25197731712,0.193372063947
    ));
#2132 = CARTESIAN_POINT('',(0.110043635398,-0.26601548463,0.192864524996
    ));
#2133 = CARTESIAN_POINT('',(0.11003714806,-0.280413026253,0.192475652528
    ));
#2134 = CARTESIAN_POINT('',(0.110527825116,-0.294373684448,
    0.191359178484));
#2135 = CARTESIAN_POINT('',(0.111117732708,-0.307429150466,
    0.191627053821));
#2136 = CARTESIAN_POINT('',(0.113110284742,-0.344125043613,
    0.179774718022));
#2137 = CARTESIAN_POINT('',(0.112020055572,-0.324681606886,
    0.330644516198));
#2138 = CARTESIAN_POINT('',(0.113427386526,-0.349888040359,
    0.250484763815));
#2139 = CARTESIAN_POINT('',(0.113507463298,-0.364668231585,
    0.227010055544));
#2140 = CARTESIAN_POINT('',(0.11503935609,-0.376532727738,0.196388064871
    ));
#2141 = CARTESIAN_POINT('',(0.109872813526,-0.393059555634,
    0.179686975678));
#2142 = CARTESIAN_POINT('',(9.952919330027E-02,-0.40603232863,
    0.181120243822));
#2143 = CARTESIAN_POINT('',(8.657605768661E-02,-0.419614389694,
    0.177579199297));
#2144 = CARTESIAN_POINT('',(7.23551228595E-02,-0.433557909603,
    0.177344049675));
#2145 = CARTESIAN_POINT('',(6.135372538897E-02,-0.446179989493,
    0.161648288999));
#2146 = CARTESIAN_POINT('',(5.179390995172E-02,-0.460110755566,
    0.154400101753));
#2147 = CARTESIAN_POINT('',(5.150049218333E-02,-0.47611688422,
    0.149035545798));
#2148 = CARTESIAN_POINT('',(4.928958186378E-02,-0.490300133826,
    0.145299436175));
#2149 = CARTESIAN_POINT('',(4.526679619502E-02,-0.504167068569,
    0.141750026594));
#2150 = CARTESIAN_POINT('',(4.020430280562E-02,-0.518319037049,
    0.142548627711));
#2151 = CARTESIAN_POINT('',(3.508526113025E-02,-0.531451491165,
    0.143022416));
#2152 = CARTESIAN_POINT('',(2.70505929604E-02,-0.555343599492,
    0.13913835354));
#2153 = CARTESIAN_POINT('',(2.800780720399E-02,-0.55217219988,
    0.181682258244));
#2154 = CARTESIAN_POINT('',(2.392362280366E-02,-0.573134680347,
    0.177102592532));
#2155 = CARTESIAN_POINT('',(2.506947479608E-02,-0.588817449235,
    0.178529312424));
#2156 = CARTESIAN_POINT('',(2.932779430551E-02,-0.602035803657,
    0.178955743041));
#2157 = CARTESIAN_POINT('',(3.453760767462E-02,-0.615573712274,
    0.179578761753));
#2158 = CARTESIAN_POINT('',(3.826890711792E-02,-0.629896932442,
    0.17898968887));
#2159 = CARTESIAN_POINT('',(4.206753886145E-02,-0.651031299349,
    0.182800289751));
#2160 = CARTESIAN_POINT('',(-1.128961214738E-02,-0.710860926838,
    0.137634914436));
#2161 = CARTESIAN_POINT('',(0.139739907476,-0.539807539328,0.4866368094)
  );
#2162 = CARTESIAN_POINT('',(3.333273419044E-02,-0.6721,0.178217097666));
#2163 = CARTESIAN_POINT('',(1.804060704291E-02,0.6721,0.498177045483));
#2164 = CARTESIAN_POINT('',(1.825542251949E-02,0.671250621577,
    0.497142585021));
#2165 = CARTESIAN_POINT('',(1.80091963298E-02,0.641846875143,
    0.481500456415));
#2166 = CARTESIAN_POINT('',(1.613376648053E-02,0.653235465992,
    0.433689550617));
#2167 = CARTESIAN_POINT('',(2.402127623479E-02,0.629974970489,
    0.411497307524));
#2168 = CARTESIAN_POINT('',(3.4533697962E-02,0.612556785852,
    0.406614082458));
#2169 = CARTESIAN_POINT('',(3.983993276634E-02,0.600894039266,
    0.407954323299));
#2170 = CARTESIAN_POINT('',(3.867487682637E-02,0.593099537558,
    0.408664400931));
#2171 = CARTESIAN_POINT('',(6.693287264788E-02,0.500134468,
    0.428088290664));
#2172 = CARTESIAN_POINT('',(5.769955769928E-02,0.558943725446,
    1.190956211994));
#2173 = CARTESIAN_POINT('',(2.862337215602E-02,0.609875829967,
    0.366948864756));
#2174 = CARTESIAN_POINT('',(7.456153547927E-02,0.516920887367,
    0.456781216533));
#2175 = CARTESIAN_POINT('',(6.790593081599E-02,0.528502453087,
    0.34951991887));
#2176 = CARTESIAN_POINT('',(7.207842627196E-02,0.504381437599,
    0.298611930473));
#2177 = CARTESIAN_POINT('',(8.525175333229E-02,0.489023477918,
    0.277822440123));
#2178 = CARTESIAN_POINT('',(0.100248086904,0.475597493701,0.264909751031
    ));
#2179 = CARTESIAN_POINT('',(0.116365881776,0.462540451838,0.251881800434
    ));
#2180 = CARTESIAN_POINT('',(0.132299927036,0.448816314108,0.244267909654
    ));
#2181 = CARTESIAN_POINT('',(0.14366349402,0.436876190467,0.227046268205)
  );
#2182 = CARTESIAN_POINT('',(0.152264228119,0.422388038865,0.220322871412
    ));
#2183 = CARTESIAN_POINT('',(0.150761266384,0.402622014075,0.202825820116
    ));
#2184 = CARTESIAN_POINT('',(0.150447311111,0.395251548383,0.231710634103
    ));
#2185 = CARTESIAN_POINT('',(0.147818479292,0.374606182137,0.245454209537
    ));
#2186 = CARTESIAN_POINT('',(0.146609724539,0.367263268385,0.224787577821
    ));
#2187 = CARTESIAN_POINT('',(0.143400700423,0.348356241279,0.219387105216
    ));
#2188 = CARTESIAN_POINT('',(0.141616798024,0.338218697134,0.19864174616)
  );
#2189 = CARTESIAN_POINT('',(0.138991837724,0.321881874282,0.203241814469
    ));
#2190 = CARTESIAN_POINT('',(0.137283561197,0.308237043389,0.202219435664
    ));
#2191 = CARTESIAN_POINT('',(0.135892880089,0.294095134136,0.202504280505
    ));
#2192 = CARTESIAN_POINT('',(0.136187422221,0.2797515769,0.202364614855)
  );
#2193 = CARTESIAN_POINT('',(0.133894638453,0.265049606334,0.20223677733)
  );
#2194 = CARTESIAN_POINT('',(0.128657891077,0.250932764021,0.202078107367
    ));
#2195 = CARTESIAN_POINT('',(0.122349904899,0.237811437094,0.201607843243
    ));
#2196 = CARTESIAN_POINT('',(0.114330638636,0.223157859515,0.201361704951
    ));
#2197 = CARTESIAN_POINT('',(0.107781775568,0.211451094,0.200495309999));
#2198 = CARTESIAN_POINT('',(0.100167020557,0.196591192153,0.200522332571
    ));
#2199 = CARTESIAN_POINT('',(9.46559876213E-02,0.182862126627,
    0.200391342253));
#2200 = CARTESIAN_POINT('',(9.10960896817E-02,0.168617045813,
    0.2001561337));
#2201 = CARTESIAN_POINT('',(9.132514063971E-02,0.153331037571,
    0.200037747915));
#2202 = CARTESIAN_POINT('',(9.03583188854E-02,0.140278590956,
    0.199499816743));
#2203 = CARTESIAN_POINT('',(8.876107780751E-02,0.125546175067,
    0.19948520263));
#2204 = CARTESIAN_POINT('',(6.740663720976E-02,-2.171267141497E-02,
    0.18419055847));
#2205 = CARTESIAN_POINT('',(0.10255540828,0.219358797566,0.896912285411)
  );
#2206 = CARTESIAN_POINT('',(6.461025790344E-02,-3.82470925513E-02,
    0.760744413703));
#2207 = CARTESIAN_POINT('',(9.545440971483E-02,0.21203229865,
    0.193177442788));
#2208 = CARTESIAN_POINT('',(7.928710084282E-02,5.514478939352E-02,
    0.195691027854));
#2209 = CARTESIAN_POINT('',(7.888955443697E-02,4.162240073244E-02,
    0.195212004074));
#2210 = CARTESIAN_POINT('',(7.878628200484E-02,-4.650981546442E-02,
    0.179856998963));
#2211 = CARTESIAN_POINT('',(7.69001281056E-02,4.877888007682E-03,
    1.040103982048));
#2212 = CARTESIAN_POINT('',(8.24995487276E-02,0.118589856777,
    0.166223810069));
#2213 = CARTESIAN_POINT('',(7.76647233466E-02,-1.41544417493E-02,
    0.186971469703));
#2214 = CARTESIAN_POINT('',(7.706912940218E-02,-2.811992002208E-02,
    0.190351124563));
#2215 = CARTESIAN_POINT('',(7.646765109938E-02,-4.198673242768E-02,
    0.196222518204));
#2216 = CARTESIAN_POINT('',(7.589034281713E-02,-5.593735866524E-02,
    0.202217349835));
#2217 = CARTESIAN_POINT('',(7.538134365643E-02,-6.951218035804E-02,
    0.205197636557));
#2218 = CARTESIAN_POINT('',(7.489590062746E-02,-8.74371776811E-02,
    0.209769644294));
#2219 = CARTESIAN_POINT('',(7.477270515906E-02,-9.463809312577E-02,
    0.182929784129));
#2220 = CARTESIAN_POINT('',(7.465647098462E-02,-0.112323536623,
    0.185428212695));
#2221 = CARTESIAN_POINT('',(7.499726509844E-02,-0.125950904737,
    0.184839533113));
#2222 = CARTESIAN_POINT('',(7.565181719313E-02,-0.140067995073,
    0.184999038068));
#2223 = CARTESIAN_POINT('',(7.656073554898E-02,-0.154035141309,
    0.184950577141));
#2224 = CARTESIAN_POINT('',(7.764940823937E-02,-0.16806232443,
    0.184984348299));
#2225 = CARTESIAN_POINT('',(7.884000578314E-02,-0.182036699034,
    0.184897498486));
#2226 = CARTESIAN_POINT('',(8.006159941211E-02,-0.195992493559,
    0.184823563197));
#2227 = CARTESIAN_POINT('',(8.126386024803E-02,-0.210238250205,
    0.184818812941));
#2228 = CARTESIAN_POINT('',(8.229989009555E-02,-0.223759080805,
    0.184517635801));
#2229 = CARTESIAN_POINT('',(8.321800641963E-02,-0.238390313219,
    0.184574465331));
#2230 = CARTESIAN_POINT('',(8.382340177731E-02,-0.25197731712,
    0.184241050519));
#2231 = CARTESIAN_POINT('',(8.408372418478E-02,-0.26601548463,
    0.183974955439));
#2232 = CARTESIAN_POINT('',(8.407876724574E-02,-0.280413026253,
    0.183820607447));
#2233 = CARTESIAN_POINT('',(8.44536908309E-02,-0.294373684448,
    0.18309603913));
#2234 = CARTESIAN_POINT('',(8.490443591086E-02,-0.307429150466,
    0.183858071682));
#2235 = CARTESIAN_POINT('',(8.642693373671E-02,-0.344125043613,
    0.172613999489));
#2236 = CARTESIAN_POINT('',(8.559389574669E-02,-0.324681606886,
    0.328261770904));
#2237 = CARTESIAN_POINT('',(8.666922942999E-02,-0.349888040359,
    0.246297265755));
#2238 = CARTESIAN_POINT('',(8.673041564253E-02,-0.364668231585,
    0.222691531451));
#2239 = CARTESIAN_POINT('',(8.790092632435E-02,-0.376532727738,
    0.191740452613));
#2240 = CARTESIAN_POINT('',(8.395320015781E-02,-0.393059555634,
    0.175679562366));
#2241 = CARTESIAN_POINT('',(7.604969796084E-02,-0.40603232863,
    0.178590733767));
#2242 = CARTESIAN_POINT('',(6.615227987581E-02,-0.419614389694,
    0.17602357026));
#2243 = CARTESIAN_POINT('',(5.528614291888E-02,-0.433557909603,
    0.176725430542));
#2244 = CARTESIAN_POINT('',(4.688003831987E-02,-0.446179989493,
    0.160815493253));
#2245 = CARTESIAN_POINT('',(3.957543312171E-02,-0.460110755566,
    0.153608009708));
#2246 = CARTESIAN_POINT('',(3.935124495785E-02,-0.47611688422,
    0.148235828164));
#2247 = CARTESIAN_POINT('',(3.766186295741E-02,-0.490300133826,
    0.144501375566));
#2248 = CARTESIAN_POINT('',(3.458822148923E-02,-0.504167068569,
    0.140952307114));
#2249 = CARTESIAN_POINT('',(3.071943558856E-02,-0.518319037049,
    0.141747744973));
#2250 = CARTESIAN_POINT('',(2.680820794347E-02,-0.531451491164,
    0.142233549721));
#2251 = CARTESIAN_POINT('',(2.066896966893E-02,-0.555343599495,
    0.138285113326));
#2252 = CARTESIAN_POINT('',(2.140039108868E-02,-0.55217219986,
    0.181285620601));
#2253 = CARTESIAN_POINT('',(1.827971675603E-02,-0.573134680377,
    0.175613877313));
#2254 = CARTESIAN_POINT('',(1.915524739153E-02,-0.588817449136,
    0.176901647394));
#2255 = CARTESIAN_POINT('',(2.240897208748E-02,-0.602035804066,
    0.176932802078));
#2256 = CARTESIAN_POINT('',(2.638971862788E-02,-0.615573710796,
    0.177393013028));
#2257 = CARTESIAN_POINT('',(2.924075962845E-02,-0.62989693746,
    0.176725374596));
#2258 = CARTESIAN_POINT('',(3.214321240709E-02,-0.651031268188,
    0.180655937745));
#2259 = CARTESIAN_POINT('',(-8.625908499001E-03,-0.71086132075,
    0.134316409358));
#2260 = CARTESIAN_POINT('',(0.106772614365,-0.539806633592,
    0.493251352039));
#2261 = CARTESIAN_POINT('',(2.546909229587E-02,-0.6721,0.176617713297));
#2262 = CARTESIAN_POINT('',(1.213771342988E-02,0.6721,0.495545381343));
#2263 = CARTESIAN_POINT('',(1.228224730115E-02,0.671250621577,
    0.494462362961));
#2264 = CARTESIAN_POINT('',(1.211715663572E-02,0.641846875143,
    0.478110051815));
#2265 = CARTESIAN_POINT('',(1.085496267815E-02,0.653235465992,
    0.429355302237));
#2266 = CARTESIAN_POINT('',(1.616184928542E-02,0.629974970489,
    0.406385272482));
#2267 = CARTESIAN_POINT('',(2.323473579168E-02,0.612556785852,
    0.401334974848));
#2268 = CARTESIAN_POINT('',(2.680484787634E-02,0.600894039266,
    0.401421754126));
#2269 = CARTESIAN_POINT('',(2.602098080295E-02,0.593099537558,
    0.400902553286));
#2270 = CARTESIAN_POINT('',(4.503334417487E-02,0.500134468,0.41784149786
    ));
#2271 = CARTESIAN_POINT('',(3.882104366625E-02,0.558943725446,
    1.197007941525));
#2272 = CARTESIAN_POINT('',(1.925819251586E-02,0.609875829967,
    0.355687107715));
#2273 = CARTESIAN_POINT('',(5.016601105963E-02,0.516920887367,
    0.445206913633));
#2274 = CARTESIAN_POINT('',(4.56880300883E-02,0.528502453087,
    0.335832189661));
#2275 = CARTESIAN_POINT('',(4.849534155039E-02,0.504381437599,
    0.283180839308));
#2276 = CARTESIAN_POINT('',(5.735853443889E-02,0.489023477918,
    0.261586190682));
#2277 = CARTESIAN_POINT('',(6.744827080244E-02,0.475597493701,
    0.248321843739));
#2278 = CARTESIAN_POINT('',(7.829254151956E-02,0.462540451838,
    0.234749659597));
#2279 = CARTESIAN_POINT('',(8.901318300852E-02,0.448816314108,
    0.226940623329));
#2280 = CARTESIAN_POINT('',(9.665874480316E-02,0.436876190467,
    0.209145081697));
#2281 = CARTESIAN_POINT('',(0.102445435208,0.422388038865,0.202221121));
#2282 = CARTESIAN_POINT('',(0.101434222194,0.402622014075,0.184316302207
    ));
#2283 = CARTESIAN_POINT('',(0.101222988833,0.395251548383,0.21391791727)
  );
#2284 = CARTESIAN_POINT('',(9.945427517663E-02,0.374606182137,
    0.227811695717));
#2285 = CARTESIAN_POINT('',(9.864100860472E-02,0.367263268385,
    0.207397717442));
#2286 = CARTESIAN_POINT('',(9.648193371151E-02,0.348356241279,
    0.201585782107));
#2287 = CARTESIAN_POINT('',(9.528170001273E-02,0.338218697134,
    0.180292898958));
#2288 = CARTESIAN_POINT('',(9.351559116607E-02,0.321881874282,
    0.185034046824));
#2289 = CARTESIAN_POINT('',(9.236623957886E-02,0.308237043389,
    0.183911242061));
#2290 = CARTESIAN_POINT('',(9.143057049131E-02,0.294095134136,
    0.184211075342));
#2291 = CARTESIAN_POINT('',(9.162874242782E-02,0.2797515769,
    0.184109880254));
#2292 = CARTESIAN_POINT('',(9.008612645153E-02,0.265049606334,
    0.18408295156));
#2293 = CARTESIAN_POINT('',(8.656277188096E-02,0.250932764021,
    0.184025051178));
#2294 = CARTESIAN_POINT('',(8.231867333442E-02,0.237811437094,
    0.183869926132));
#2295 = CARTESIAN_POINT('',(7.69232023659E-02,0.223157859515,
    0.183787360022));
#2296 = CARTESIAN_POINT('',(7.251703858465E-02,0.211451094,
    0.183498792834));
#2297 = CARTESIAN_POINT('',(6.73937282656E-02,0.196591192153,
    0.183507456227));
#2298 = CARTESIAN_POINT('',(6.368583065571E-02,0.182862126627,
    0.183464784415));
#2299 = CARTESIAN_POINT('',(6.129068310055E-02,0.168617045813,
    0.183383215651));
#2300 = CARTESIAN_POINT('',(6.144479168776E-02,0.153331037571,
    0.183354783167));
#2301 = CARTESIAN_POINT('',(6.079430091516E-02,0.140278590956,
    0.183132151845));
#2302 = CARTESIAN_POINT('',(5.971965548216E-02,0.125546175067,
    0.183292552673));
#2303 = CARTESIAN_POINT('',(4.535209858658E-02,-2.171267141497E-02,
    0.171289691317));
#2304 = CARTESIAN_POINT('',(6.900066787854E-02,0.219358797566,
    0.894094599074));
#2305 = CARTESIAN_POINT('',(4.34706567103E-02,-3.82470925513E-02,
    0.762303442598));
#2306 = CARTESIAN_POINT('',(6.422301985545E-02,0.21203229865,
    0.176181901833));
#2307 = CARTESIAN_POINT('',(5.334543544842E-02,5.514478939352E-02,
    0.181968535215));
#2308 = CARTESIAN_POINT('',(5.307796084151E-02,4.162240073244E-02,
    0.181932538537));
#2309 = CARTESIAN_POINT('',(5.300847775027E-02,-4.650981546442E-02,
    0.169724412875));
#2310 = CARTESIAN_POINT('',(5.173944785754E-02,4.877888007682E-03,
    1.044444163621));
#2311 = CARTESIAN_POINT('',(5.550681390024E-02,0.118589856777,
    0.15817882242));
#2312 = CARTESIAN_POINT('',(5.225387789268E-02,-1.41544417493E-02,
    0.180148112101));
#2313 = CARTESIAN_POINT('',(5.185315421912E-02,-2.811992002208E-02,
    0.183713062533));
#2314 = CARTESIAN_POINT('',(5.144847146954E-02,-4.198673242768E-02,
    0.189749081979));
#2315 = CARTESIAN_POINT('',(5.106005063718E-02,-5.593735866524E-02,
    0.195926992645));
#2316 = CARTESIAN_POINT('',(5.07175891071E-02,-6.951218035804E-02,
    0.199036869518));
#2317 = CARTESIAN_POINT('',(5.039097646153E-02,-8.74371776811E-02,
    0.203697804051));
#2318 = CARTESIAN_POINT('',(5.030808888162E-02,-9.463809312577E-02,
    0.176240841259));
#2319 = CARTESIAN_POINT('',(5.022988495458E-02,-0.112323536623,
    0.178795924966));
#2320 = CARTESIAN_POINT('',(5.045917585065E-02,-0.125950904737,
    0.178194167639));
#2321 = CARTESIAN_POINT('',(5.089956736635E-02,-0.140067995073,
    0.178356201205));
#2322 = CARTESIAN_POINT('',(5.151109994812E-02,-0.154035141309,
    0.178310742071));
#2323 = CARTESIAN_POINT('',(5.224357368108E-02,-0.16806232443,
    0.178329891681));
#2324 = CARTESIAN_POINT('',(5.304462383604E-02,-0.182036699034,
    0.178298809353));
#2325 = CARTESIAN_POINT('',(5.386652857698E-02,-0.195992493559,
    0.178274753609));
#2326 = CARTESIAN_POINT('',(5.467542595288E-02,-0.210238250205,
    0.178272944333));
#2327 = CARTESIAN_POINT('',(5.537248086807E-02,-0.223759080805,
    0.178172863275));
#2328 = CARTESIAN_POINT('',(5.599020196747E-02,-0.238390313219,
    0.178190785839));
#2329 = CARTESIAN_POINT('',(5.639752016463E-02,-0.25197731712,
    0.178083531577));
#2330 = CARTESIAN_POINT('',(5.657266860663E-02,-0.26601548463,
    0.1779802547));
#2331 = CARTESIAN_POINT('',(5.656933351091E-02,-0.280413026253,
    0.177984058803));
#2332 = CARTESIAN_POINT('',(5.682158717761E-02,-0.294373684448,
    0.177523772974));
#2333 = CARTESIAN_POINT('',(5.712485457308E-02,-0.307429150466,
    0.178619041528));
#2334 = CARTESIAN_POINT('',(5.814921173364E-02,-0.344125043613,
    0.167785153233));
#2335 = CARTESIAN_POINT('',(5.758873249002E-02,-0.324681606886,
    0.326654961386));
#2336 = CARTESIAN_POINT('',(5.831223155794E-02,-0.349888040359,
    0.24347341725));
#2337 = CARTESIAN_POINT('',(5.835339847154E-02,-0.364668231585,
    0.219779325253));
#2338 = CARTESIAN_POINT('',(5.914093391E-02,-0.376532727738,
    0.188606325088));
#2339 = CARTESIAN_POINT('',(5.648485028271E-02,-0.393059555634,
    0.172977154406));
#2340 = CARTESIAN_POINT('',(5.116726689667E-02,-0.40603232863,
    0.176884953108));
#2341 = CARTESIAN_POINT('',(4.450815012702E-02,-0.419614389694,
    0.174974528415));
#2342 = CARTESIAN_POINT('',(3.719726535683E-02,-0.433557909603,
    0.176308263345));
#2343 = CARTESIAN_POINT('',(3.154152629061E-02,-0.446179989493,
    0.160253895699));
#2344 = CARTESIAN_POINT('',(2.662688373188E-02,-0.460110755566,
    0.153073860485));
#2345 = CARTESIAN_POINT('',(2.647606135416E-02,-0.47611688422,
    0.147696537436));
#2346 = CARTESIAN_POINT('',(2.533937117583E-02,-0.490300133826,
    0.143963199331));
#2347 = CARTESIAN_POINT('',(2.327158134687E-02,-0.504167068569,
    0.140414372248));
#2348 = CARTESIAN_POINT('',(2.066784945476E-02,-0.518319037049,
    0.141207633407));
#2349 = CARTESIAN_POINT('',(1.803659710919E-02,-0.531451491164,
    0.141701553601));
#2350 = CARTESIAN_POINT('',(1.390604331295E-02,-0.555343599494,
    0.137709700399));
#2351 = CARTESIAN_POINT('',(1.439817978854E-02,-0.552172199868,
    0.181018134839));
#2352 = CARTESIAN_POINT('',(1.229858556622E-02,-0.573134680365,
    0.174609912173));
#2353 = CARTESIAN_POINT('',(1.288764336854E-02,-0.588817449175,
    0.17580397631));
#2354 = CARTESIAN_POINT('',(1.507674710917E-02,-0.602035803905,
    0.175568565362));
#2355 = CARTESIAN_POINT('',(1.775499456075E-02,-0.615573711378,
    0.175918973941));
#2356 = CARTESIAN_POINT('',(1.967316470072E-02,-0.629896935483,
    0.175198377934));
#2357 = CARTESIAN_POINT('',(2.162598462275E-02,-0.651031280464,
    0.179209698282));
#2358 = CARTESIAN_POINT('',(-5.804061136576E-03,-0.710861165573,
    0.13208002506));
#2359 = CARTESIAN_POINT('',(7.183784566209E-02,-0.539806990397,
    0.497708501562));
#2360 = CARTESIAN_POINT('',(1.713559543042E-02,-0.6721,0.175539114611));
#2361 = CARTESIAN_POINT('',(6.068985808071E-03,0.6721,0.49423));
#2362 = CARTESIAN_POINT('',(6.141251360912E-03,0.671250621577,
    0.493122695285));
#2363 = CARTESIAN_POINT('',(6.058431395885E-03,0.641846875143,
    0.476414115265));
#2364 = CARTESIAN_POINT('',(5.427515034425E-03,0.653235465992,
    0.427188191187));
#2365 = CARTESIAN_POINT('',(8.080931944145E-03,0.629974970489,
    0.40382912284));
#2366 = CARTESIAN_POINT('',(1.161738666066E-02,0.612556785852,
    0.398695312011));
#2367 = CARTESIAN_POINT('',(1.340244269438E-02,0.600894039266,
    0.398155321705));
#2368 = CARTESIAN_POINT('',(1.301050938108E-02,0.593099537558,
    0.397021457715));
#2369 = CARTESIAN_POINT('',(2.251670438044E-02,0.500134468,
    0.412717872551));
#2370 = CARTESIAN_POINT('',(1.941055016351E-02,0.558943725446,
    1.200033941204));
#2371 = CARTESIAN_POINT('',(9.62911022978E-03,0.609875829967,
    0.35005597939));
#2372 = CARTESIAN_POINT('',(2.508304193194E-02,0.516920887367,
    0.439419505458));
#2373 = CARTESIAN_POINT('',(2.284404819641E-02,0.528502453087,
    0.328988021452));
#2374 = CARTESIAN_POINT('',(2.424770596459E-02,0.504381437599,
    0.275464951453));
#2375 = CARTESIAN_POINT('',(2.867930884017E-02,0.489023477918,
    0.253467705829));
#2376 = CARTESIAN_POINT('',(3.372418434331E-02,0.475597493701,
    0.240027522161));
#2377 = CARTESIAN_POINT('',(3.914632757072E-02,0.462540451838,
    0.226183209175));
#2378 = CARTESIAN_POINT('',(4.450665609436E-02,0.448816314108,
    0.218276595835));
#2379 = CARTESIAN_POINT('',(4.832944253948E-02,0.436876190467,
    0.200194091381));
#2380 = CARTESIAN_POINT('',(5.122279194091E-02,0.422388038865,
    0.193169844285));
#2381 = CARTESIAN_POINT('',(5.071718470014E-02,0.402622014075,
    0.175061132698));
#2382 = CARTESIAN_POINT('',(5.061156786647E-02,0.395251548383,
    0.205021164198));
#2383 = CARTESIAN_POINT('',(4.972720975472E-02,0.374606182137,
    0.218990047484));
#2384 = CARTESIAN_POINT('',(4.932057587864E-02,0.367263268385,
    0.198702401532));
#2385 = CARTESIAN_POINT('',(4.824103686536E-02,0.348356241279,
    0.192684725706));
#2386 = CARTESIAN_POINT('',(4.764091914505E-02,0.338218697134,
    0.171118068365));
#2387 = CARTESIAN_POINT('',(4.675786344019E-02,0.321881874282,
    0.175929759139));
#2388 = CARTESIAN_POINT('',(4.618318681259E-02,0.308237043389,
    0.17475673917));
#2389 = CARTESIAN_POINT('',(4.571535158987E-02,0.294095134136,
    0.175064067005));
#2390 = CARTESIAN_POINT('',(4.581443770192E-02,0.2797515769,
    0.174982108049));
#2391 = CARTESIAN_POINT('',(4.504312859442E-02,0.265049606334,
    0.175005636009));
#2392 = CARTESIAN_POINT('',(4.32814487525E-02,0.250932764021,
    0.174998122653));
#2393 = CARTESIAN_POINT('',(4.115939639961E-02,0.237811437094,
    0.175000574137));
#2394 = CARTESIAN_POINT('',(3.846165700027E-02,0.223157859515,
    0.174999797746));
#2395 = CARTESIAN_POINT('',(3.625857191243E-02,0.211451094,
    0.175000157257));
#2396 = CARTESIAN_POINT('',(3.36969130353E-02,0.196591192153,
    0.174999640653));
#2397 = CARTESIAN_POINT('',(3.184296153982E-02,0.182862126627,
    0.175001130053));
#2398 = CARTESIAN_POINT('',(3.064538602426E-02,0.168617045813,
    0.17499638459));
#2399 = CARTESIAN_POINT('',(3.072244042969E-02,0.153331037571,
    0.175012930753));
#2400 = CARTESIAN_POINT('',(3.039719457138E-02,0.140278590956,
    0.174947956349));
#2401 = CARTESIAN_POINT('',(2.985987107509E-02,0.125546175067,
    0.17519586853));
#2402 = CARTESIAN_POINT('',(2.267608220187E-02,-2.171267141497E-02,
    0.16483897159));
#2403 = CARTESIAN_POINT('',(3.450038400781E-02,0.219358797566,
    0.892685693407));
#2404 = CARTESIAN_POINT('',(2.17353598985E-02,-3.82470925513E-02,
    0.763082991626));
#2405 = CARTESIAN_POINT('',(3.211155652949E-02,0.21203229865,
    0.167683754382));
#2406 = CARTESIAN_POINT('',(2.667275643294E-02,5.514478939352E-02,
    0.17510698452));
#2407 = CARTESIAN_POINT('',(2.65390189354E-02,4.162240073244E-02,
    0.175292511219));
#2408 = CARTESIAN_POINT('',(2.650427733936E-02,-4.650981546442E-02,
    0.164657895082));
#2409 = CARTESIAN_POINT('',(2.586976147215E-02,4.877888007682E-03,
    1.046614350675));
#2410 = CARTESIAN_POINT('',(2.77534472272E-02,0.118589856777,
    0.154156150152));
#2411 = CARTESIAN_POINT('',(2.612697686301E-02,-1.41544417493E-02,
    0.176736281953));
#2412 = CARTESIAN_POINT('',(2.592661473545E-02,-2.811992002207E-02,
    0.180393884281));
#2413 = CARTESIAN_POINT('',(2.572427306701E-02,-4.198673242768E-02,
    0.18651222028));
#2414 = CARTESIAN_POINT('',(2.553006236899E-02,-5.593735866524E-02,
    0.192781674525));
#2415 = CARTESIAN_POINT('',(2.535883135545E-02,-6.951218035804E-02,
    0.195956349348));
#2416 = CARTESIAN_POINT('',(2.519552479566E-02,-8.74371776811E-02,
    0.200661749251));
#2417 = CARTESIAN_POINT('',(2.515408094556E-02,-9.463809312577E-02,
    0.172896221459));
#2418 = CARTESIAN_POINT('',(2.51149789253E-02,-0.112323536623,
    0.175479633993));
#2419 = CARTESIAN_POINT('',(2.522962453972E-02,-0.125950904737,
    0.174871337503));
#2420 = CARTESIAN_POINT('',(2.544982061712E-02,-0.140067995073,
    0.175034635431));
#2421 = CARTESIAN_POINT('',(2.575558735175E-02,-0.154035141309,
    0.17499067726));
#2422 = CARTESIAN_POINT('',(2.612182474973E-02,-0.16806232443,
    0.175002515771));
#2423 = CARTESIAN_POINT('',(2.652235040847E-02,-0.182036699034,
    0.174999318422));
#2424 = CARTESIAN_POINT('',(2.693330337533E-02,-0.195992493559,
    0.175000203558));
#2425 = CARTESIAN_POINT('',(2.733775265024E-02,-0.210238250205,
    0.174999864836));
#2426 = CARTESIAN_POINT('',(2.768628061364E-02,-0.223759080805,
    0.17500033628));
#2427 = CARTESIAN_POINT('',(2.799514161157E-02,-0.238390313219,
    0.174998804498));
#2428 = CARTESIAN_POINT('',(2.819880100571E-02,-0.25197731712,
    0.175004635528));
#2429 = CARTESIAN_POINT('',(2.82863753538E-02,-0.26601548463,
    0.174982771364));
#2430 = CARTESIAN_POINT('',(2.828470780352E-02,-0.280413026253,
    0.175065655023));
#2431 = CARTESIAN_POINT('',(2.841083481991E-02,-0.294373684448,
    0.174737516299));
#2432 = CARTESIAN_POINT('',(2.85624687377E-02,-0.307429150466,
    0.175999410245));
#2433 = CARTESIAN_POINT('',(2.907464806129E-02,-0.344125043613,
    0.165370622997));
#2434 = CARTESIAN_POINT('',(2.87944080327E-02,-0.324681606886,
    0.325851520987));
#2435 = CARTESIAN_POINT('',(2.915615809183E-02,-0.349888040359,
    0.242061430362));
#2436 = CARTESIAN_POINT('',(2.917674157802E-02,-0.364668231585,
    0.218323157558));
#2437 = CARTESIAN_POINT('',(2.957050987047E-02,-0.376532727738,
    0.187039191809));
#2438 = CARTESIAN_POINT('',(2.824246612359E-02,-0.393059555634,
    0.171625890482));
#2439 = CARTESIAN_POINT('',(2.558367059557E-02,-0.40603232863,
    0.176032024952));
#2440 = CARTESIAN_POINT('',(2.225410728987E-02,-0.419614389694,
    0.174449984188));
#2441 = CARTESIAN_POINT('',(1.85986599041E-02,-0.433557909603,
    0.176099670609));
#2442 = CARTESIAN_POINT('',(1.577078532205E-02,-0.446179989493,
    0.159973084113));
#2443 = CARTESIAN_POINT('',(1.331346298174E-02,-0.460110755566,
    0.152806774916));
#2444 = CARTESIAN_POINT('',(1.323804476586E-02,-0.47611688422,
    0.147426877567));
#2445 = CARTESIAN_POINT('',(1.266972329768E-02,-0.490300133826,
    0.143694108865));
#2446 = CARTESIAN_POINT('',(1.163573223524E-02,-0.504167068569,
    0.140145355503));
#2447 = CARTESIAN_POINT('',(1.033422824644E-02,-0.518319037048,
    0.140937708825));
#2448 = CARTESIAN_POINT('',(9.018468761723E-03,-0.531451491165,
    0.141435636663));
#2449 = CARTESIAN_POINT('',(6.953184614945E-03,-0.555343599491,
    0.137422099425));
#2450 = CARTESIAN_POINT('',(7.199240684892E-03,-0.552172199893,
    0.180884436855));
#2451 = CARTESIAN_POINT('',(6.149423923628E-03,-0.573134680328,
    0.174108101457));
#2452 = CARTESIAN_POINT('',(6.443958721113E-03,-0.588817449298,
    0.17525532959));
#2453 = CARTESIAN_POINT('',(7.53853366358E-03,-0.602035803397,
    0.174886677098));
#2454 = CARTESIAN_POINT('',(8.877687087342E-03,-0.615573713215,
    0.175182219783));
#2455 = CARTESIAN_POINT('',(9.836788275055E-03,-0.62989692925,
    0.174435097263));
#2456 = CARTESIAN_POINT('',(1.081324290491E-02,-0.651031319178,
    0.178487098709));
#2457 = CARTESIAN_POINT('',(-2.902352549463E-03,-0.710860676166,
    0.130958771662));
#2458 = CARTESIAN_POINT('',(3.592028528153E-02,-0.539808115705,
    0.499944232478));
#2459 = CARTESIAN_POINT('',(8.567979964336E-03,-0.6721,0.175));
#2460 = CARTESIAN_POINT('',(1.734723475977E-17,0.6721,0.49423));
#2461 = CARTESIAN_POINT('',(1.75796474652E-17,0.671250621577,
    0.493122695285));
#2462 = CARTESIAN_POINT('',(3.426690037603E-17,0.641846875143,
    0.476414115265));
#2463 = CARTESIAN_POINT('',(1.353514133217E-17,0.653235465992,
    0.427188191187));
#2464 = CARTESIAN_POINT('',(2.929858031741E-17,0.629974970489,
    0.40382912284));
#2465 = CARTESIAN_POINT('',(3.118067969849E-17,0.612556785852,
    0.398695312011));
#2466 = CARTESIAN_POINT('',(7.538934740592E-17,0.600894039266,
    0.398155321705));
#2467 = CARTESIAN_POINT('',(1.415807172138E-17,0.593099537558,
    0.397021457715));
#2468 = CARTESIAN_POINT('',(1.496861912255E-16,0.500134468,
    0.412717872551));
#2469 = CARTESIAN_POINT('',(-5.139167405768E-17,0.558943725446,
    1.200033941204));
#2470 = CARTESIAN_POINT('',(-2.065359974116E-17,0.609875829967,
    0.35005597939));
#2471 = CARTESIAN_POINT('',(9.067202386996E-17,0.516920887367,
    0.439419505458));
#2472 = CARTESIAN_POINT('',(-7.244619241026E-18,0.528502453087,
    0.328988021452));
#2473 = CARTESIAN_POINT('',(1.330020956362E-16,0.504381437599,
    0.275464951453));
#2474 = CARTESIAN_POINT('',(9.313140746798E-18,0.489023477918,
    0.253467705829));
#2475 = CARTESIAN_POINT('',(1.746461884803E-16,0.475597493701,
    0.240027522161));
#2476 = CARTESIAN_POINT('',(1.439899775544E-16,0.462540451838,
    0.226183209175));
#2477 = CARTESIAN_POINT('',(8.971687601356E-17,0.448816314108,
    0.218276595835));
#2478 = CARTESIAN_POINT('',(2.665449071137E-17,0.436876190467,
    0.200194091381));
#2479 = CARTESIAN_POINT('',(2.124449303908E-16,0.422388038865,
    0.193169844285));
#2480 = CARTESIAN_POINT('',(7.750975301255E-17,0.402622014075,
    0.175061132698));
#2481 = CARTESIAN_POINT('',(1.094914264456E-16,0.395251548383,
    0.205021164198));
#2482 = CARTESIAN_POINT('',(1.381502419305E-16,0.374606182137,
    0.218990047484));
#2483 = CARTESIAN_POINT('',(1.91153213407E-16,0.367263268385,
    0.198702401532));
#2484 = CARTESIAN_POINT('',(1.103336859986E-16,0.348356241279,
    0.192684725706));
#2485 = CARTESIAN_POINT('',(2.03658660684E-16,0.338218697134,
    0.171118068365));
#2486 = CARTESIAN_POINT('',(8.816810473936E-17,0.321881874282,
    0.175929759139));
#2487 = CARTESIAN_POINT('',(1.194943347484E-16,0.308237043389,
    0.17475673917));
#2488 = CARTESIAN_POINT('',(9.970046000888E-17,0.294095134136,
    0.175064067005));
#2489 = CARTESIAN_POINT('',(1.484356087665E-16,0.2797515769,
    0.174982108049));
#2490 = CARTESIAN_POINT('',(1.409454846791E-16,0.265049606334,
    0.175005636009));
#2491 = CARTESIAN_POINT('',(1.139003576011E-16,0.250932764021,
    0.174998122653));
#2492 = CARTESIAN_POINT('',(5.221514968123E-17,0.237811437094,
    0.175000574137));
#2493 = CARTESIAN_POINT('',(1.813756495635E-16,0.223157859515,
    0.174999797746));
#2494 = CARTESIAN_POINT('',(6.530391181884E-17,0.211451094,
    0.175000157257));
#2495 = CARTESIAN_POINT('',(7.317026579165E-17,0.196591192153,
    0.174999640653));
#2496 = CARTESIAN_POINT('',(1.313015630382E-16,0.182862126627,
    0.175001130053));
#2497 = CARTESIAN_POINT('',(6.888216878351E-17,0.168617045813,
    0.17499638459));
#2498 = CARTESIAN_POINT('',(9.82637220058E-17,0.153331037571,
    0.175012930753));
#2499 = CARTESIAN_POINT('',(3.460452427547E-17,0.140278590956,
    0.174947956349));
#2500 = CARTESIAN_POINT('',(9.627003316383E-17,0.125546175067,
    0.17519586853));
#2501 = CARTESIAN_POINT('',(-4.038699889666E-17,-2.171267141497E-02,
    0.16483897159));
#2502 = CARTESIAN_POINT('',(-2.379758095553E-16,0.219358797566,
    0.892685693407));
#2503 = CARTESIAN_POINT('',(2.680686889111E-16,-3.82470925513E-02,
    0.763082991626));
#2504 = CARTESIAN_POINT('',(-3.261878999545E-16,0.21203229865,
    0.167683754382));
#2505 = CARTESIAN_POINT('',(1.262688969354E-16,5.514478939352E-02,
    0.17510698452));
#2506 = CARTESIAN_POINT('',(7.762966580238E-17,4.162240073244E-02,
    0.175292511219));
#2507 = CARTESIAN_POINT('',(-6.387611067053E-17,-4.650981546442E-02,
    0.164657895082));
#2508 = CARTESIAN_POINT('',(-1.453803799243E-16,4.877888007682E-03,
    1.046614350675));
#2509 = CARTESIAN_POINT('',(4.426491247591E-16,0.118589856777,
    0.154156150152));
#2510 = CARTESIAN_POINT('',(9.490579231257E-18,-1.41544417493E-02,
    0.176736281953));
#2511 = CARTESIAN_POINT('',(7.258063272228E-17,-2.811992002208E-02,
    0.180393884281));
#2512 = CARTESIAN_POINT('',(3.399212855199E-17,-4.198673242768E-02,
    0.18651222028));
#2513 = CARTESIAN_POINT('',(-4.164209612788E-17,-5.593735866524E-02,
    0.192781674525));
#2514 = CARTESIAN_POINT('',(-3.231840989943E-17,-6.951218035804E-02,
    0.195956349348));
#2515 = CARTESIAN_POINT('',(8.085081007887E-18,-8.74371776811E-02,
    0.200661749251));
#2516 = CARTESIAN_POINT('',(2.131382906392E-17,-9.463809312577E-02,
    0.172896221459));
#2517 = CARTESIAN_POINT('',(-2.83589050274E-18,-0.112323536623,
    0.175479633993));
#2518 = CARTESIAN_POINT('',(-6.998279268575E-18,-0.125950904737,
    0.174871337503));
#2519 = CARTESIAN_POINT('',(3.098011746649E-17,-0.140067995073,
    0.175034635431));
#2520 = CARTESIAN_POINT('',(4.987987886165E-17,-0.154035141309,
    0.17499067726));
#2521 = CARTESIAN_POINT('',(-6.445251792221E-17,-0.16806232443,
    0.175002515771));
#2522 = CARTESIAN_POINT('',(4.125680065746E-17,-0.182036699034,
    0.174999318422));
#2523 = CARTESIAN_POINT('',(6.62157413782E-17,-0.195992493559,
    0.175000203558));
#2524 = CARTESIAN_POINT('',(2.67089484425E-17,-0.210238250205,
    0.174999864836));
#2525 = CARTESIAN_POINT('',(-7.910404704102E-18,-0.223759080805,
    0.17500033628));
#2526 = CARTESIAN_POINT('',(5.478169967644E-18,-0.238390313219,
    0.174998804498));
#2527 = CARTESIAN_POINT('',(-1.435913320097E-17,-0.25197731712,
    0.175004635528));
#2528 = CARTESIAN_POINT('',(5.158102283108E-17,-0.26601548463,
    0.174982771364));
#2529 = CARTESIAN_POINT('',(-2.679418425738E-17,-0.280413026253,
    0.175065655023));
#2530 = CARTESIAN_POINT('',(5.653269600036E-17,-0.294373684448,
    0.174737516299));
#2531 = CARTESIAN_POINT('',(-3.064034601664E-17,-0.307429150466,
    0.175999410245));
#2532 = CARTESIAN_POINT('',(1.895968364326E-16,-0.344125043613,
    0.165370622997));
#2533 = CARTESIAN_POINT('',(-3.004015226246E-18,-0.324681606886,
    0.325851520987));
#2534 = CARTESIAN_POINT('',(3.805370942414E-17,-0.349888040359,
    0.242061430362));
#2535 = CARTESIAN_POINT('',(4.231094722897E-18,-0.364668231585,
    0.218323157558));
#2536 = CARTESIAN_POINT('',(-5.739160092447E-17,-0.376532727738,
    0.187039191809));
#2537 = CARTESIAN_POINT('',(5.124215848045E-17,-0.393059555634,
    0.171625890482));
#2538 = CARTESIAN_POINT('',(2.217806197264E-17,-0.40603232863,
    0.176032024952));
#2539 = CARTESIAN_POINT('',(2.529766663522E-17,-0.419614389694,
    0.174449984188));
#2540 = CARTESIAN_POINT('',(4.130279733019E-17,-0.433557909603,
    0.176099670609));
#2541 = CARTESIAN_POINT('',(-1.444178287721E-17,-0.446179989493,
    0.159973084113));
#2542 = CARTESIAN_POINT('',(1.890135275939E-17,-0.460110755566,
    0.152806774916));
#2543 = CARTESIAN_POINT('',(1.290448733611E-17,-0.47611688422,
    0.147426877567));
#2544 = CARTESIAN_POINT('',(1.331893317768E-17,-0.490300133826,
    0.143694108865));
#2545 = CARTESIAN_POINT('',(1.726527288766E-17,-0.504167068569,
    0.140145355503));
#2546 = CARTESIAN_POINT('',(5.732292151209E-19,-0.518319037048,
    0.140937708826));
#2547 = CARTESIAN_POINT('',(2.193357032772E-17,-0.531451491165,
    0.141435636662));
#2548 = CARTESIAN_POINT('',(-1.693755402286E-17,-0.55534359949,
    0.13742209943));
#2549 = CARTESIAN_POINT('',(1.61968582156E-17,-0.552172199896,
    0.180884436821));
#2550 = CARTESIAN_POINT('',(-2.023669907928E-18,-0.573134680322,
    0.174108101507));
#2551 = CARTESIAN_POINT('',(-8.80406929823E-19,-0.588817449316,
    0.175255329422));
#2552 = CARTESIAN_POINT('',(6.258271868747E-18,-0.602035803323,
    0.174886677792));
#2553 = CARTESIAN_POINT('',(1.738916992574E-17,-0.615573713484,
    0.175182217274));
#2554 = CARTESIAN_POINT('',(7.604285279643E-18,-0.629896928337,
    0.174435105777));
#2555 = CARTESIAN_POINT('',(-7.377485179488E-17,-0.651031324844,
    0.17848704583));
#2556 = CARTESIAN_POINT('',(1.3625998347E-15,-0.710860604545,
    0.13095944012));
#2557 = CARTESIAN_POINT('',(-3.10721787745E-15,-0.539808280384,
    0.499942695471));
#2558 = CARTESIAN_POINT('',(0.,-0.6721,0.175));
#2559 = DEFINITIONAL_REPRESENTATION('',(#2560),#2564);
#2560 = LINE('',#2561,#2562);
#2561 = CARTESIAN_POINT('',(1.,0.));
#2562 = VECTOR('',#2563,1.);
#2563 = DIRECTION('',(0.,1.));
#2564 = ( GEOMETRIC_REPRESENTATION_CONTEXT(2) 
PARAMETRIC_REPRESENTATION_CONTEXT() REPRESENTATION_CONTEXT('2D SPACE',''
  ) );
#2565 = ORIENTED_EDGE('',*,*,#2566,.F.);
#2566 = EDGE_CURVE('',#2567,#1259,#2569,.T.);
#2567 = VERTEX_POINT('',#2568);
#2568 = CARTESIAN_POINT('',(3.673940397442E-18,-0.6721,0.175));
#2569 = SURFACE_CURVE('',#2570,(#2583,#2590),.PCURVE_S1.);
#2570 = B_SPLINE_CURVE_WITH_KNOTS('',11,(#2571,#2572,#2573,#2574,#2575,
    #2576,#2577,#2578,#2579,#2580,#2581,#2582),.UNSPECIFIED.,.F.,.F.,(12
    ,12),(0.,1.),.PIECEWISE_BEZIER_KNOTS.);
#2571 = CARTESIAN_POINT('',(6.938893903907E-18,-0.6721,0.175));
#2572 = CARTESIAN_POINT('',(-2.570393989301E-02,-0.6721,0.175));
#2573 = CARTESIAN_POINT('',(-5.140859239764E-02,-0.6721,0.179852776339)
  );
#2574 = CARTESIAN_POINT('',(-7.076619313208E-02,-0.6721,0.189561450172)
  );
#2575 = CARTESIAN_POINT('',(-7.745455063367E-02,-0.6721,0.202616909861)
  );
#2576 = CARTESIAN_POINT('',(-6.760451677802E-02,-0.6721,0.216055811095)
  );
#2577 = CARTESIAN_POINT('',(-4.24687464945E-02,-0.6721,0.226126876389));
#2578 = CARTESIAN_POINT('',(-8.92739566039E-03,-0.6721,0.230073456621));
#2579 = CARTESIAN_POINT('',(2.365694632717E-02,-0.6721,0.227393654715));
#2580 = CARTESIAN_POINT('',(4.788824540969E-02,-0.6721,0.219637709354));
#2581 = CARTESIAN_POINT('',(6.E-02,-0.6721,0.209338711917));
#2582 = CARTESIAN_POINT('',(6.E-02,-0.6721,0.19904));
#2583 = PCURVE('',#41,#2584);
#2584 = DEFINITIONAL_REPRESENTATION('',(#2585),#2589);
#2585 = LINE('',#2586,#2587);
#2586 = CARTESIAN_POINT('',(0.,1.));
#2587 = VECTOR('',#2588,1.);
#2588 = DIRECTION('',(1.,0.));
#2589 = ( GEOMETRIC_REPRESENTATION_CONTEXT(2) 
PARAMETRIC_REPRESENTATION_CONTEXT() REPRESENTATION_CONTEXT('2D SPACE',''
  ) );
#2590 = PCURVE('',#2591,#2596);
#2591 = PLANE('',#2592);
#2592 = AXIS2_PLACEMENT_3D('',#2593,#2594,#2595);
#2593 = CARTESIAN_POINT('',(6.938893903907E-18,-0.6721,0.175));
#2594 = DIRECTION('',(-1.243931404307E-15,1.,-6.733069200186E-15));
#2595 = DIRECTION('',(-0.907663687165,1.696786075232E-15,0.419698261852)
  );
#2596 = DEFINITIONAL_REPRESENTATION('',(#2597),#2610);
#2597 = B_SPLINE_CURVE_WITH_KNOTS('',11,(#2598,#2599,#2600,#2601,#2602,
    #2603,#2604,#2605,#2606,#2607,#2608,#2609),.UNSPECIFIED.,.F.,.F.,(12
    ,12),(0.,1.),.PIECEWISE_BEZIER_KNOTS.);
#2598 = CARTESIAN_POINT('',(0.,0.));
#2599 = CARTESIAN_POINT('',(2.333053285797E-02,-1.078789889583E-02));
#2600 = CARTESIAN_POINT('',(4.869841432233E-02,-1.717140800854E-02));
#2601 = CARTESIAN_POINT('',(7.034331911198E-02,-1.648354870216E-02));
#2602 = CARTESIAN_POINT('',(8.189345208238E-02,-7.440674040686E-03));
#2603 = CARTESIAN_POINT('',(7.859321752345E-02,8.891370693413E-03));
#2604 = CARTESIAN_POINT('',(6.000520018689E-02,2.858195004979E-02));
#2605 = CARTESIAN_POINT('',(3.12173068797E-02,4.624136425962E-02));
#2606 = CARTESIAN_POINT('',(5.169746855238E-04,5.748459707686E-02));
#2607 = CARTESIAN_POINT('',(-2.473205237152E-02,6.061464122043E-02));
#2608 = CARTESIAN_POINT('',(-4.004792352407E-02,5.634989758232E-02));
#2609 = CARTESIAN_POINT('',(-4.437027501501E-02,4.700213075056E-02));
#2610 = ( GEOMETRIC_REPRESENTATION_CONTEXT(2) 
PARAMETRIC_REPRESENTATION_CONTEXT() REPRESENTATION_CONTEXT('2D SPACE',''
  ) );
#2611 = ORIENTED_EDGE('',*,*,#2612,.F.);
#2612 = EDGE_CURVE('',#22,#2567,#2613,.T.);
#2613 = SURFACE_CURVE('',#2614,(#2714,#2721),.PCURVE_S1.);
#2614 = ( BOUNDED_CURVE() B_SPLINE_CURVE(3,(#2615,#2616,#2617,#2618,
    #2619,#2620,#2621,#2622,#2623,#2624,#2625,#2626,#2627,#2628,#2629,
    #2630,#2631,#2632,#2633,#2634,#2635,#2636,#2637,#2638,#2639,#2640,
    #2641,#2642,#2643,#2644,#2645,#2646,#2647,#2648,#2649,#2650,#2651,
    #2652,#2653,#2654,#2655,#2656,#2657,#2658,#2659,#2660,#2661,#2662,
    #2663,#2664,#2665,#2666,#2667,#2668,#2669,#2670,#2671,#2672,#2673,
    #2674,#2675,#2676,#2677,#2678,#2679,#2680,#2681,#2682,#2683,#2684,
    #2685,#2686,#2687,#2688,#2689,#2690,#2691,#2692,#2693,#2694,#2695,
    #2696,#2697,#2698,#2699,#2700,#2701,#2702,#2703,#2704,#2705,#2706,
    #2707,#2708,#2709,#2710,#2711,#2712,#2713),.UNSPECIFIED.,.F.,.F.) 
B_SPLINE_CURVE_WITH_KNOTS((4,1,1,1,1,1,1,1,1,1,1,1,1,1,1,1,1,1,1,1,1,1,1
    ,1,1,1,1,1,1,1,1,1,1,1,1,1,1,1,1,1,1,1,1,1,1,1,1,1,1,1,1,1,1,1,1,1,1
    ,1,1,1,1,1,1,1,1,1,1,1,1,1,1,1,1,1,1,1,1,1,1,1,1,1,1,1,1,1,1,1,1,1,1
    ,1,1,1,1,1,4),(0.,3.964199383645E-03,1.480867662088E-02,
    1.994295990004E-02,2.487899201502E-02,3.256550029682E-02,
    4.122366157123E-02,4.626103475672E-02,0.122036701044,0.189509962234,
    0.194800344871,0.213392566997,0.220987053106,0.227915625281,
    0.235864763276,0.2443634092,0.252399910285,0.259330873465,
    0.263978011315,0.267629592178,0.272677156627,0.276542396701,
    0.281760056861,0.285676663628,0.290095749161,0.293625343957,
    0.297118727761,0.300551258603,0.303959343749,0.30752094778,
    0.311590039787,0.316310991941,0.321304650897,0.326736294803,
    0.331346381603,0.335536138265,0.339272638404,0.342760167618,
    0.346504704717,0.350193396821,0.354123766593,0.468480105573,
    0.473049667868,0.588231397832,0.59210994684,0.596364773948,
    0.600938190602,0.676662728976,0.765246802361,0.768692387546,
    0.772177858116,0.77572207327,0.779265446369,0.782731223381,
    0.786130046112,0.790911822435,0.794322817398,0.797720108192,
    0.801126402318,0.804543825253,0.807971319698,0.811415049574,
    0.814860970332,0.818304211287,0.821814966026,0.825240655447,
    0.828795505585,0.832342225679,0.835887134227,0.839614112058,
    0.84345625707,0.847188883285,0.865700809371,0.873438278384,
    0.880464724184,0.887922264576,0.894286011708,0.901304900218,
    0.908388787085,0.915063605666,0.921132609245,0.925767363775,
    0.929397796296,0.932991860735,0.936698352459,0.940477557659,
    0.944304604293,0.948078358785,0.956979737792,0.961128646619,
    0.964688256679,0.968555854553,0.97241233621,0.976040773342,
0.97943716713,0.98920757987,1.),.UNSPECIFIED.) CURVE() 
GEOMETRIC_REPRESENTATION_ITEM() RATIONAL_B_SPLINE_CURVE((1.,
    0.992242318948,1.010353982689,0.998303700748,1.000291367976,
    0.999874634805,1.000045677512,0.999993539763,1.000025289887,
    0.999989410891,1.000000155182,0.999999969222,1.000000004562,
    0.999999999321,1.000000000203,0.999999999938,1.000000000016,
    0.999999999996,1.000000000001,1.,1.,1.,1.,1.,1.,1.,1.,1.,1.,1.,1.,1.
    ,1.,1.,1.,1.,1.,1.,1.,1.,1.,1.,1.,1.,1.,1.,1.,1.,1.,1.,1.,1.,1.,1.,
    1.,1.,1.,1.,1.,1.,1.,1.,1.,1.,1.,1.,1.,1.,1.,1.,1.,1.,1.,1.,1.,1.,1.
    ,1.,1.,1.,1.,1.,1.,1.,1.,1.,1.,1.,1.,1.,0.999999999999,
    1.000000000002,0.999999999991,1.000000000031,0.999999999895,
    1.000000000652,0.999999991761,1.000000018944,1.)) 
REPRESENTATION_ITEM('') );
#2615 = CARTESIAN_POINT('',(-1.040834085586E-17,0.6721,0.49423));
#2616 = CARTESIAN_POINT('',(-9.290292569494E-18,0.671250621577,
    0.493122695285));
#2617 = CARTESIAN_POINT('',(3.003648339616E-17,0.641846875143,
    0.476414115265));
#2618 = CARTESIAN_POINT('',(-7.615116381631E-17,0.653235465992,
    0.427188191187));
#2619 = CARTESIAN_POINT('',(9.525942177207E-17,0.629974970489,
    0.40382912284));
#2620 = CARTESIAN_POINT('',(6.967648969304E-18,0.612556785852,
    0.398695312011));
#2621 = CARTESIAN_POINT('',(-9.700944371425E-17,0.600894039266,
    0.398155321705));
#2622 = CARTESIAN_POINT('',(1.592293265241E-17,0.593099537558,
    0.397021457715));
#2623 = CARTESIAN_POINT('',(1.424564298001E-16,0.500134468,
    0.412717872551));
#2624 = CARTESIAN_POINT('',(-1.760342053916E-17,0.558943725446,
    1.200033941204));
#2625 = CARTESIAN_POINT('',(7.47848774124E-17,0.609875829967,
    0.35005597939));
#2626 = CARTESIAN_POINT('',(2.672912286247E-17,0.516920887367,
    0.439419505458));
#2627 = CARTESIAN_POINT('',(-1.50200007211E-16,0.528502453087,
    0.328988021452));
#2628 = CARTESIAN_POINT('',(1.607324217134E-16,0.504381437599,
    0.275464951453));
#2629 = CARTESIAN_POINT('',(-1.019928247995E-16,0.489023477918,
    0.253467705829));
#2630 = CARTESIAN_POINT('',(7.610250333436E-17,0.475597493701,
    0.240027522161));
#2631 = CARTESIAN_POINT('',(-1.880280007585E-17,0.462540451838,
    0.226183209175));
#2632 = CARTESIAN_POINT('',(1.499814475499E-16,0.448816314108,
    0.218276595835));
#2633 = CARTESIAN_POINT('',(3.301564315861E-16,0.436876190467,
    0.200194091381));
#2634 = CARTESIAN_POINT('',(-3.094328521383E-16,0.422388038865,
    0.193169844285));
#2635 = CARTESIAN_POINT('',(6.46766324806E-16,0.402622014075,
    0.175061132698));
#2636 = CARTESIAN_POINT('',(-2.046232166331E-16,0.395251548383,
    0.205021164198));
#2637 = CARTESIAN_POINT('',(6.569927874595E-16,0.374606182137,
    0.218990047484));
#2638 = CARTESIAN_POINT('',(-1.993602654245E-17,0.367263268385,
    0.198702401532));
#2639 = CARTESIAN_POINT('',(3.041313723509E-16,0.348356241279,
    0.192684725706));
#2640 = CARTESIAN_POINT('',(-4.292115961039E-17,0.338218697134,
    0.171118068365));
#2641 = CARTESIAN_POINT('',(7.273778226584E-17,0.321881874282,
    0.175929759139));
#2642 = CARTESIAN_POINT('',(2.383255599887E-16,0.308237043389,
    0.17475673917));
#2643 = CARTESIAN_POINT('',(3.008522457824E-16,0.294095134136,
    0.175064067005));
#2644 = CARTESIAN_POINT('',(5.457559766845E-17,0.2797515769,
    0.174982108049));
#2645 = CARTESIAN_POINT('',(-4.080011499853E-17,0.265049606334,
    0.175005636009));
#2646 = CARTESIAN_POINT('',(1.230528654148E-16,0.250932764021,
    0.174998122653));
#2647 = CARTESIAN_POINT('',(-1.250555877436E-16,0.237811437094,
    0.175000574137));
#2648 = CARTESIAN_POINT('',(2.12271242294E-16,0.223157859515,
    0.174999797746));
#2649 = CARTESIAN_POINT('',(-2.799351280297E-17,0.211451094,
    0.175000157257));
#2650 = CARTESIAN_POINT('',(2.126703435009E-16,0.196591192153,
    0.174999640653));
#2651 = CARTESIAN_POINT('',(-1.398543062721E-16,0.182862126627,
    0.175001130053));
#2652 = CARTESIAN_POINT('',(-1.034887010163E-16,0.168617045813,
    0.17499638459));
#2653 = CARTESIAN_POINT('',(1.992499462261E-16,0.153331037571,
    0.175012930753));
#2654 = CARTESIAN_POINT('',(-2.617587141211E-17,0.140278590956,
    0.174947956349));
#2655 = CARTESIAN_POINT('',(2.382980066832E-16,0.125546175067,
    0.17519586853));
#2656 = CARTESIAN_POINT('',(-1.440307691514E-15,-2.171267141497E-02,
    0.16483897159));
#2657 = CARTESIAN_POINT('',(5.473500857669E-16,0.219358797566,
    0.892685693407));
#2658 = CARTESIAN_POINT('',(-5.289327092901E-16,-3.82470925513E-02,
    0.763082991626));
#2659 = CARTESIAN_POINT('',(2.411381223816E-15,0.21203229865,
    0.167683754382));
#2660 = CARTESIAN_POINT('',(-1.003027349927E-16,5.514478939352E-02,
    0.17510698452));
#2661 = CARTESIAN_POINT('',(8.664396256704E-17,4.162240073244E-02,
    0.175292511219));
#2662 = CARTESIAN_POINT('',(2.401980254708E-16,-4.650981546442E-02,
    0.164657895082));
#2663 = CARTESIAN_POINT('',(5.727952393825E-16,4.877888007682E-03,
    1.046614350675));
#2664 = CARTESIAN_POINT('',(-1.861849081616E-15,0.118589856777,
    0.154156150152));
#2665 = CARTESIAN_POINT('',(2.039768972399E-17,-1.41544417493E-02,
    0.176736281953));
#2666 = CARTESIAN_POINT('',(2.820750340161E-17,-2.811992002208E-02,
    0.180393884281));
#2667 = CARTESIAN_POINT('',(-4.325213644711E-17,-4.198673242768E-02,
    0.18651222028));
#2668 = CARTESIAN_POINT('',(-9.518955975748E-17,-5.593735866524E-02,
    0.192781674525));
#2669 = CARTESIAN_POINT('',(-1.443231301492E-16,-6.951218035804E-02,
    0.195956349348));
#2670 = CARTESIAN_POINT('',(-5.329859945627E-17,-8.74371776811E-02,
    0.200661749251));
#2671 = CARTESIAN_POINT('',(-1.002510239909E-16,-9.463809312577E-02,
    0.172896221459));
#2672 = CARTESIAN_POINT('',(1.87412166062E-16,-0.112323536623,
    0.175479633993));
#2673 = CARTESIAN_POINT('',(-8.544618619151E-17,-0.125950904737,
    0.174871337503));
#2674 = CARTESIAN_POINT('',(8.559776638962E-17,-0.140067995073,
    0.175034635431));
#2675 = CARTESIAN_POINT('',(5.509136679196E-18,-0.154035141309,
    0.17499067726));
#2676 = CARTESIAN_POINT('',(-1.5413628146E-17,-0.16806232443,
    0.175002515771));
#2677 = CARTESIAN_POINT('',(-2.124357440382E-17,-0.182036699034,
    0.174999318422));
#2678 = CARTESIAN_POINT('',(-1.471444495768E-16,-0.195992493559,
    0.175000203558));
#2679 = CARTESIAN_POINT('',(-1.409211257682E-16,-0.210238250205,
    0.174999864836));
#2680 = CARTESIAN_POINT('',(-4.214322790179E-17,-0.223759080805,
    0.17500033628));
#2681 = CARTESIAN_POINT('',(4.760201882078E-17,-0.238390313219,
    0.174998804498));
#2682 = CARTESIAN_POINT('',(-7.828404766874E-17,-0.25197731712,
    0.175004635528));
#2683 = CARTESIAN_POINT('',(1.672636758312E-16,-0.26601548463,
    0.174982771364));
#2684 = CARTESIAN_POINT('',(-2.53282064095E-17,-0.280413026253,
    0.175065655023));
#2685 = CARTESIAN_POINT('',(-7.170984389722E-18,-0.294373684448,
    0.174737516299));
#2686 = CARTESIAN_POINT('',(-2.154756263794E-16,-0.307429150466,
    0.175999410245));
#2687 = CARTESIAN_POINT('',(1.341363364802E-16,-0.344125043613,
    0.165370622997));
#2688 = CARTESIAN_POINT('',(1.26639114858E-16,-0.324681606886,
    0.325851520987));
#2689 = CARTESIAN_POINT('',(-1.708775935879E-16,-0.349888040359,
    0.242061430362));
#2690 = CARTESIAN_POINT('',(4.931986959702E-17,-0.364668231585,
    0.218323157558));
#2691 = CARTESIAN_POINT('',(2.116001257492E-16,-0.376532727738,
    0.187039191809));
#2692 = CARTESIAN_POINT('',(-1.393100196334E-16,-0.393059555634,
    0.171625890482));
#2693 = CARTESIAN_POINT('',(8.831505607308E-17,-0.40603232863,
    0.176032024952));
#2694 = CARTESIAN_POINT('',(-3.650176910257E-17,-0.419614389694,
    0.174449984188));
#2695 = CARTESIAN_POINT('',(-1.926143618626E-17,-0.433557909603,
    0.176099670609));
#2696 = CARTESIAN_POINT('',(-4.899262680686E-17,-0.446179989493,
    0.159973084113));
#2697 = CARTESIAN_POINT('',(-9.044778709126E-17,-0.460110755566,
    0.152806774916));
#2698 = CARTESIAN_POINT('',(1.112516292819E-16,-0.47611688422,
    0.147426877567));
#2699 = CARTESIAN_POINT('',(-4.052316392026E-17,-0.490300133826,
    0.143694108865));
#2700 = CARTESIAN_POINT('',(-8.07364213793E-17,-0.504167068569,
    0.140145355503));
#2701 = CARTESIAN_POINT('',(3.207062767157E-17,-0.518319037048,
    0.140937708827));
#2702 = CARTESIAN_POINT('',(-8.797963133791E-17,-0.531451491165,
    0.141435636658));
#2703 = CARTESIAN_POINT('',(8.023175545651E-17,-0.555343599488,
    0.137422099453));
#2704 = CARTESIAN_POINT('',(4.079168256475E-17,-0.552172199913,
    0.180884436649));
#2705 = CARTESIAN_POINT('',(-2.231359555811E-17,-0.573134680298,
    0.174108101764));
#2706 = CARTESIAN_POINT('',(4.300053668318E-17,-0.588817449397,
    0.175255328568));
#2707 = CARTESIAN_POINT('',(-2.856842617132E-17,-0.602035802988,
    0.174886681308));
#2708 = CARTESIAN_POINT('',(6.731152450015E-17,-0.615573714694,
    0.175182204549));
#2709 = CARTESIAN_POINT('',(4.604301088861E-17,-0.629896924232,
    0.174435148956));
#2710 = CARTESIAN_POINT('',(-3.953369089613E-16,-0.651031350339,
    0.17848677766));
#2711 = CARTESIAN_POINT('',(6.344082286172E-15,-0.710860282253,
    0.130962830157));
#2712 = CARTESIAN_POINT('',(-1.479089122221E-14,-0.539809021441,
    0.499934900653));
#2713 = CARTESIAN_POINT('',(6.938893903907E-18,-0.6721,0.175));
#2714 = PCURVE('',#41,#2715);
#2715 = DEFINITIONAL_REPRESENTATION('',(#2716),#2720);
#2716 = LINE('',#2717,#2718);
#2717 = CARTESIAN_POINT('',(0.,0.));
#2718 = VECTOR('',#2719,1.);
#2719 = DIRECTION('',(0.,1.));
#2720 = ( GEOMETRIC_REPRESENTATION_CONTEXT(2) 
PARAMETRIC_REPRESENTATION_CONTEXT() REPRESENTATION_CONTEXT('2D SPACE',''
  ) );
#2721 = PCURVE('',#1370,#2722);
#2722 = DEFINITIONAL_REPRESENTATION('',(#2723),#2727);
#2723 = LINE('',#2724,#2725);
#2724 = CARTESIAN_POINT('',(2.,0.));
#2725 = VECTOR('',#2726,1.);
#2726 = DIRECTION('',(0.,1.));
#2727 = ( GEOMETRIC_REPRESENTATION_CONTEXT(2) 
PARAMETRIC_REPRESENTATION_CONTEXT() REPRESENTATION_CONTEXT('2D SPACE',''
  ) );
#2728 = FACE_BOUND('',#2729,.F.);
#2729 = EDGE_LOOP('',(#2730));
#2730 = ORIENTED_EDGE('',*,*,#2731,.F.);
#2731 = EDGE_CURVE('',#2732,#2732,#2734,.T.);
#2732 = VERTEX_POINT('',#2733);
#2733 = CARTESIAN_POINT('',(-5.213672867955E-02,0.3,0.180335154354));
#2734 = SURFACE_CURVE('',#2735,(#3024,#3316),.PCURVE_S1.);
#2735 = B_SPLINE_CURVE_WITH_KNOTS('',8,(#2736,#2737,#2738,#2739,#2740,
    #2741,#2742,#2743,#2744,#2745,#2746,#2747,#2748,#2749,#2750,#2751,
    #2752,#2753,#2754,#2755,#2756,#2757,#2758,#2759,#2760,#2761,#2762,
    #2763,#2764,#2765,#2766,#2767,#2768,#2769,#2770,#2771,#2772,#2773,
    #2774,#2775,#2776,#2777,#2778,#2779,#2780,#2781,#2782,#2783,#2784,
    #2785,#2786,#2787,#2788,#2789,#2790,#2791,#2792,#2793,#2794,#2795,
    #2796,#2797,#2798,#2799,#2800,#2801,#2802,#2803,#2804,#2805,#2806,
    #2807,#2808,#2809,#2810,#2811,#2812,#2813,#2814,#2815,#2816,#2817,
    #2818,#2819,#2820,#2821,#2822,#2823,#2824,#2825,#2826,#2827,#2828,
    #2829,#2830,#2831,#2832,#2833,#2834,#2835,#2836,#2837,#2838,#2839,
    #2840,#2841,#2842,#2843,#2844,#2845,#2846,#2847,#2848,#2849,#2850,
    #2851,#2852,#2853,#2854,#2855,#2856,#2857,#2858,#2859,#2860,#2861,
    #2862,#2863,#2864,#2865,#2866,#2867,#2868,#2869,#2870,#2871,#2872,
    #2873,#2874,#2875,#2876,#2877,#2878,#2879,#2880,#2881,#2882,#2883,
    #2884,#2885,#2886,#2887,#2888,#2889,#2890,#2891,#2892,#2893,#2894,
    #2895,#2896,#2897,#2898,#2899,#2900,#2901,#2902,#2903,#2904,#2905,
    #2906,#2907,#2908,#2909,#2910,#2911,#2912,#2913,#2914,#2915,#2916,
    #2917,#2918,#2919,#2920,#2921,#2922,#2923,#2924,#2925,#2926,#2927,
    #2928,#2929,#2930,#2931,#2932,#2933,#2934,#2935,#2936,#2937,#2938,
    #2939,#2940,#2941,#2942,#2943,#2944,#2945,#2946,#2947,#2948,#2949,
    #2950,#2951,#2952,#2953,#2954,#2955,#2956,#2957,#2958,#2959,#2960,
    #2961,#2962,#2963,#2964,#2965,#2966,#2967,#2968,#2969,#2970,#2971,
    #2972,#2973,#2974,#2975,#2976,#2977,#2978,#2979,#2980,#2981,#2982,
    #2983,#2984,#2985,#2986,#2987,#2988,#2989,#2990,#2991,#2992,#2993,
    #2994,#2995,#2996,#2997,#2998,#2999,#3000,#3001,#3002,#3003,#3004,
    #3005,#3006,#3007,#3008,#3009,#3010,#3011,#3012,#3013,#3014,#3015,
    #3016,#3017,#3018,#3019,#3020,#3021,#3022,#3023),.UNSPECIFIED.,.T.,
  .F.,(9,7,7,7,7,8,7,7,8,8,7,7,7,7,7,7,7,7,7,7,7,7,7,8,7,8,7,8,7,7,7,7,7
    ,7,7,7,7,7,7,7,9),(0.,1.328337360383E-02,2.058095276711E-02,
    3.21318547461E-02,3.63813369214E-02,4.0946702217E-02,
    5.423007582083E-02,7.830346643359E-02,9.653332008653E-02,
    0.10981669369,0.123100067294,0.143654231861,0.158844332989,
    0.230202835242,0.275331798751,0.318043127359,0.391122247278,
    0.451715879963,0.512051997917,0.534995162187,0.557270003176,
    0.580270177409,0.600738249131,0.622928211448,0.636211585052,
    0.651838976503,0.665122350107,0.708050086753,0.721333460356,
    0.738343044528,0.767730415947,0.796872844158,0.828277500036,
    0.866118382598,0.92746800529,0.931904312166,0.940814822128,
    0.967250881938,0.979965818959,0.992815710761,1.),.UNSPECIFIED.);
#2736 = CARTESIAN_POINT('',(-5.213672867955E-02,0.3,0.180335154354));
#2737 = CARTESIAN_POINT('',(-5.213596624565E-02,0.300997672588,
    0.180320829958));
#2738 = CARTESIAN_POINT('',(-5.215274702314E-02,0.301995478531,
    0.180311754271));
#2739 = CARTESIAN_POINT('',(-5.218714916327E-02,0.30299303886,
    0.180309006052));
#2740 = CARTESIAN_POINT('',(-5.223922603024E-02,0.303989904817,
    0.180313669332));
#2741 = CARTESIAN_POINT('',(-5.230900620125E-02,0.304985557858,
    0.180326833421));
#2742 = CARTESIAN_POINT('',(-5.239649346645E-02,0.305979409657,
    0.180349592906));
#2743 = CARTESIAN_POINT('',(-5.250166682897E-02,0.306970802099,
    0.180383047649));
#2744 = CARTESIAN_POINT('',(-5.269194880839E-02,0.308501905303,
    0.1804531532));
#2745 = CARTESIAN_POINT('',(-5.276474214812E-02,0.309043815916,
    0.180481664196));
#2746 = CARTESIAN_POINT('',(-5.284281263173E-02,0.309584695756,
    0.180513196937));
#2747 = CARTESIAN_POINT('',(-5.292611518356E-02,0.310124516824,
    0.180547116534));
#2748 = CARTESIAN_POINT('',(-5.301460754473E-02,0.310663266496,
    0.180582792056));
#2749 = CARTESIAN_POINT('',(-5.310825027306E-02,0.311200947522,
    0.18061959653));
#2750 = CARTESIAN_POINT('',(-5.320700674315E-02,0.311737578022,
    0.180656906939));
#2751 = CARTESIAN_POINT('',(-5.347520527828E-02,0.313120982445,
    0.180752959946));
#2752 = CARTESIAN_POINT('',(-5.365226664366E-02,0.313966121394,
    0.180811608378));
#2753 = CARTESIAN_POINT('',(-5.384192577864E-02,0.314808788035,
    0.180867543856));
#2754 = CARTESIAN_POINT('',(-5.404405775771E-02,0.315649044038,
    0.180918404642));
#2755 = CARTESIAN_POINT('',(-5.42585141936E-02,0.31648683304,
    0.180961972923));
#2756 = CARTESIAN_POINT('',(-5.448512323732E-02,0.317321980653,
    0.180996174814));
#2757 = CARTESIAN_POINT('',(-5.472368957814E-02,0.318154194456,
    0.181019080355));
#2758 = CARTESIAN_POINT('',(-5.506607827811E-02,0.319287998579,
    0.181032527263));
#2759 = CARTESIAN_POINT('',(-5.515974736881E-02,0.319592473535,
    0.181034390487));
#2760 = CARTESIAN_POINT('',(-5.525498904083E-02,0.319896464672,
    0.181034408734));
#2761 = CARTESIAN_POINT('',(-5.535178959497E-02,0.320199945144,
    0.181032502848));
#2762 = CARTESIAN_POINT('',(-5.545013430774E-02,0.320502885451,
    0.18102859897));
#2763 = CARTESIAN_POINT('',(-5.555000743138E-02,0.320805253445,
    0.18102262854));
#2764 = CARTESIAN_POINT('',(-5.565139219379E-02,0.321107014325,
    0.181014528289));
#2765 = CARTESIAN_POINT('',(-5.58647987245E-02,0.321731630608,
    0.180993215921));
#2766 = CARTESIAN_POINT('',(-5.597705246926E-02,0.322054393331,
    0.180979655059));
#2767 = CARTESIAN_POINT('',(-5.609098645162E-02,0.322376346448,
    0.180963277637));
#2768 = CARTESIAN_POINT('',(-5.620660494142E-02,0.322697458702,
    0.180944348208));
#2769 = CARTESIAN_POINT('',(-5.632394271248E-02,0.32301772782,
    0.180923441055));
#2770 = CARTESIAN_POINT('',(-5.644304569547E-02,0.323337168395,
    0.180901205346));
#2771 = CARTESIAN_POINT('',(-5.656395163077E-02,0.323655799761,
    0.180878130279));
#2772 = CARTESIAN_POINT('',(-5.668667072134E-02,0.32397363388,
    0.180854310237));
#2773 = CARTESIAN_POINT('',(-5.681778598194E-02,0.324313203681,
    0.180828917034));
#2774 = CARTESIAN_POINT('',(-5.695098269438E-02,0.324651860447,
    0.180802885281));
#2775 = CARTESIAN_POINT('',(-5.708630758336E-02,0.324989640971,
    0.180776719375));
#2776 = CARTESIAN_POINT('',(-5.722380371019E-02,0.325326573179,
    0.180750916243));
#2777 = CARTESIAN_POINT('',(-5.736351047282E-02,0.325662676131,
    0.18072596535));
#2778 = CARTESIAN_POINT('',(-5.750546360578E-02,0.325997960027,
    0.180702348694));
#2779 = CARTESIAN_POINT('',(-5.764969518024E-02,0.326332426196,
    0.180680540808));
#2780 = CARTESIAN_POINT('',(-5.806182470196E-02,0.327270717472,
    0.180625671343));
#2781 = CARTESIAN_POINT('',(-5.833486390331E-02,0.327872497843,
    0.180597706376));
#2782 = CARTESIAN_POINT('',(-5.861565369041E-02,0.328471496688,
    0.180580086646));
#2783 = CARTESIAN_POINT('',(-5.890425635954E-02,0.329067398786,
    0.180575713761));
#2784 = CARTESIAN_POINT('',(-5.920049402087E-02,0.329659485236,
    0.180587418143));
#2785 = CARTESIAN_POINT('',(-5.950394859847E-02,0.330246633449,
    0.180617959034));
#2786 = CARTESIAN_POINT('',(-5.981396183028E-02,0.330827317151,
    0.180670024492));
#2787 = CARTESIAN_POINT('',(-6.036867228733E-02,0.331832987331,
    0.180803920413));
#2788 = CARTESIAN_POINT('',(-6.061095116579E-02,0.332261625629,
    0.180875231173));
#2789 = CARTESIAN_POINT('',(-6.0855934805E-02,0.332684464362,
    0.180961272622));
#2790 = CARTESIAN_POINT('',(-6.110302326036E-02,0.33310043826,
    0.181062843594));
#2791 = CARTESIAN_POINT('',(-6.13515537412E-02,0.33350847369,
    0.181180432804));
#2792 = CARTESIAN_POINT('',(-6.160080061079E-02,0.333907488659,
    0.181314218849));
#2793 = CARTESIAN_POINT('',(-6.184997538632E-02,0.334296392813,
    0.181464070209));
#2794 = CARTESIAN_POINT('',(-6.20982267389E-02,0.334674087436,
    0.181629545248));
#2795 = CARTESIAN_POINT('',(-6.233167928709E-02,0.33502928471,
    0.181785020762));
#2796 = CARTESIAN_POINT('',(-6.256437039402E-02,0.335374618835,
    0.181954753718));
#2797 = CARTESIAN_POINT('',(-6.279597027731E-02,0.335709916861,
    0.182137054084));
#2798 = CARTESIAN_POINT('',(-6.302540902047E-02,0.336033656485,
    0.182332405461));
#2799 = CARTESIAN_POINT('',(-6.325212596114E-02,0.336345256683,
    0.18254037168));
#2800 = CARTESIAN_POINT('',(-6.347643492392E-02,0.336645727456,
    0.18275867321));
#2801 = CARTESIAN_POINT('',(-6.369900529812E-02,0.336936678691,
    0.182984433363));
#2802 = CARTESIAN_POINT('',(-6.391945896006E-02,0.337217688126,
    0.18321759431));
#2803 = CARTESIAN_POINT('',(-6.412964918499E-02,0.337485632705,
    0.183439801023));
#2804 = CARTESIAN_POINT('',(-6.433814136058E-02,0.337744938764,
    0.183668380587));
#2805 = CARTESIAN_POINT('',(-6.454516250752E-02,0.33799621576,
    0.183902322189));
#2806 = CARTESIAN_POINT('',(-6.475093635629E-02,0.338240032953,
    0.184140739646));
#2807 = CARTESIAN_POINT('',(-6.495568334716E-02,0.338476919404,
    0.184382871408));
#2808 = CARTESIAN_POINT('',(-6.515962063016E-02,0.338707363975,
    0.184628080551));
#2809 = CARTESIAN_POINT('',(-6.536296206513E-02,0.338931815333,
    0.184875854785));
#2810 = CARTESIAN_POINT('',(-6.587995655543E-02,0.339489326468,
    0.185512596547));
#2811 = CARTESIAN_POINT('',(-6.619305686996E-02,0.339814641331,
    0.185904368136));
#2812 = CARTESIAN_POINT('',(-6.650594032136E-02,0.3401280452,
    0.18629966811));
#2813 = CARTESIAN_POINT('',(-6.681925884985E-02,0.340430790739,
    0.186697251664));
#2814 = CARTESIAN_POINT('',(-6.713359517982E-02,0.340723964602,
    0.187096082285));
#2815 = CARTESIAN_POINT('',(-6.744946281979E-02,0.341008487438,
    0.187495331762));
#2816 = CARTESIAN_POINT('',(-6.77673060624E-02,0.34128511389,
    0.187894380177));
#2817 = CARTESIAN_POINT('',(-6.832414077738E-02,0.341753484076,
    0.188587252371));
#2818 = CARTESIAN_POINT('',(-6.856207363336E-02,0.341948576499,
    0.188881294258));
#2819 = CARTESIAN_POINT('',(-6.880145361895E-02,0.342139966623,
    0.189174733033));
#2820 = CARTESIAN_POINT('',(-6.904242286882E-02,0.342327887652,
    0.189467380263));
#2821 = CARTESIAN_POINT('',(-6.928511058586E-02,0.342512549236,
    0.189759067622));
#2822 = CARTESIAN_POINT('',(-6.95296330411E-02,0.342694137469,
    0.190049646889));
#2823 = CARTESIAN_POINT('',(-6.977609357377E-02,0.342872814887,
    0.190338989953));
#2824 = CARTESIAN_POINT('',(-7.119190304378E-02,0.34387505437,
    0.191979935962));
#2825 = CARTESIAN_POINT('',(-7.240427869186E-02,0.344640612153,
    0.193303182011));
#2826 = CARTESIAN_POINT('',(-7.367098479678E-02,0.345359853007,
    0.19458490811));
#2827 = CARTESIAN_POINT('',(-7.49965765425E-02,0.346040046668,
    0.195818707063));
#2828 = CARTESIAN_POINT('',(-7.638232532764E-02,0.346684157197,
    0.197001324897));
#2829 = CARTESIAN_POINT('',(-7.782704992483E-02,0.347292657244,
    0.198131263065));
#2830 = CARTESIAN_POINT('',(-7.932734250736E-02,0.347864272815,
    0.199208241278));
#2831 = CARTESIAN_POINT('',(-8.185735807527E-02,0.348731750187,
    0.200881911252));
#2832 = CARTESIAN_POINT('',(-8.285758236723E-02,0.349051844853,
    0.201509739953));
#2833 = CARTESIAN_POINT('',(-8.387651963021E-02,0.349355209955,
    0.202117384222));
#2834 = CARTESIAN_POINT('',(-8.491269184914E-02,0.349640984987,
    0.202705405495));
#2835 = CARTESIAN_POINT('',(-8.596448578265E-02,0.349908181524,
    0.203274549493));
#2836 = CARTESIAN_POINT('',(-8.703015296315E-02,0.350155683223,
    0.20382574622));
#2837 = CARTESIAN_POINT('',(-8.810780969672E-02,0.350382245823,
    0.204360109962));
#2838 = CARTESIAN_POINT('',(-9.022480533427E-02,0.350779826361,
    0.20536995163));
#2839 = CARTESIAN_POINT('',(-9.126317803778E-02,0.350953237942,
    0.205846980767));
#2840 = CARTESIAN_POINT('',(-9.230909235279E-02,0.351105918259,
    0.206310862937));
#2841 = CARTESIAN_POINT('',(-9.336120005816E-02,0.351237251477,
    0.206762314925));
#2842 = CARTESIAN_POINT('',(-9.441826753258E-02,0.351346819554,
    0.207201934067));
#2843 = CARTESIAN_POINT('',(-9.547917575456E-02,0.351434402247,
    0.207630198249));
#2844 = CARTESIAN_POINT('',(-9.654292030246E-02,0.351499977103,
    0.208047465908));
#2845 = CARTESIAN_POINT('',(-9.943200016151E-02,0.351618638137,
    0.209149531975));
#2846 = CARTESIAN_POINT('',(-0.101261074426,0.351629283782,0.209813662)
  );
#2847 = CARTESIAN_POINT('',(-0.103091255591,0.351576675187,0.2104476429)
  );
#2848 = CARTESIAN_POINT('',(-0.104918811194,0.351462745957,0.21105203532
    ));
#2849 = CARTESIAN_POINT('',(-0.106740854869,0.351290344523,
    0.211626683752));
#2850 = CARTESIAN_POINT('',(-0.108555346342,0.351063234139,
    0.212170716537));
#2851 = CARTESIAN_POINT('',(-0.110361091435,0.35078609288,0.212682545867
    ));
#2852 = CARTESIAN_POINT('',(-0.113647433751,0.35019782338,0.213555616298
    ));
#2853 = CARTESIAN_POINT('',(-0.115130994058,0.349900274452,
    0.213927780028));
#2854 = CARTESIAN_POINT('',(-0.116608423388,0.349575642061,
    0.214274316913));
#2855 = CARTESIAN_POINT('',(-0.118079368087,0.349226345907,
    0.214594273046));
#2856 = CARTESIAN_POINT('',(-0.119543563056,0.348854277978,
    0.214886972598));
#2857 = CARTESIAN_POINT('',(-0.12100093222,0.348461126886,0.215151709945
    ));
#2858 = CARTESIAN_POINT('',(-0.122451346832,0.348048198756,
    0.215387944003));
#2859 = CARTESIAN_POINT('',(-0.125330607983,0.347185119039,
    0.215803163897));
#2860 = CARTESIAN_POINT('',(-0.126760138237,0.346735117871,
    0.215982301713));
#2861 = CARTESIAN_POINT('',(-0.12818171639,0.346266200467,0.216133589948
    ));
#2862 = CARTESIAN_POINT('',(-0.129594923514,0.345778202033,
    0.216257523763));
#2863 = CARTESIAN_POINT('',(-0.130999415588,0.345270174301,
    0.216355132351));
#2864 = CARTESIAN_POINT('',(-0.132394501328,0.344740236161,
    0.216428199575));
#2865 = CARTESIAN_POINT('',(-0.133778720005,0.344185424287,
    0.216479484587));
#2866 = CARTESIAN_POINT('',(-0.135670634947,0.343379518114,
    0.216525669365));
#2867 = CARTESIAN_POINT('',(-0.13618991353,0.343153255229,0.216535844732
    ));
#2868 = CARTESIAN_POINT('',(-0.136707143325,0.342922518957,
    0.216543680944));
#2869 = CARTESIAN_POINT('',(-0.137222172127,0.34268702794,0.216549436548
    ));
#2870 = CARTESIAN_POINT('',(-0.137734807231,0.342446455619,
    0.216553416254));
#2871 = CARTESIAN_POINT('',(-0.138244815432,0.342200430223,
    0.216555970936));
#2872 = CARTESIAN_POINT('',(-0.138751923021,0.341948534778,
    0.216557497629));
#2873 = CARTESIAN_POINT('',(-0.13974503152,0.341439603626,0.216559350122
    ));
#2874 = CARTESIAN_POINT('',(-0.140231155147,0.341182921559,
    0.216559745439));
#2875 = CARTESIAN_POINT('',(-0.140713934209,0.34091982957,0.216560018207
    ));
#2876 = CARTESIAN_POINT('',(-0.14119300361,0.34064983959,0.216560648821)
  );
#2877 = CARTESIAN_POINT('',(-0.141667885629,0.340372406816,
    0.216562205341));
#2878 = CARTESIAN_POINT('',(-0.142137989913,0.340086929707,
    0.216565343497));
#2879 = CARTESIAN_POINT('',(-0.142602613485,0.339792749988,
    0.216570806689));
#2880 = CARTESIAN_POINT('',(-0.143534172254,0.339175639333,
    0.216588344191));
#2881 = CARTESIAN_POINT('',(-0.144000534989,0.338852229581,
    0.216600633541));
#2882 = CARTESIAN_POINT('',(-0.144459186575,0.338517966727,
    0.216617265737));
#2883 = CARTESIAN_POINT('',(-0.144908925077,0.338171985204,
    0.216639349328));
#2884 = CARTESIAN_POINT('',(-0.145348188999,0.337813510539,
    0.216668129718));
#2885 = CARTESIAN_POINT('',(-0.145775057277,0.337441859352,
    0.216704989158));
#2886 = CARTESIAN_POINT('',(-0.14618724928,0.337056439357,0.216751446749
    ));
#2887 = CARTESIAN_POINT('',(-0.146933515416,0.33630105209,0.216860539615
    ));
#2888 = CARTESIAN_POINT('',(-0.14727171315,0.335934215131,0.216920494459
    ));
#2889 = CARTESIAN_POINT('',(-0.147592936906,0.335555519877,
    0.216991395529));
#2890 = CARTESIAN_POINT('',(-0.147896734233,0.335166304663,
    0.217072743968));
#2891 = CARTESIAN_POINT('',(-0.148183371696,0.334768248472,
    0.217163510997));
#2892 = CARTESIAN_POINT('',(-0.148452670272,0.334362587019,
    0.217263189862));
#2893 = CARTESIAN_POINT('',(-0.148704285784,0.333950261186,
    0.217371558243));
#2894 = CARTESIAN_POINT('',(-0.149194349451,0.333080627988,
    0.217612485785));
#2895 = CARTESIAN_POINT('',(-0.149429526783,0.33262214226,0.217746672667
    ));
#2896 = CARTESIAN_POINT('',(-0.149645987495,0.332159001956,
    0.217888567501));
#2897 = CARTESIAN_POINT('',(-0.149844863655,0.331692454804,
    0.218037080689));
#2898 = CARTESIAN_POINT('',(-0.15002739827,0.331223534954,0.21819117729)
  );
#2899 = CARTESIAN_POINT('',(-0.15019494529,0.330753062981,0.218349877023
    ));
#2900 = CARTESIAN_POINT('',(-0.150348969603,0.330281645878,
    0.218512254265));
#2901 = CARTESIAN_POINT('',(-0.150491047037,0.329809677061,
    0.218677438053));
#2902 = CARTESIAN_POINT('',(-0.150596228072,0.329460150115,
    0.218799783845));
#2903 = CARTESIAN_POINT('',(-0.150694777054,0.329110354492,0.21892368265
    ));
#2904 = CARTESIAN_POINT('',(-0.150787266463,0.328760460287,
    0.219048803717));
#2905 = CARTESIAN_POINT('',(-0.150874249589,0.328410610509,
    0.219174833345));
#2906 = CARTESIAN_POINT('',(-0.15095626053,0.328060921074,0.219301474884
    ));
#2907 = CARTESIAN_POINT('',(-0.151033814194,0.327711480812,
    0.219428448739));
#2908 = CARTESIAN_POINT('',(-0.1511074063,0.327362351461,0.219555492367)
  );
#2909 = CARTESIAN_POINT('',(-0.151259988072,0.326603236629,
    0.219831617673));
#2910 = CARTESIAN_POINT('',(-0.151337643584,0.32619340889,0.219980613199
    ));
#2911 = CARTESIAN_POINT('',(-0.151411242775,0.325784147003,
    0.220128950755));
#2912 = CARTESIAN_POINT('',(-0.151481518275,0.32537550161,0.220276237478
    ));
#2913 = CARTESIAN_POINT('',(-0.151549172472,0.324967511449,
    0.220422083742));
#2914 = CARTESIAN_POINT('',(-0.15161487752,0.324560203361,0.220566103156
    ));
#2915 = CARTESIAN_POINT('',(-0.151679275332,0.32415359228,0.220707912561
    ));
#2916 = CARTESIAN_POINT('',(-0.151742977586,0.323747681243,
    0.220847132038));
#2917 = CARTESIAN_POINT('',(-0.151815323376,0.323286044236,
    0.221005529453));
#2918 = CARTESIAN_POINT('',(-0.15188740605,0.322825261898,0.221160189073
    ));
#2919 = CARTESIAN_POINT('',(-0.151958065603,0.322365366939,
    0.221311851351));
#2920 = CARTESIAN_POINT('',(-0.152030967411,0.321906600595,
    0.221458063977));
#2921 = CARTESIAN_POINT('',(-0.152106375325,0.321448837914,
    0.221598609335));
#2922 = CARTESIAN_POINT('',(-0.152182593478,0.32099195865,0.221734527583
    ));
#2923 = CARTESIAN_POINT('',(-0.152259604363,0.320536196875,
    0.221865718858));
#2924 = CARTESIAN_POINT('',(-0.152588798251,0.318612062866,
    0.222400616392));
#2925 = CARTESIAN_POINT('',(-0.152847014713,0.317154503416,
    0.222759968033));
#2926 = CARTESIAN_POINT('',(-0.153102816123,0.315706777873,
    0.223074834462));
#2927 = CARTESIAN_POINT('',(-0.153347468247,0.314266937697,
    0.223350303536));
#2928 = CARTESIAN_POINT('',(-0.153572810896,0.31283323943,0.22359172136)
  );
#2929 = CARTESIAN_POINT('',(-0.153771302259,0.311404252101,
    0.223804534177));
#2930 = CARTESIAN_POINT('',(-0.153936063221,0.309978964633,
    0.223994130241));
#2931 = CARTESIAN_POINT('',(-0.154060921698,0.308556893248,
    0.224165681707));
#2932 = CARTESIAN_POINT('',(-0.154131888306,0.307749739172,
    0.224262965537));
#2933 = CARTESIAN_POINT('',(-0.154189396209,0.30694373299,0.224354881206
    ));
#2934 = CARTESIAN_POINT('',(-0.15423369476,0.306139000878,0.224441233819
    ));
#2935 = CARTESIAN_POINT('',(-0.154265516909,0.305335639759,
    0.224521413654));
#2936 = CARTESIAN_POINT('',(-0.154285570612,0.304533696855,
    0.224594814073));
#2937 = CARTESIAN_POINT('',(-0.154294338245,0.303733165014,
    0.224660998908));
#2938 = CARTESIAN_POINT('',(-0.154292184052,0.302933993829,
    0.224719619327));
#2939 = CARTESIAN_POINT('',(-0.15426383425,0.301114423001,0.224834715274
    ));
#2940 = CARTESIAN_POINT('',(-0.154231002111,0.300094820345,
    0.224886063548));
#2941 = CARTESIAN_POINT('',(-0.154182217189,0.299077156165,
    0.224923190177));
#2942 = CARTESIAN_POINT('',(-0.154118415078,0.298061202011,
    0.224945201932));
#2943 = CARTESIAN_POINT('',(-0.154040522953,0.297046653383,
    0.224951247166));
#2944 = CARTESIAN_POINT('',(-0.153949459577,0.296033129735,
    0.224940515816));
#2945 = CARTESIAN_POINT('',(-0.153846135291,0.295020174468,
    0.224912239397));
#2946 = CARTESIAN_POINT('',(-0.15353347356,0.292257218343,0.224785328197
    ));
#2947 = CARTESIAN_POINT('',(-0.153301193723,0.290507757981,
    0.224650431802));
#2948 = CARTESIAN_POINT('',(-0.153028475026,0.288756663397,
    0.224467427924));
#2949 = CARTESIAN_POINT('',(-0.152708841378,0.287002911427,
    0.224242574067));
#2950 = CARTESIAN_POINT('',(-0.152335478089,0.285246666197,
    0.223981959139));
#2951 = CARTESIAN_POINT('',(-0.151901231862,0.283489279121,
    0.223691503454));
#2952 = CARTESIAN_POINT('',(-0.151398610801,0.281733288904,0.22337695873
    ));
#2953 = CARTESIAN_POINT('',(-0.150245710228,0.278246182864,
    0.222713573788));
#2954 = CARTESIAN_POINT('',(-0.149596964104,0.276515581604,
    0.222364736631));
#2955 = CARTESIAN_POINT('',(-0.1488734135,0.274792850289,0.221996867745)
  );
#2956 = CARTESIAN_POINT('',(-0.148074898103,0.273080595706,
    0.221609425895));
#2957 = CARTESIAN_POINT('',(-0.147201229824,0.271381798894,
    0.221201857492));
#2958 = CARTESIAN_POINT('',(-0.146252192798,0.269699815146,
    0.220773596587));
#2959 = CARTESIAN_POINT('',(-0.145227543381,0.268038374008,
    0.220324064875));
#2960 = CARTESIAN_POINT('',(-0.142941085799,0.264637711225,0.21934464398
    ));
#2961 = CARTESIAN_POINT('',(-0.141666542996,0.262902769434,
    0.218811493361));
#2962 = CARTESIAN_POINT('',(-0.140306736889,0.261200947352,
    0.218250130805));
#2963 = CARTESIAN_POINT('',(-0.138865365846,0.259536309582,
    0.217657081062));
#2964 = CARTESIAN_POINT('',(-0.137346435512,0.257913231055,
    0.217028759401));
#2965 = CARTESIAN_POINT('',(-0.135754222874,0.256336836188,
    0.216361748349));
#2966 = CARTESIAN_POINT('',(-0.134093240311,0.254813438046,
    0.215653074424));
#2967 = CARTESIAN_POINT('',(-0.130289546606,0.251588836264,
    0.213993741406));
#2968 = CARTESIAN_POINT('',(-0.12811797573,0.249914842729,0.213023061919
    ));
#2969 = CARTESIAN_POINT('',(-0.125863307412,0.248341176483,
    0.211983262575));
#2970 = CARTESIAN_POINT('',(-0.123515557299,0.246892251959,
    0.210882812816));
#2971 = CARTESIAN_POINT('',(-0.12109152901,0.245581729924,0.209714758844
    ));
#2972 = CARTESIAN_POINT('',(-0.118586284998,0.244433597013,
    0.208488278253));
#2973 = CARTESIAN_POINT('',(-0.11601089604,0.243462992603,0.207204739416
    ));
#2974 = CARTESIAN_POINT('',(-0.109083848601,0.241430406967,
    0.203713739488));
#2975 = CARTESIAN_POINT('',(-0.104627940578,0.240686850931,
    0.201428500111));
#2976 = CARTESIAN_POINT('',(-0.100018279902,0.240524756762,
    0.199048291942));
#2977 = CARTESIAN_POINT('',(-9.528860646993E-02,0.241010952809,
    0.196623502151));
#2978 = CARTESIAN_POINT('',(-9.048194129097E-02,0.242193327585,
    0.194239151848));
#2979 = CARTESIAN_POINT('',(-8.566856647316E-02,0.24409879037,
    0.191987922941));
#2980 = CARTESIAN_POINT('',(-8.095918861003E-02,0.24672629376,
    0.18993618413));
#2981 = CARTESIAN_POINT('',(-7.616017691396E-02,0.250251831713,
    0.187986843407));
#2982 = CARTESIAN_POINT('',(-7.583774197663E-02,0.250493056337,
    0.187856601661));
#2983 = CARTESIAN_POINT('',(-7.551654073885E-02,0.250737740656,
    0.187727581906));
#2984 = CARTESIAN_POINT('',(-7.51966173776E-02,0.250985865798,
    0.187599794792));
#2985 = CARTESIAN_POINT('',(-7.487801604519E-02,0.251237412056,
    0.187473250061));
#2986 = CARTESIAN_POINT('',(-7.456078086925E-02,0.251492358889,
    0.18734795654));
#2987 = CARTESIAN_POINT('',(-7.424495595272E-02,0.251750684922,
    0.187223922145));
#2988 = CARTESIAN_POINT('',(-7.329915895292E-02,0.252537969728,
    0.186854568935));
#2989 = CARTESIAN_POINT('',(-7.2673598402E-02,0.253077113575,
    0.186613088753));
#2990 = CARTESIAN_POINT('',(-7.205424179963E-02,0.253629651453,
    0.186376829222));
#2991 = CARTESIAN_POINT('',(-7.144142661894E-02,0.254195421587,
    0.186145892604));
#2992 = CARTESIAN_POINT('',(-7.08354897277E-02,0.254774248458,
    0.185920367527));
#2993 = CARTESIAN_POINT('',(-7.023676738832E-02,0.255365942803,
    0.185700328992));
#2994 = CARTESIAN_POINT('',(-6.964559525782E-02,0.255970301619,
    0.185485838368));
#2995 = CARTESIAN_POINT('',(-6.733179273887E-02,0.258417072815,
    0.1846571707));
#2996 = CARTESIAN_POINT('',(-6.567051361396E-02,0.260356737107,
    0.184086648855));
#2997 = CARTESIAN_POINT('',(-6.408734717477E-02,0.262400467886,
    0.183566596593));
#2998 = CARTESIAN_POINT('',(-6.2590927125E-02,0.264540942261,
    0.183096935519));
#2999 = CARTESIAN_POINT('',(-6.118872102122E-02,0.266771490693,
    0.182677289072));
#3000 = CARTESIAN_POINT('',(-5.988770565507E-02,0.269084251687,
    0.182305641802));
#3001 = CARTESIAN_POINT('',(-5.869469980387E-02,0.271469107017,
    0.18197841411));
#3002 = CARTESIAN_POINT('',(-5.70948275719E-02,0.27509637172,
    0.181559616492));
#3003 = CARTESIAN_POINT('',(-5.660132793189E-02,0.276289323592,
    0.181434072953));
#3004 = CARTESIAN_POINT('',(-5.61344892908E-02,0.277496125858,
    0.181318133558));
#3005 = CARTESIAN_POINT('',(-5.569484884702E-02,0.278715850408,
    0.181212119767));
#3006 = CARTESIAN_POINT('',(-5.52828918834E-02,0.27994759852,
    0.181116446051));
#3007 = CARTESIAN_POINT('',(-5.489904171364E-02,0.281190395743,
    0.181030891555));
#3008 = CARTESIAN_POINT('',(-5.454365312529E-02,0.282443120318,
    0.180954315262));
#3009 = CARTESIAN_POINT('',(-5.388690004856E-02,0.284979204403,
    0.180814690965));
#3010 = CARTESIAN_POINT('',(-5.358614840549E-02,0.286262882532,
    0.180752221035));
#3011 = CARTESIAN_POINT('',(-5.331502274322E-02,0.2875544269,
    0.180696317388));
#3012 = CARTESIAN_POINT('',(-5.307374269773E-02,0.288852799125,
    0.180645893797));
#3013 = CARTESIAN_POINT('',(-5.28624791877E-02,0.290156995063,
    0.180599865314));
#3014 = CARTESIAN_POINT('',(-5.268135441452E-02,0.291466044805,
    0.180557148268));
#3015 = CARTESIAN_POINT('',(-5.25304418623E-02,0.292779012679,
    0.180516660266));
#3016 = CARTESIAN_POINT('',(-5.234229961278E-02,0.294830755671,
    0.180455324451));
#3017 = CARTESIAN_POINT('',(-5.228428855617E-02,0.295567451571,
    0.180433715821));
#3018 = CARTESIAN_POINT('',(-5.223577045915E-02,0.296304964544,
    0.180412896822));
#3019 = CARTESIAN_POINT('',(-5.219678047746E-02,0.297043166018,
    0.180393275971));
#3020 = CARTESIAN_POINT('',(-5.216735159143E-02,0.297781919266,
    0.180375267786));
#3021 = CARTESIAN_POINT('',(-5.214751460598E-02,0.298521079402,
    0.18035929278));
#3022 = CARTESIAN_POINT('',(-5.213729815064E-02,0.299260493381,
    0.180345777466));
#3023 = CARTESIAN_POINT('',(-5.213672867955E-02,0.3,0.180335154354));
#3024 = PCURVE('',#41,#3025);
#3025 = DEFINITIONAL_REPRESENTATION('',(#3026),#3315);
#3026 = B_SPLINE_CURVE_WITH_KNOTS('',8,(#3027,#3028,#3029,#3030,#3031,
    #3032,#3033,#3034,#3035,#3036,#3037,#3038,#3039,#3040,#3041,#3042,
    #3043,#3044,#3045,#3046,#3047,#3048,#3049,#3050,#3051,#3052,#3053,
    #3054,#3055,#3056,#3057,#3058,#3059,#3060,#3061,#3062,#3063,#3064,
    #3065,#3066,#3067,#3068,#3069,#3070,#3071,#3072,#3073,#3074,#3075,
    #3076,#3077,#3078,#3079,#3080,#3081,#3082,#3083,#3084,#3085,#3086,
    #3087,#3088,#3089,#3090,#3091,#3092,#3093,#3094,#3095,#3096,#3097,
    #3098,#3099,#3100,#3101,#3102,#3103,#3104,#3105,#3106,#3107,#3108,
    #3109,#3110,#3111,#3112,#3113,#3114,#3115,#3116,#3117,#3118,#3119,
    #3120,#3121,#3122,#3123,#3124,#3125,#3126,#3127,#3128,#3129,#3130,
    #3131,#3132,#3133,#3134,#3135,#3136,#3137,#3138,#3139,#3140,#3141,
    #3142,#3143,#3144,#3145,#3146,#3147,#3148,#3149,#3150,#3151,#3152,
    #3153,#3154,#3155,#3156,#3157,#3158,#3159,#3160,#3161,#3162,#3163,
    #3164,#3165,#3166,#3167,#3168,#3169,#3170,#3171,#3172,#3173,#3174,
    #3175,#3176,#3177,#3178,#3179,#3180,#3181,#3182,#3183,#3184,#3185,
    #3186,#3187,#3188,#3189,#3190,#3191,#3192,#3193,#3194,#3195,#3196,
    #3197,#3198,#3199,#3200,#3201,#3202,#3203,#3204,#3205,#3206,#3207,
    #3208,#3209,#3210,#3211,#3212,#3213,#3214,#3215,#3216,#3217,#3218,
    #3219,#3220,#3221,#3222,#3223,#3224,#3225,#3226,#3227,#3228,#3229,
    #3230,#3231,#3232,#3233,#3234,#3235,#3236,#3237,#3238,#3239,#3240,
    #3241,#3242,#3243,#3244,#3245,#3246,#3247,#3248,#3249,#3250,#3251,
    #3252,#3253,#3254,#3255,#3256,#3257,#3258,#3259,#3260,#3261,#3262,
    #3263,#3264,#3265,#3266,#3267,#3268,#3269,#3270,#3271,#3272,#3273,
    #3274,#3275,#3276,#3277,#3278,#3279,#3280,#3281,#3282,#3283,#3284,
    #3285,#3286,#3287,#3288,#3289,#3290,#3291,#3292,#3293,#3294,#3295,
    #3296,#3297,#3298,#3299,#3300,#3301,#3302,#3303,#3304,#3305,#3306,
    #3307,#3308,#3309,#3310,#3311,#3312,#3313,#3314),.UNSPECIFIED.,.F.,
  .F.,(9,7,7,7,7,8,7,7,8,8,7,7,7,7,7,7,7,7,7,7,7,7,7,8,7,8,7,8,7,7,7,7,7
    ,7,7,7,7,7,7,7,9),(0.,1.328337360383E-02,2.058095276711E-02,
    3.21318547461E-02,3.63813369214E-02,4.0946702217E-02,
    5.423007582083E-02,7.830346643359E-02,9.653332008653E-02,
    0.10981669369,0.123100067294,0.143654231861,0.158844332989,
    0.230202835242,0.275331798751,0.318043127359,0.391122247278,
    0.451715879963,0.512051997917,0.534995162187,0.557270003176,
    0.580270177409,0.600738249131,0.622928211448,0.636211585052,
    0.651838976503,0.665122350107,0.708050086753,0.721333460356,
    0.738343044528,0.767730415947,0.796872844158,0.828277500036,
    0.866118382598,0.92746800529,0.931904312166,0.940814822128,
    0.967250881938,0.979965818959,0.992815710761,1.),.UNSPECIFIED.);
#3027 = CARTESIAN_POINT('',(3.455007531199E-02,0.299101989803));
#3028 = CARTESIAN_POINT('',(3.452906292352E-02,0.298858289768));
#3029 = CARTESIAN_POINT('',(3.451815585551E-02,0.298614086312));
#3030 = CARTESIAN_POINT('',(3.451756521384E-02,0.298369394964));
#3031 = CARTESIAN_POINT('',(3.452748796554E-02,0.298124248504));
#3032 = CARTESIAN_POINT('',(3.45481069387E-02,0.297878696962));
#3033 = CARTESIAN_POINT('',(3.457959082251E-02,0.29763280762));
#3034 = CARTESIAN_POINT('',(3.462209416728E-02,0.297386665007));
#3035 = CARTESIAN_POINT('',(3.470523700037E-02,0.297005063251));
#3036 = CARTESIAN_POINT('',(3.473809086443E-02,0.296869709396));
#3037 = CARTESIAN_POINT('',(3.477427839367E-02,0.296734363614));
#3038 = CARTESIAN_POINT('',(3.481376073931E-02,0.296599076371));
#3039 = CARTESIAN_POINT('',(3.485650078671E-02,0.296463894321));
#3040 = CARTESIAN_POINT('',(3.490246315538E-02,0.296328860313));
#3041 = CARTESIAN_POINT('',(3.495161419895E-02,0.296194013385));
#3042 = CARTESIAN_POINT('',(3.508672012999E-02,0.295846300838));
#3043 = CARTESIAN_POINT('',(3.517741302162E-02,0.295633790317));
#3044 = CARTESIAN_POINT('',(3.527589240141E-02,0.295421988606));
#3045 = CARTESIAN_POINT('',(3.538204116926E-02,0.295211047846));
#3046 = CARTESIAN_POINT('',(3.549573340368E-02,0.295001140913));
#3047 = CARTESIAN_POINT('',(3.561683436181E-02,0.294792461419));
#3048 = CARTESIAN_POINT('',(3.574520047939E-02,0.294585223713));
#3049 = CARTESIAN_POINT('',(3.593052027849E-02,0.294304037994));
#3050 = CARTESIAN_POINT('',(3.59813220016E-02,0.294228641107));
#3051 = CARTESIAN_POINT('',(3.603307599855E-02,0.294153484548));
#3052 = CARTESIAN_POINT('',(3.608577324798E-02,0.294078580967));
#3053 = CARTESIAN_POINT('',(3.613940424872E-02,0.294003943329));
#3054 = CARTESIAN_POINT('',(3.619395901982E-02,0.293929584917));
#3055 = CARTESIAN_POINT('',(3.62494271005E-02,0.293855519331));
#3056 = CARTESIAN_POINT('',(3.636635966105E-02,0.293702516918));
#3057 = CARTESIAN_POINT('',(3.642796397713E-02,0.293623626432));
#3058 = CARTESIAN_POINT('',(3.649058164067E-02,0.293545126066));
#3059 = CARTESIAN_POINT('',(3.655421756544E-02,0.293467007755));
#3060 = CARTESIAN_POINT('',(3.661889700847E-02,0.293389236372));
#3061 = CARTESIAN_POINT('',(3.668465214177E-02,0.293311767767));
#3062 = CARTESIAN_POINT('',(3.675150862407E-02,0.293234566809));
#3063 = CARTESIAN_POINT('',(3.681947217256E-02,0.293157625422));
#3064 = CARTESIAN_POINT('',(3.689208628994E-02,0.293075418678));
#3065 = CARTESIAN_POINT('',(3.696597306632E-02,0.292993495413));
#3066 = CARTESIAN_POINT('',(3.704116301069E-02,0.292911815358));
#3067 = CARTESIAN_POINT('',(3.711768437335E-02,0.292830340866));
#3068 = CARTESIAN_POINT('',(3.719556314596E-02,0.292749036914));
#3069 = CARTESIAN_POINT('',(3.727482306151E-02,0.292667871102));
#3070 = CARTESIAN_POINT('',(3.73554855943E-02,0.292586813655));
#3071 = CARTESIAN_POINT('',(3.758634305861E-02,0.292359082254));
#3072 = CARTESIAN_POINT('',(3.773971268463E-02,0.292212639218));
#3073 = CARTESIAN_POINT('',(3.789787036358E-02,0.29206630219));
#3074 = CARTESIAN_POINT('',(3.806087047597E-02,0.291919968294));
#3075 = CARTESIAN_POINT('',(3.822863025728E-02,0.291773637902));
#3076 = CARTESIAN_POINT('',(3.8400929798E-02,0.291627414631));
#3077 = CARTESIAN_POINT('',(3.857741204359E-02,0.291481505345));
#3078 = CARTESIAN_POINT('',(3.889401318525E-02,0.291226200349));
#3079 = CARTESIAN_POINT('',(3.903255512573E-02,0.291116534777));
#3080 = CARTESIAN_POINT('',(3.917291022095E-02,0.291007413334));
#3081 = CARTESIAN_POINT('',(3.931474223411E-02,0.290899047164));
#3082 = CARTESIAN_POINT('',(3.945767708667E-02,0.290791668664));
#3083 = CARTESIAN_POINT('',(3.960130285827E-02,0.290685531478));
#3084 = CARTESIAN_POINT('',(3.974516978681E-02,0.2905809105));
#3085 = CARTESIAN_POINT('',(3.988879026836E-02,0.290478101875));
#3086 = CARTESIAN_POINT('',(4.002384811757E-02,0.290381426752));
#3087 = CARTESIAN_POINT('',(4.015872280561E-02,0.290286310589));
#3088 = CARTESIAN_POINT('',(4.029321566255E-02,0.290192912935));
#3089 = CARTESIAN_POINT('',(4.042671957684E-02,0.290101563869));
#3090 = CARTESIAN_POINT('',(4.055891291234E-02,0.29001242822));
#3091 = CARTESIAN_POINT('',(4.068996206534E-02,0.289925414438));
#3092 = CARTESIAN_POINT('',(4.082023266129E-02,0.289840328099));
#3093 = CARTESIAN_POINT('',(4.094950939132E-02,0.289757270068));
#3094 = CARTESIAN_POINT('',(4.10727666143E-02,0.289678081281));
#3095 = CARTESIAN_POINT('',(4.119524789172E-02,0.289600664752));
#3096 = CARTESIAN_POINT('',(4.131707850751E-02,0.2895249394));
#3097 = CARTESIAN_POINT('',(4.143838273652E-02,0.289450825612));
#3098 = CARTESIAN_POINT('',(4.155928384445E-02,0.289378245246));
#3099 = CARTESIAN_POINT('',(4.16799040879E-02,0.289307121625));
#3100 = CARTESIAN_POINT('',(4.180036471434E-02,0.289237379543));
#3101 = CARTESIAN_POINT('',(4.210711662326E-02,0.289063056276));
#3102 = CARTESIAN_POINT('',(4.229334234578E-02,0.288960303848));
#3103 = CARTESIAN_POINT('',(4.247987452182E-02,0.288860439165));
#3104 = CARTESIAN_POINT('',(4.266708601437E-02,0.288763240006));
#3105 = CARTESIAN_POINT('',(4.285531115721E-02,0.288668510733));
#3106 = CARTESIAN_POINT('',(4.304484575494E-02,0.2885760823));
#3107 = CARTESIAN_POINT('',(4.323594708298E-02,0.288485812246));
#3108 = CARTESIAN_POINT('',(4.357138749221E-02,0.288332379128));
#3109 = CARTESIAN_POINT('',(4.371492052524E-02,0.288268285207));
#3110 = CARTESIAN_POINT('',(4.385952306066E-02,0.288205254297));
#3111 = CARTESIAN_POINT('',(4.400527779936E-02,0.288143242119));
#3112 = CARTESIAN_POINT('',(4.415226006916E-02,0.288082208753));
#3113 = CARTESIAN_POINT('',(4.430053782478E-02,0.28802211864));
#3114 = CARTESIAN_POINT('',(4.445017164786E-02,0.28796294058));
#3115 = CARTESIAN_POINT('',(4.531076658452E-02,0.287630808723));
#3116 = CARTESIAN_POINT('',(4.605158876407E-02,0.287376414217));
#3117 = CARTESIAN_POINT('',(4.682913868168E-02,0.28713870694));
#3118 = CARTESIAN_POINT('',(4.764614562641E-02,0.286916291421));
#3119 = CARTESIAN_POINT('',(4.850344598885E-02,0.286708570601));
#3120 = CARTESIAN_POINT('',(4.94004622398E-02,0.286515387699));
#3121 = CARTESIAN_POINT('',(5.0335325679E-02,0.286336873328));
#3122 = CARTESIAN_POINT('',(5.191766608381E-02,0.28607017161));
#3123 = CARTESIAN_POINT('',(5.254461668636E-02,0.285972870141));
#3124 = CARTESIAN_POINT('',(5.318474596107E-02,0.285881689499));
#3125 = CARTESIAN_POINT('',(5.383723246304E-02,0.285796738531));
#3126 = CARTESIAN_POINT('',(5.450118210302E-02,0.28571813891));
#3127 = CARTESIAN_POINT('',(5.51756281474E-02,0.28564602513));
#3128 = CARTESIAN_POINT('',(5.585953121825E-02,0.28558054451));
#3129 = CARTESIAN_POINT('',(5.720694656282E-02,0.285466310844));
#3130 = CARTESIAN_POINT('',(5.786962886705E-02,0.285416838174));
#3131 = CARTESIAN_POINT('',(5.853902509378E-02,0.285373527282));
#3132 = CARTESIAN_POINT('',(5.921439546941E-02,0.285336435418));
#3133 = CARTESIAN_POINT('',(5.989506155888E-02,0.285305588981));
#3134 = CARTESIAN_POINT('',(6.058040626571E-02,0.285280983515));
#3135 = CARTESIAN_POINT('',(6.126987383199E-02,0.285262583712));
#3136 = CARTESIAN_POINT('',(6.314884949124E-02,0.285229320678));
#3137 = CARTESIAN_POINT('',(6.434534683905E-02,0.285226375187));
#3138 = CARTESIAN_POINT('',(6.554990078749E-02,0.285241087222));
#3139 = CARTESIAN_POINT('',(6.676038992493E-02,0.285272934911));
#3140 = CARTESIAN_POINT('',(6.797513252236E-02,0.285321274222));
#3141 = CARTESIAN_POINT('',(6.919288653344E-02,0.285385338965));
#3142 = CARTESIAN_POINT('',(7.041284959448E-02,0.285464240794));
#3143 = CARTESIAN_POINT('',(7.264772180673E-02,0.285633874378));
#3144 = CARTESIAN_POINT('',(7.366215246807E-02,0.285720357343));
#3145 = CARTESIAN_POINT('',(7.467781858084E-02,0.285815802143));
#3146 = CARTESIAN_POINT('',(7.56944392928E-02,0.285919784505));
#3147 = CARTESIAN_POINT('',(7.671181804443E-02,0.286031983274));
#3148 = CARTESIAN_POINT('',(7.772988803801E-02,0.286152144441));
#3149 = CARTESIAN_POINT('',(7.874857045815E-02,0.286280097754));
#3150 = CARTESIAN_POINT('',(8.078199017244E-02,0.286550975179));
#3151 = CARTESIAN_POINT('',(8.179715028862E-02,0.286693868257));
#3152 = CARTESIAN_POINT('',(8.28123766917E-02,0.286844446597));
#3153 = CARTESIAN_POINT('',(8.382751616349E-02,0.287002799001));
#3154 = CARTESIAN_POINT('',(8.484254236153E-02,0.287169170383));
#3155 = CARTESIAN_POINT('',(8.585728681217E-02,0.287343970507));
#3156 = CARTESIAN_POINT('',(8.687116990365E-02,0.28752778274));
#3157 = CARTESIAN_POINT('',(8.826765960433E-02,0.287794986492));
#3158 = CARTESIAN_POINT('',(8.86520957492E-02,0.287870020976));
#3159 = CARTESIAN_POINT('',(8.903619515466E-02,0.287946521296));
#3160 = CARTESIAN_POINT('',(8.941988935036E-02,0.288024538939));
#3161 = CARTESIAN_POINT('',(8.980308655479E-02,0.288104131833));
#3162 = CARTESIAN_POINT('',(9.018567167527E-02,0.288185364341));
#3163 = CARTESIAN_POINT('',(9.056750630796E-02,0.288268307266));
#3164 = CARTESIAN_POINT('',(9.131825599505E-02,0.288435300211));
#3165 = CARTESIAN_POINT('',(9.168717993707E-02,0.288519244525));
#3166 = CARTESIAN_POINT('',(9.205507919438E-02,0.288604946374));
#3167 = CARTESIAN_POINT('',(9.242175841153E-02,0.288692484238));
#3168 = CARTESIAN_POINT('',(9.278694824723E-02,0.2887819395));
#3169 = CARTESIAN_POINT('',(9.315030537427E-02,0.288873396441));
#3170 = CARTESIAN_POINT('',(9.351141247955E-02,0.288966942243));
#3171 = CARTESIAN_POINT('',(9.423980450006E-02,0.289161515018));
#3172 = CARTESIAN_POINT('',(9.460677428467E-02,0.289262639538));
#3173 = CARTESIAN_POINT('',(9.497021121612E-02,0.28936618343));
#3174 = CARTESIAN_POINT('',(9.532936463709E-02,0.289472237277));
#3175 = CARTESIAN_POINT('',(9.568320963478E-02,0.289580839362));
#3176 = CARTESIAN_POINT('',(9.603044704092E-02,0.289691975671));
#3177 = CARTESIAN_POINT('',(9.636950343172E-02,0.289805579889));
#3178 = CARTESIAN_POINT('',(9.699132610752E-02,0.290024720835));
#3179 = CARTESIAN_POINT('',(9.727652382544E-02,0.290129773588));
#3180 = CARTESIAN_POINT('',(9.75515033591E-02,0.290236526139));
#3181 = CARTESIAN_POINT('',(9.781573023664E-02,0.290344637097));
#3182 = CARTESIAN_POINT('',(9.806913087778E-02,0.290453744948));
#3183 = CARTESIAN_POINT('',(9.831137110671E-02,0.290563542326));
#3184 = CARTESIAN_POINT('',(9.854203873705E-02,0.290673768822));
#3185 = CARTESIAN_POINT('',(9.89998928773E-02,0.290903758143));
#3186 = CARTESIAN_POINT('',(9.922492338122E-02,0.291023581127));
#3187 = CARTESIAN_POINT('',(9.943730081717E-02,0.291143319682));
#3188 = CARTESIAN_POINT('',(9.963761697418E-02,0.291262760444));
#3189 = CARTESIAN_POINT('',(9.982657635372E-02,0.291381748276));
#3190 = CARTESIAN_POINT('',(0.10000499617,0.291500186268));
#3191 = CARTESIAN_POINT('',(0.100173806348,0.291618035737));
#3192 = CARTESIAN_POINT('',(0.100334049528,0.291735316227));
#3193 = CARTESIAN_POINT('',(0.100452694529,0.291822168212));
#3194 = CARTESIAN_POINT('',(0.100566579433,0.291908694775));
#3195 = CARTESIAN_POINT('',(0.100676078567,0.29199489669));
#3196 = CARTESIAN_POINT('',(0.100781557303,0.292080780062));
#3197 = CARTESIAN_POINT('',(0.100883372052,0.292166356323));
#3198 = CARTESIAN_POINT('',(0.100981870267,0.29225164224));
#3199 = CARTESIAN_POINT('',(0.101077390445,0.292336659907));
#3200 = CARTESIAN_POINT('',(0.101279519585,0.292521173223));
#3201 = CARTESIAN_POINT('',(0.101385110402,0.292620571157));
#3202 = CARTESIAN_POINT('',(0.101487560993,0.292719672758));
#3203 = CARTESIAN_POINT('',(0.101587378814,0.292818522043));
#3204 = CARTESIAN_POINT('',(0.101685052352,0.292917164842));
#3205 = CARTESIAN_POINT('',(0.101781051131,0.293015648795));
#3206 = CARTESIAN_POINT('',(0.101875825708,0.293114023355));
#3207 = CARTESIAN_POINT('',(0.101969807674,0.293212339784));
#3208 = CARTESIAN_POINT('',(0.102076619418,0.293324144526));
#3209 = CARTESIAN_POINT('',(0.102182864153,0.293435942851));
#3210 = CARTESIAN_POINT('',(0.102287707806,0.293547619217));
#3211 = CARTESIAN_POINT('',(0.102393723328,0.293659444362));
#3212 = CARTESIAN_POINT('',(0.102501110752,0.293771475521));
#3213 = CARTESIAN_POINT('',(0.102608675661,0.293883592543));
#3214 = CARTESIAN_POINT('',(0.102716372676,0.293995737868));
#3215 = CARTESIAN_POINT('',(0.103172650159,0.294470484873));
#3216 = CARTESIAN_POINT('',(0.103521384629,0.294833175527));
#3217 = CARTESIAN_POINT('',(0.103863932769,0.295195695807));
#3218 = CARTESIAN_POINT('',(0.104194114027,0.295557690921));
#3219 = CARTESIAN_POINT('',(0.104506102092,0.295918749423));
#3220 = CARTESIAN_POINT('',(0.104794468445,0.29627839695));
#3221 = CARTESIAN_POINT('',(0.105054225893,0.296636089954));
#3222 = CARTESIAN_POINT('',(0.105280872113,0.296991209442));
#3223 = CARTESIAN_POINT('',(0.105409565642,0.297192782714));
#3224 = CARTESIAN_POINT('',(0.105527256488,0.29739343938));
#3225 = CARTESIAN_POINT('',(0.10563383385,0.297593156915));
#3226 = CARTESIAN_POINT('',(0.105729450202,0.297791973071));
#3227 = CARTESIAN_POINT('',(0.105814253536,0.297989937749));
#3228 = CARTESIAN_POINT('',(0.105888281122,0.298187092843));
#3229 = CARTESIAN_POINT('',(0.105951514808,0.298383480042));
#3230 = CARTESIAN_POINT('',(0.106071413017,0.298829766218));
#3231 = CARTESIAN_POINT('',(0.106121222517,0.299079220068));
#3232 = CARTESIAN_POINT('',(0.106153599241,0.299327662185));
#3233 = CARTESIAN_POINT('',(0.106168620341,0.299575231976));
#3234 = CARTESIAN_POINT('',(0.106166367208,0.299822084223));
#3235 = CARTESIAN_POINT('',(0.106146925477,0.300068389081));
#3236 = CARTESIAN_POINT('',(0.106110385026,0.300314332081));
#3237 = CARTESIAN_POINT('',(0.105964414736,0.300984754598));
#3238 = CARTESIAN_POINT('',(0.105821191993,0.301408811408));
#3239 = CARTESIAN_POINT('',(0.105632657192,0.301833222108));
#3240 = CARTESIAN_POINT('',(0.105404080928,0.302258645836));
#3241 = CARTESIAN_POINT('',(0.105140518938,0.302685463331));
#3242 = CARTESIAN_POINT('',(0.104846812108,0.303113776924));
#3243 = CARTESIAN_POINT('',(0.104527586467,0.30354341054));
#3244 = CARTESIAN_POINT('',(0.103849693784,0.304400808304));
#3245 = CARTESIAN_POINT('',(0.103491058694,0.304828425282));
#3246 = CARTESIAN_POINT('',(0.103110308158,0.30525709533));
#3247 = CARTESIAN_POINT('',(0.102706338713,0.305687098186));
#3248 = CARTESIAN_POINT('',(0.10227798319,0.306118658633));
#3249 = CARTESIAN_POINT('',(0.101824010715,0.306551946503));
#3250 = CARTESIAN_POINT('',(0.101343126711,0.30698707667));
#3251 = CARTESIAN_POINT('',(0.100285253635,0.307895051328));
#3252 = CARTESIAN_POINT('',(9.970384086109E-02,0.308368364266));
#3253 = CARTESIAN_POINT('',(9.908643283984E-02,0.308842886657));
#3254 = CARTESIAN_POINT('',(9.842913277437E-02,0.30931739687));
#3255 = CARTESIAN_POINT('',(9.772756324493E-02,0.309790426879));
#3256 = CARTESIAN_POINT('',(9.697698065209E-02,0.310260076295));
#3257 = CARTESIAN_POINT('',(9.61723896596E-02,0.310723826383));
#3258 = CARTESIAN_POINT('',(9.426794314947E-02,0.311725990267));
#3259 = CARTESIAN_POINT('',(9.314132417343E-02,0.312260367908));
#3260 = CARTESIAN_POINT('',(9.191982814111E-02,0.312777026201));
#3261 = CARTESIAN_POINT('',(9.059497640497E-02,0.313260220704));
#3262 = CARTESIAN_POINT('',(8.915679779095E-02,0.313704984763));
#3263 = CARTESIAN_POINT('',(8.75995311992E-02,0.314096889422));
#3264 = CARTESIAN_POINT('',(8.591986454847E-02,0.314430452991));
#3265 = CARTESIAN_POINT('',(8.119766045341E-02,0.315130802272));
#3266 = CARTESIAN_POINT('',(7.795953411541E-02,0.315390634085));
#3267 = CARTESIAN_POINT('',(7.440317786796E-02,0.315445147349));
#3268 = CARTESIAN_POINT('',(7.056407574704E-02,0.315277970639));
#3269 = CARTESIAN_POINT('',(6.651338502084E-02,0.314867921314));
#3270 = CARTESIAN_POINT('',(6.236880434367E-02,0.314202632688));
#3271 = CARTESIAN_POINT('',(5.828779777274E-02,0.313303335906));
#3272 = CARTESIAN_POINT('',(5.413390412571E-02,0.312160810982));
#3273 = CARTESIAN_POINT('',(5.385483951095E-02,0.312082870317));
#3274 = CARTESIAN_POINT('',(5.357688015246E-02,0.312004069314));
#3275 = CARTESIAN_POINT('',(5.330007565788E-02,0.311924431008));
#3276 = CARTESIAN_POINT('',(5.302447482406E-02,0.311843979004));
#3277 = CARTESIAN_POINT('',(5.275012563707E-02,0.311762737477));
#3278 = CARTESIAN_POINT('',(5.247707527215E-02,0.311680731171));
#3279 = CARTESIAN_POINT('',(5.165963997163E-02,0.311431787132));
#3280 = CARTESIAN_POINT('',(5.111932964373E-02,0.311262606723));
#3281 = CARTESIAN_POINT('',(5.0584886498E-02,0.311090583826));
#3282 = CARTESIAN_POINT('',(5.005674856308E-02,0.310915858705));
#3283 = CARTESIAN_POINT('',(4.953534450833E-02,0.310738572233));
#3284 = CARTESIAN_POINT('',(4.902109364385E-02,0.310558865895));
#3285 = CARTESIAN_POINT('',(4.851440592047E-02,0.310376881782));
#3286 = CARTESIAN_POINT('',(4.653606603824E-02,0.309646549997));
#3287 = CARTESIAN_POINT('',(4.512609805663E-02,0.309081114503));
#3288 = CARTESIAN_POINT('',(4.379793330569E-02,0.308502064424));
#3289 = CARTESIAN_POINT('',(4.255636980561E-02,0.307908599965));
#3290 = CARTESIAN_POINT('',(4.141449556694E-02,0.30730932315));
#3291 = CARTESIAN_POINT('',(4.037892548929E-02,0.306708593275));
#3292 = CARTESIAN_POINT('',(3.944089663873E-02,0.306097134353));
#3293 = CARTESIAN_POINT('',(3.820934983578E-02,0.30518395805));
#3294 = CARTESIAN_POINT('',(3.783383140204E-02,0.304885691785));
#3295 = CARTESIAN_POINT('',(3.748217234482E-02,0.304585940818));
#3296 = CARTESIAN_POINT('',(3.715513181919E-02,0.304284595746));
#3297 = CARTESIAN_POINT('',(3.6853542483E-02,0.30398151715));
#3298 = CARTESIAN_POINT('',(3.657741504524E-02,0.303676676361));
#3299 = CARTESIAN_POINT('',(3.632559604383E-02,0.303370218973));
#3300 = CARTESIAN_POINT('',(3.586406760417E-02,0.302751396987));
#3301 = CARTESIAN_POINT('',(3.565534591687E-02,0.302438903435));
#3302 = CARTESIAN_POINT('',(3.54687037479E-02,0.302125079098));
#3303 = CARTESIAN_POINT('',(3.530299613399E-02,0.301810018691));
#3304 = CARTESIAN_POINT('',(3.515704319172E-02,0.301493803));
#3305 = CARTESIAN_POINT('',(3.502963011752E-02,0.301176498883));
#3306 = CARTESIAN_POINT('',(3.491950718764E-02,0.30085815927));
#3307 = CARTESIAN_POINT('',(3.477276706696E-02,0.300360284665));
#3308 = CARTESIAN_POINT('',(3.472516069909E-02,0.300181436526));
#3309 = CARTESIAN_POINT('',(3.468266690238E-02,0.300002279322));
#3310 = CARTESIAN_POINT('',(3.464537935537E-02,0.299822815236));
#3311 = CARTESIAN_POINT('',(3.461338916737E-02,0.29964304805));
#3312 = CARTESIAN_POINT('',(3.458678487846E-02,0.299462983154));
#3313 = CARTESIAN_POINT('',(3.456565245946E-02,0.29928262754));
#3314 = CARTESIAN_POINT('',(3.455007531199E-02,0.299101989803));
#3315 = ( GEOMETRIC_REPRESENTATION_CONTEXT(2) 
PARAMETRIC_REPRESENTATION_CONTEXT() REPRESENTATION_CONTEXT('2D SPACE',''
  ) );
#3316 = PCURVE('',#3317,#3396);
#3317 = ( BOUNDED_SURFACE() B_SPLINE_SURFACE(12,5,(
    (#3318,#3319,#3320,#3321,#3322,#3323)
    ,(#3324,#3325,#3326,#3327,#3328,#3329)
    ,(#3330,#3331,#3332,#3333,#3334,#3335)
    ,(#3336,#3337,#3338,#3339,#3340,#3341)
    ,(#3342,#3343,#3344,#3345,#3346,#3347)
    ,(#3348,#3349,#3350,#3351,#3352,#3353)
    ,(#3354,#3355,#3356,#3357,#3358,#3359)
    ,(#3360,#3361,#3362,#3363,#3364,#3365)
    ,(#3366,#3367,#3368,#3369,#3370,#3371)
    ,(#3372,#3373,#3374,#3375,#3376,#3377)
    ,(#3378,#3379,#3380,#3381,#3382,#3383)
    ,(#3384,#3385,#3386,#3387,#3388,#3389)
    ,(#3390,#3391,#3392,#3393,#3394,#3395
)),.UNSPECIFIED.,.T.,.F.,.F.) B_SPLINE_SURFACE_WITH_KNOTS((13,13),(6,6),
  (0.,1.),(0.,1.),.PIECEWISE_BEZIER_KNOTS.) 
GEOMETRIC_REPRESENTATION_ITEM() RATIONAL_B_SPLINE_SURFACE((
    (1.,1.,1.,1.,1.,1.)
    ,(1.,1.,1.,1.,1.,1.)
    ,(1.,1.,1.,1.,1.,1.)
    ,(1.,1.,1.,1.,1.,1.)
    ,(1.,1.,1.,1.,1.,1.)
    ,(1.,1.,1.,1.,1.,1.)
    ,(1.,1.,1.,1.,1.,1.)
    ,(1.,1.,1.,1.,1.,1.)
    ,(1.,1.,1.,1.,1.,1.)
    ,(1.,1.,1.,1.,1.,1.)
    ,(1.,1.,1.,1.,1.,1.)
    ,(1.,1.,1.,1.,1.,1.)
,(1.,1.,1.,1.,1.,1.))) REPRESENTATION_ITEM('') SURFACE() );
#3318 = CARTESIAN_POINT('',(-4.6E-02,0.3,0.31));
#3319 = CARTESIAN_POINT('',(-0.239630882345,0.3,0.112013216754));
#3320 = CARTESIAN_POINT('',(0.235261533187,0.3,0.382794812205));
#3321 = CARTESIAN_POINT('',(-0.307849464602,0.3,-5.106445363151E-02));
#3322 = CARTESIAN_POINT('',(4.400147960313E-02,0.3,9.187229722041E-02));
#3323 = CARTESIAN_POINT('',(-2.212E-02,0.3,0.));
#3324 = CARTESIAN_POINT('',(-4.6E-02,0.337699111843,0.31));
#3325 = CARTESIAN_POINT('',(-0.239630882345,0.236314218929,
    0.112013216754));
#3326 = CARTESIAN_POINT('',(0.235261533187,0.484967306242,0.382794812205
    ));
#3327 = CARTESIAN_POINT('',(-0.307849464602,0.200595052786,
    -5.106445363151E-02));
#3328 = CARTESIAN_POINT('',(4.400147960315E-02,0.384823776365,
    9.187229722041E-02));
#3329 = CARTESIAN_POINT('',(-2.212E-02,0.350202650604,0.));
#3330 = CARTESIAN_POINT('',(-6.753380049121E-02,0.375397447008,0.31));
#3331 = CARTESIAN_POINT('',(-0.203253449651,0.172629749914,
    0.112013216754));
#3332 = CARTESIAN_POINT('',(0.129607875175,0.669930801786,0.382794812205
    ));
#3333 = CARTESIAN_POINT('',(-0.251069179962,0.101192153515,
    -5.106445363151E-02));
#3334 = CARTESIAN_POINT('',(-4.450014022673E-03,0.46964580519,
    9.187229722041E-02));
#3335 = CARTESIAN_POINT('',(-5.07958443208E-02,0.400404266933,0.));
#3336 = CARTESIAN_POINT('',(-0.110599991264,0.399572952916,0.31));
#3337 = CARTESIAN_POINT('',(-0.130500966554,0.131789637211,
    0.112013216754));
#3338 = CARTESIAN_POINT('',(-8.169252178368E-02,0.788545750152,
    0.382794812205));
#3339 = CARTESIAN_POINT('',(-0.137512329119,3.744622500084E-02,
    -5.106445363151E-02));
#3340 = CARTESIAN_POINT('',(-0.101349828274,0.524041190289,
    9.187229722041E-02));
#3341 = CARTESIAN_POINT('',(-0.108145655034,0.4325979823,0.));
#3342 = CARTESIAN_POINT('',(-0.16576149549,0.39665508372,0.31));
#3343 = CARTESIAN_POINT('',(-3.73156550207E-02,0.13671884561,
    0.112013216754));
#3344 = CARTESIAN_POINT('',(-0.352337487832,0.774229487019,
    0.382794812205));
#3345 = CARTESIAN_POINT('',(7.937421490642E-03,4.514005700812E-02,
    -5.106445363151E-02));
#3346 = CARTESIAN_POINT('',(-0.225464346352,0.517475924637,
    9.187229722041E-02));
#3347 = CARTESIAN_POINT('',(-0.181602391494,0.428712353154,0.));
#3348 = CARTESIAN_POINT('',(-0.2140903507,0.360668774402,0.31));
#3349 = CARTESIAN_POINT('',(4.432714084007E-02,0.197511158871,
    0.112013216754));
#3350 = CARTESIAN_POINT('',(-0.589458675177,0.597665892524,
    0.382794812205));
#3351 = CARTESIAN_POINT('',(0.135370856025,0.140028689746,
    -5.106445363151E-02));
#3352 = CARTESIAN_POINT('',(-0.334205263736,0.43650598915,
    9.187229722041E-02));
#3353 = CARTESIAN_POINT('',(-0.245960317016,0.380790584578,0.));
#3354 = CARTESIAN_POINT('',(-0.234028725246,0.3,0.31));
#3355 = CARTESIAN_POINT('',(7.800939206987E-02,0.3,0.112013216754));
#3356 = CARTESIAN_POINT('',(-0.687284519085,0.299999999999,
    0.382794812205));
#3357 = CARTESIAN_POINT('',(0.187944324534,0.300000000001,
    -5.106445363151E-02));
#3358 = CARTESIAN_POINT('',(-0.379067016199,0.299999999999,
    9.187229722041E-02));
#3359 = CARTESIAN_POINT('',(-0.272511585786,0.3,0.));
#3360 = CARTESIAN_POINT('',(-0.2140903507,0.239331225598,0.31));
#3361 = CARTESIAN_POINT('',(4.432714084011E-02,0.402488841128,
    0.112013216754));
#3362 = CARTESIAN_POINT('',(-0.589458675177,2.334107477119E-03,
    0.382794812205));
#3363 = CARTESIAN_POINT('',(0.135370856025,0.459971310253,
    -5.106445363151E-02));
#3364 = CARTESIAN_POINT('',(-0.334205263736,0.163494010851,
    9.187229722041E-02));
#3365 = CARTESIAN_POINT('',(-0.245960317016,0.219209415422,0.));
#3366 = CARTESIAN_POINT('',(-0.16576149549,0.203344916279,0.31));
#3367 = CARTESIAN_POINT('',(-3.731565502075E-02,0.46328115439,
    0.112013216754));
#3368 = CARTESIAN_POINT('',(-0.352337487832,-0.17422948702,
    0.382794812205));
#3369 = CARTESIAN_POINT('',(7.9374214905E-03,0.554859942993,
    -5.106445363151E-02));
#3370 = CARTESIAN_POINT('',(-0.225464346352,8.252407536216E-02,
    9.187229722041E-02));
#3371 = CARTESIAN_POINT('',(-0.181602391494,0.171287646845,0.));
#3372 = CARTESIAN_POINT('',(-0.110599991264,0.200427047084,0.31));
#3373 = CARTESIAN_POINT('',(-0.130500966554,0.468210362789,
    0.112013216754));
#3374 = CARTESIAN_POINT('',(-8.169252178376E-02,-0.188545750151,
    0.382794812205));
#3375 = CARTESIAN_POINT('',(-0.137512329119,0.562553774999,
    -5.106445363151E-02));
#3376 = CARTESIAN_POINT('',(-0.101349828274,7.595880971124E-02,
    9.187229722041E-02));
#3377 = CARTESIAN_POINT('',(-0.108145655034,0.167402017701,0.));
#3378 = CARTESIAN_POINT('',(-6.753380049121E-02,0.224602552992,0.31));
#3379 = CARTESIAN_POINT('',(-0.203253449651,0.427370250086,
    0.112013216754));
#3380 = CARTESIAN_POINT('',(0.129607875175,-6.993080178596E-02,
    0.382794812205));
#3381 = CARTESIAN_POINT('',(-0.251069179962,0.498807846486,
    -5.106445363151E-02));
#3382 = CARTESIAN_POINT('',(-4.45001402265E-03,0.13035419481,
    9.187229722041E-02));
#3383 = CARTESIAN_POINT('',(-5.07958443208E-02,0.199595733067,0.));
#3384 = CARTESIAN_POINT('',(-4.6E-02,0.262300888157,0.31));
#3385 = CARTESIAN_POINT('',(-0.239630882345,0.363685781071,
    0.112013216754));
#3386 = CARTESIAN_POINT('',(0.235261533187,0.115032693758,0.382794812205
    ));
#3387 = CARTESIAN_POINT('',(-0.307849464602,0.399404947214,
    -5.106445363151E-02));
#3388 = CARTESIAN_POINT('',(4.400147960314E-02,0.215176223635,
    9.187229722041E-02));
#3389 = CARTESIAN_POINT('',(-2.212E-02,0.249797349396,0.));
#3390 = CARTESIAN_POINT('',(-4.6E-02,0.3,0.31));
#3391 = CARTESIAN_POINT('',(-0.239630882345,0.3,0.112013216754));
#3392 = CARTESIAN_POINT('',(0.235261533187,0.3,0.382794812205));
#3393 = CARTESIAN_POINT('',(-0.307849464602,0.3,-5.106445363151E-02));
#3394 = CARTESIAN_POINT('',(4.400147960313E-02,0.3,9.187229722041E-02));
#3395 = CARTESIAN_POINT('',(-2.212E-02,0.3,0.));
#3396 = DEFINITIONAL_REPRESENTATION('',(#3397),#3686);
#3397 = B_SPLINE_CURVE_WITH_KNOTS('',8,(#3398,#3399,#3400,#3401,#3402,
    #3403,#3404,#3405,#3406,#3407,#3408,#3409,#3410,#3411,#3412,#3413,
    #3414,#3415,#3416,#3417,#3418,#3419,#3420,#3421,#3422,#3423,#3424,
    #3425,#3426,#3427,#3428,#3429,#3430,#3431,#3432,#3433,#3434,#3435,
    #3436,#3437,#3438,#3439,#3440,#3441,#3442,#3443,#3444,#3445,#3446,
    #3447,#3448,#3449,#3450,#3451,#3452,#3453,#3454,#3455,#3456,#3457,
    #3458,#3459,#3460,#3461,#3462,#3463,#3464,#3465,#3466,#3467,#3468,
    #3469,#3470,#3471,#3472,#3473,#3474,#3475,#3476,#3477,#3478,#3479,
    #3480,#3481,#3482,#3483,#3484,#3485,#3486,#3487,#3488,#3489,#3490,
    #3491,#3492,#3493,#3494,#3495,#3496,#3497,#3498,#3499,#3500,#3501,
    #3502,#3503,#3504,#3505,#3506,#3507,#3508,#3509,#3510,#3511,#3512,
    #3513,#3514,#3515,#3516,#3517,#3518,#3519,#3520,#3521,#3522,#3523,
    #3524,#3525,#3526,#3527,#3528,#3529,#3530,#3531,#3532,#3533,#3534,
    #3535,#3536,#3537,#3538,#3539,#3540,#3541,#3542,#3543,#3544,#3545,
    #3546,#3547,#3548,#3549,#3550,#3551,#3552,#3553,#3554,#3555,#3556,
    #3557,#3558,#3559,#3560,#3561,#3562,#3563,#3564,#3565,#3566,#3567,
    #3568,#3569,#3570,#3571,#3572,#3573,#3574,#3575,#3576,#3577,#3578,
    #3579,#3580,#3581,#3582,#3583,#3584,#3585,#3586,#3587,#3588,#3589,
    #3590,#3591,#3592,#3593,#3594,#3595,#3596,#3597,#3598,#3599,#3600,
    #3601,#3602,#3603,#3604,#3605,#3606,#3607,#3608,#3609,#3610,#3611,
    #3612,#3613,#3614,#3615,#3616,#3617,#3618,#3619,#3620,#3621,#3622,
    #3623,#3624,#3625,#3626,#3627,#3628,#3629,#3630,#3631,#3632,#3633,
    #3634,#3635,#3636,#3637,#3638,#3639,#3640,#3641,#3642,#3643,#3644,
    #3645,#3646,#3647,#3648,#3649,#3650,#3651,#3652,#3653,#3654,#3655,
    #3656,#3657,#3658,#3659,#3660,#3661,#3662,#3663,#3664,#3665,#3666,
    #3667,#3668,#3669,#3670,#3671,#3672,#3673,#3674,#3675,#3676,#3677,
    #3678,#3679,#3680,#3681,#3682,#3683,#3684,#3685),.UNSPECIFIED.,.F.,
  .F.,(9,7,7,7,7,8,7,7,8,8,7,7,7,7,7,7,7,7,7,7,7,7,7,8,7,8,7,8,7,7,7,7,7
    ,7,7,7,7,7,7,7,9),(0.,1.328337360383E-02,2.058095276711E-02,
    3.21318547461E-02,3.63813369214E-02,4.0946702217E-02,
    5.423007582083E-02,7.830346643359E-02,9.653332008653E-02,
    0.10981669369,0.123100067294,0.143654231861,0.158844332989,
    0.230202835242,0.275331798751,0.318043127359,0.391122247278,
    0.451715879963,0.512051997917,0.534995162187,0.557270003176,
    0.580270177409,0.600738249131,0.622928211448,0.636211585052,
    0.651838976503,0.665122350107,0.708050086753,0.721333460356,
    0.738343044528,0.767730415947,0.796872844158,0.828277500036,
    0.866118382598,0.92746800529,0.931904312166,0.940814822128,
    0.967250881938,0.979965818959,0.992815710761,1.),.UNSPECIFIED.);
#3398 = CARTESIAN_POINT('',(0.,0.401242951724));
#3399 = CARTESIAN_POINT('',(2.410822543882E-03,0.40128867001));
#3400 = CARTESIAN_POINT('',(4.821900304094E-03,0.401317615607));
#3401 = CARTESIAN_POINT('',(7.233206749911E-03,0.401326375553));
#3402 = CARTESIAN_POINT('',(9.644556564476E-03,0.401311502891));
#3403 = CARTESIAN_POINT('',(1.205560564479E-02,0.401269516666));
#3404 = CARTESIAN_POINT('',(1.446585110173E-02,0.401196901927));
#3405 = CARTESIAN_POINT('',(1.687463126003E-02,0.401090109728));
#3406 = CARTESIAN_POINT('',(2.060319929136E-02,0.400866177573));
#3407 = CARTESIAN_POINT('',(2.192452199656E-02,0.400775083088));
#3408 = CARTESIAN_POINT('',(2.324513153443E-02,0.400674299091));
#3409 = CARTESIAN_POINT('',(2.456509884159E-02,0.400565842294));
#3410 = CARTESIAN_POINT('',(2.588452803073E-02,0.400451720707));
#3411 = CARTESIAN_POINT('',(2.720355639063E-02,0.400333933632));
#3412 = CARTESIAN_POINT('',(2.852235438617E-02,0.400214471668));
#3413 = CARTESIAN_POINT('',(3.19285329095E-02,0.399906792682));
#3414 = CARTESIAN_POINT('',(3.401561451678E-02,0.399718774881));
#3415 = CARTESIAN_POINT('',(3.610330202088E-02,0.399539320687));
#3416 = CARTESIAN_POINT('',(3.819220830166E-02,0.399376036221));
#3417 = CARTESIAN_POINT('',(4.028262757812E-02,0.399236076347));
#3418 = CARTESIAN_POINT('',(4.237453540837E-02,0.399126144666));
#3419 = CARTESIAN_POINT('',(4.446758868963E-02,0.399052493522));
#3420 = CARTESIAN_POINT('',(4.733132105319E-02,0.399009274263));
#3421 = CARTESIAN_POINT('',(4.810156390433E-02,0.399003283633));
#3422 = CARTESIAN_POINT('',(4.887181157298E-02,0.399003224787));
#3423 = CARTESIAN_POINT('',(4.964201421806E-02,0.399009352562));
#3424 = CARTESIAN_POINT('',(5.041211479611E-02,0.399021903953));
#3425 = CARTESIAN_POINT('',(5.118204906134E-02,0.399041098108));
#3426 = CARTESIAN_POINT('',(5.195174556557E-02,0.399067136333));
#3427 = CARTESIAN_POINT('',(5.354769924187E-02,0.399135634038));
#3428 = CARTESIAN_POINT('',(5.43739253597E-02,0.399179214188));
#3429 = CARTESIAN_POINT('',(5.51996264953E-02,0.399231837408));
#3430 = CARTESIAN_POINT('',(5.602476067299E-02,0.399292647909));
#3431 = CARTESIAN_POINT('',(5.684937848357E-02,0.399359794834));
#3432 = CARTESIAN_POINT('',(5.767358011006E-02,0.399431187859));
#3433 = CARTESIAN_POINT('',(5.849747235342E-02,0.399505252784));
#3434 = CARTESIAN_POINT('',(5.932112565828E-02,0.399581687132));
#3435 = CARTESIAN_POINT('',(6.020110903457E-02,0.399663169327));
#3436 = CARTESIAN_POINT('',(6.108082178015E-02,0.399746674591));
#3437 = CARTESIAN_POINT('',(6.196042755518E-02,0.399830582844));
#3438 = CARTESIAN_POINT('',(6.284006924379E-02,0.399913300391));
#3439 = CARTESIAN_POINT('',(6.371986895419E-02,0.399993259921));
#3440 = CARTESIAN_POINT('',(6.459992801858E-02,0.400068920502));
#3441 = CARTESIAN_POINT('',(6.548032699319E-02,0.400138767587));
#3442 = CARTESIAN_POINT('',(6.795740371002E-02,0.400314493173));
#3443 = CARTESIAN_POINT('',(6.955450839344E-02,0.400403957998));
#3444 = CARTESIAN_POINT('',(7.115322912908E-02,0.40046030459));
#3445 = CARTESIAN_POINT('',(7.27532470853E-02,0.400474303308));
#3446 = CARTESIAN_POINT('',(7.435313517833E-02,0.400436897771));
#3447 = CARTESIAN_POINT('',(7.595035807224E-02,0.400339204859));
#3448 = CARTESIAN_POINT('',(7.754127217896E-02,0.40017251471));
#3449 = CARTESIAN_POINT('',(8.031749681811E-02,0.399743390401));
#3450 = CARTESIAN_POINT('',(8.150766169837E-02,0.399514703243));
#3451 = CARTESIAN_POINT('',(8.268893256237E-02,0.399238566049));
#3452 = CARTESIAN_POINT('',(8.385852624207E-02,0.398912254426));
#3453 = CARTESIAN_POINT('',(8.501356413803E-02,0.398533982785));
#3454 = CARTESIAN_POINT('',(8.615107221941E-02,0.398102904345));
#3455 = CARTESIAN_POINT('',(8.726798102402E-02,0.39761911113));
#3456 = CARTESIAN_POINT('',(8.836112565828E-02,0.397083633968));
#3457 = CARTESIAN_POINT('',(8.93891385485E-02,0.396580522996));
#3458 = CARTESIAN_POINT('',(9.039630198753E-02,0.396030268843));
#3459 = CARTESIAN_POINT('',(9.138197421952E-02,0.395438079731));
#3460 = CARTESIAN_POINT('',(9.234179375475E-02,0.394802002567));
#3461 = CARTESIAN_POINT('',(9.327396886326E-02,0.394123065889));
#3462 = CARTESIAN_POINT('',(9.418107448837E-02,0.393408337769));
#3463 = CARTESIAN_POINT('',(9.506735658033E-02,0.392666898662));
#3464 = CARTESIAN_POINT('',(9.593154384978E-02,0.391898729203));
#3465 = CARTESIAN_POINT('',(9.675553283714E-02,0.391166647923));
#3466 = CARTESIAN_POINT('',(9.756054868322E-02,0.39041140347));
#3467 = CARTESIAN_POINT('',(9.834820010321E-02,0.389636093858));
#3468 = CARTESIAN_POINT('',(9.912000730002E-02,0.388843435339));
#3469 = CARTESIAN_POINT('',(9.987740196422E-02,0.388035762408));
#3470 = CARTESIAN_POINT('',(0.100621727274,0.387215027795));
#3471 = CARTESIAN_POINT('',(0.101354237896,0.386382802472));
#3472 = CARTESIAN_POINT('',(0.103193027413,0.384236506716));
#3473 = CARTESIAN_POINT('',(0.104284531937,0.382908788938));
#3474 = CARTESIAN_POINT('',(0.105354667429,0.381561584054));
#3475 = CARTESIAN_POINT('',(0.106407063489,0.38019872973));
#3476 = CARTESIAN_POINT('',(0.107444925445,0.37882343956));
#3477 = CARTESIAN_POINT('',(0.108471034354,0.377438303069));
#3478 = CARTESIAN_POINT('',(0.109487746996,0.376045285707));
#3479 = CARTESIAN_POINT('',(0.11124290704,0.373611471811));
#3480 = CARTESIAN_POINT('',(0.11198481908,0.372573827781));
#3481 = CARTESIAN_POINT('',(0.112723556921,0.371533469218));
#3482 = CARTESIAN_POINT('',(0.113459882429,0.370491011676));
#3483 = CARTESIAN_POINT('',(0.114194494417,0.369447013811));
#3484 = CARTESIAN_POINT('',(0.114928028648,0.368401977378));
#3485 = CARTESIAN_POINT('',(0.115661057829,0.367356347235));
#3486 = CARTESIAN_POINT('',(0.119837619814,0.361397437613));
#3487 = CARTESIAN_POINT('',(0.123282466718,0.356479827409));
#3488 = CARTESIAN_POINT('',(0.126781423223,0.351599814396));
#3489 = CARTESIAN_POINT('',(0.13036722579,0.346785393747));
#3490 = CARTESIAN_POINT('',(0.13406003115,0.342056587486));
#3491 = CARTESIAN_POINT('',(0.137871636201,0.337428926703));
#3492 = CARTESIAN_POINT('',(0.141806443059,0.332914250612));
#3493 = CARTESIAN_POINT('',(0.14842227985,0.325739201995));
#3494 = CARTESIAN_POINT('',(0.151033186817,0.323006563863));
#3495 = CARTESIAN_POINT('',(0.153691157132,0.320322426042));
#3496 = CARTESIAN_POINT('',(0.156394831618,0.317687324823));
#3497 = CARTESIAN_POINT('',(0.159142224991,0.315100814836));
#3498 = CARTESIAN_POINT('',(0.16193072586,0.312561469048));
#3499 = CARTESIAN_POINT('',(0.164757096726,0.31006687876));
#3500 = CARTESIAN_POINT('',(0.170324670467,0.30529186292));
#3501 = CARTESIAN_POINT('',(0.173062577002,0.303007368139));
#3502 = CARTESIAN_POINT('',(0.175829028249,0.300758230922));
#3503 = CARTESIAN_POINT('',(0.178622282003,0.298542991836));
#3504 = CARTESIAN_POINT('',(0.181441019205,0.296360670368));
#3505 = CARTESIAN_POINT('',(0.184284343933,0.29421076492));
#3506 = CARTESIAN_POINT('',(0.187151783408,0.292093252813));
#3507 = CARTESIAN_POINT('',(0.194991047454,0.286441580836));
#3508 = CARTESIAN_POINT('',(0.200007839256,0.282970935475));
#3509 = CARTESIAN_POINT('',(0.205094245772,0.279598533742));
#3510 = CARTESIAN_POINT('',(0.210251784681,0.27633015786));
#3511 = CARTESIAN_POINT('',(0.215482908975,0.273175492727));
#3512 = CARTESIAN_POINT('',(0.220791006949,0.270148125924));
#3513 = CARTESIAN_POINT('',(0.226180402207,0.267265547706));
#3514 = CARTESIAN_POINT('',(0.23619631384,0.262297046421));
#3515 = CARTESIAN_POINT('',(0.240795227474,0.260158485853));
#3516 = CARTESIAN_POINT('',(0.245455787752,0.258149970012));
#3517 = CARTESIAN_POINT('',(0.250177207548,0.256281735199));
#3518 = CARTESIAN_POINT('',(0.254956946999,0.254562035627));
#3519 = CARTESIAN_POINT('',(0.25979138315,0.252998680854));
#3520 = CARTESIAN_POINT('',(0.264675421659,0.251597828327));
#3521 = CARTESIAN_POINT('',(0.274505810464,0.249127476289));
#3522 = CARTESIAN_POINT('',(0.279453772882,0.248057072669));
#3523 = CARTESIAN_POINT('',(0.28443698632,0.247150121568));
#3524 = CARTESIAN_POINT('',(0.289448037045,0.246405402634));
#3525 = CARTESIAN_POINT('',(0.294480047135,0.245817936009));
#3526 = CARTESIAN_POINT('',(0.29952667253,0.245377744566));
#3527 = CARTESIAN_POINT('',(0.304582101074,0.245068616149));
#3528 = CARTESIAN_POINT('',(0.311564747355,0.244790123631));
#3529 = CARTESIAN_POINT('',(0.313489112139,0.244728753554));
#3530 = CARTESIAN_POINT('',(0.315413941282,0.244681483165));
#3531 = CARTESIAN_POINT('',(0.317339075795,0.244646759327));
#3532 = CARTESIAN_POINT('',(0.319264401342,0.244622748172));
#3533 = CARTESIAN_POINT('',(0.321189848236,0.2446073351));
#3534 = CARTESIAN_POINT('',(0.323115391439,0.244598124782));
#3535 = CARTESIAN_POINT('',(0.326910604165,0.244586947826));
#3536 = CARTESIAN_POINT('',(0.328780193484,0.244584561679));
#3537 = CARTESIAN_POINT('',(0.330649916472,0.244582915256));
#3538 = CARTESIAN_POINT('',(0.332519829448,0.244579110856));
#3539 = CARTESIAN_POINT('',(0.334389947103,0.244569720548));
#3540 = CARTESIAN_POINT('',(0.336260242494,0.244550786162));
#3541 = CARTESIAN_POINT('',(0.338130647049,0.244517819295));
#3542 = CARTESIAN_POINT('',(0.341932353978,0.244411989304));
#3543 = CARTESIAN_POINT('',(0.34386309264,0.244337796933));
#3544 = CARTESIAN_POINT('',(0.345793602547,0.244237387437));
#3545 = CARTESIAN_POINT('',(0.34772345641,0.24410405912));
#3546 = CARTESIAN_POINT('',(0.349651463651,0.243930245353));
#3547 = CARTESIAN_POINT('',(0.351575670405,0.24370751457));
#3548 = CARTESIAN_POINT('',(0.353493359523,0.243426570267));
#3549 = CARTESIAN_POINT('',(0.357098748484,0.242766236484));
#3550 = CARTESIAN_POINT('',(0.358789582811,0.242403101265));
#3551 = CARTESIAN_POINT('',(0.36046693367,0.241973339172));
#3552 = CARTESIAN_POINT('',(0.362128891652,0.241479770123));
#3553 = CARTESIAN_POINT('',(0.363774585947,0.24092839963));
#3554 = CARTESIAN_POINT('',(0.365402555414,0.240322080019));
#3555 = CARTESIAN_POINT('',(0.367011162579,0.239661973369));
#3556 = CARTESIAN_POINT('',(0.370324597402,0.238192233975));
#3557 = CARTESIAN_POINT('',(0.372025893372,0.237372512641));
#3558 = CARTESIAN_POINT('',(0.373705724271,0.236504407467));
#3559 = CARTESIAN_POINT('',(0.375365379611,0.235594417279));
#3560 = CARTESIAN_POINT('',(0.377006652621,0.23464878442));
#3561 = CARTESIAN_POINT('',(0.378631840245,0.23367349476));
#3562 = CARTESIAN_POINT('',(0.380243743146,0.232674277691));
#3563 = CARTESIAN_POINT('',(0.381845665705,0.231656606124));
#3564 = CARTESIAN_POINT('',(0.383031936998,0.230902852997));
#3565 = CARTESIAN_POINT('',(0.384212515884,0.23013888307));
#3566 = CARTESIAN_POINT('',(0.385388592381,0.229366779483));
#3567 = CARTESIAN_POINT('',(0.386561338705,0.228588530668));
#3568 = CARTESIAN_POINT('',(0.387731909278,0.227806030344));
#3569 = CARTESIAN_POINT('',(0.388901440722,0.227021077521));
#3570 = CARTESIAN_POINT('',(0.390071051861,0.226235376496));
#3571 = CARTESIAN_POINT('',(0.392619234383,0.224527191321));
#3572 = CARTESIAN_POINT('',(0.393998209126,0.223605133914));
#3573 = CARTESIAN_POINT('',(0.395380538514,0.222686965557));
#3574 = CARTESIAN_POINT('',(0.39676788254,0.221775257087));
#3575 = CARTESIAN_POINT('',(0.398161790623,0.220872549254));
#3576 = CARTESIAN_POINT('',(0.399563701617,0.219981352721));
#3577 = CARTESIAN_POINT('',(0.400974943802,0.219104148065));
#3578 = CARTESIAN_POINT('',(0.40239673489,0.218243385776));
#3579 = CARTESIAN_POINT('',(0.404013498878,0.21726404684));
#3580 = CARTESIAN_POINT('',(0.405645428148,0.216308355662));
#3581 = CARTESIAN_POINT('',(0.407289785332,0.215371872664));
#3582 = CARTESIAN_POINT('',(0.408953466479,0.214469845519));
#3583 = CARTESIAN_POINT('',(0.410636776187,0.213603634957));
#3584 = CARTESIAN_POINT('',(0.412335773231,0.212766806802));
#3585 = CARTESIAN_POINT('',(0.414049313081,0.211959989691));
#3586 = CARTESIAN_POINT('',(0.421359517602,0.208674060896));
#3587 = CARTESIAN_POINT('',(0.427083951754,0.206476591652));
#3588 = CARTESIAN_POINT('',(0.432917088766,0.20456043992));
#3589 = CARTESIAN_POINT('',(0.438830699905,0.202891988337));
#3590 = CARTESIAN_POINT('',(0.444801868549,0.201436100077));
#3591 = CARTESIAN_POINT('',(0.45081340366,0.200157466456));
#3592 = CARTESIAN_POINT('',(0.456854253252,0.199021954529));
#3593 = CARTESIAN_POINT('',(0.462919917866,0.197997954693));
#3594 = CARTESIAN_POINT('',(0.466362766345,0.197417232916));
#3595 = CARTESIAN_POINT('',(0.469812356188,0.196869711757));
#3596 = CARTESIAN_POINT('',(0.473268442875,0.196356372577));
#3597 = CARTESIAN_POINT('',(0.476731026306,0.195880637562));
#3598 = CARTESIAN_POINT('',(0.480199967804,0.195445886457));
#3599 = CARTESIAN_POINT('',(0.483674838742,0.195054470961));
#3600 = CARTESIAN_POINT('',(0.487155000801,0.194708226758));
#3601 = CARTESIAN_POINT('',(0.495102382329,0.194029072699));
#3602 = CARTESIAN_POINT('',(0.49957266829,0.193726716951));
#3603 = CARTESIAN_POINT('',(0.504049295426,0.193508409665));
#3604 = CARTESIAN_POINT('',(0.508530369221,0.193379066042));
#3605 = CARTESIAN_POINT('',(0.513013580972,0.19334352278));
#3606 = CARTESIAN_POINT('',(0.517496207785,0.193406538075));
#3607 = CARTESIAN_POINT('',(0.521975112575,0.193572791625));
#3608 = CARTESIAN_POINT('',(0.534172122368,0.194320656028));
#3609 = CARTESIAN_POINT('',(0.541874571603,0.195115060487));
#3610 = CARTESIAN_POINT('',(0.549540983623,0.19619657735));
#3611 = CARTESIAN_POINT('',(0.557162436615,0.197531948206));
#3612 = CARTESIAN_POINT('',(0.564734195111,0.19908817689));
#3613 = CARTESIAN_POINT('',(0.572255709985,0.200832529483));
#3614 = CARTESIAN_POINT('',(0.579730618451,0.202732534305));
#3615 = CARTESIAN_POINT('',(0.594540625711,0.206762670001));
#3616 = CARTESIAN_POINT('',(0.601875141461,0.208891254788));
#3617 = CARTESIAN_POINT('',(0.609165769651,0.21114600789));
#3618 = CARTESIAN_POINT('',(0.616408051546,0.213530271988));
#3619 = CARTESIAN_POINT('',(0.623597591343,0.216046460835));
#3620 = CARTESIAN_POINT('',(0.630730056168,0.218696059263));
#3621 = CARTESIAN_POINT('',(0.63780117608,0.221479623177));
#3622 = CARTESIAN_POINT('',(0.652356547462,0.227540548388));
#3623 = CARTESIAN_POINT('',(0.65983187985,0.230837159308));
#3624 = CARTESIAN_POINT('',(0.667221521534,0.234300476931));
#3625 = CARTESIAN_POINT('',(0.674512624808,0.2379441954));
#3626 = CARTESIAN_POINT('',(0.681691946541,0.24177975939));
#3627 = CARTESIAN_POINT('',(0.68874708076,0.245814285106));
#3628 = CARTESIAN_POINT('',(0.695667691237,0.25004848129));
#3629 = CARTESIAN_POINT('',(0.710615371466,0.259807354808));
#3630 = CARTESIAN_POINT('',(0.71857894954,0.265420410343));
#3631 = CARTESIAN_POINT('',(0.726321486188,0.271308125999));
#3632 = CARTESIAN_POINT('',(0.733891910653,0.277380456249));
#3633 = CARTESIAN_POINT('',(0.74128122084,0.283638531365));
#3634 = CARTESIAN_POINT('',(0.748548333011,0.289995232505));
#3635 = CARTESIAN_POINT('',(0.75571631413,0.296422051355));
#3636 = CARTESIAN_POINT('',(0.774374383808,0.313300525451));
#3637 = CARTESIAN_POINT('',(0.785769663236,0.32376766167));
#3638 = CARTESIAN_POINT('',(0.797214566871,0.334059895533));
#3639 = CARTESIAN_POINT('',(0.808894825314,0.343944421058));
#3640 = CARTESIAN_POINT('',(0.820981636114,0.35316675596));
#3641 = CARTESIAN_POINT('',(0.833589513109,0.361516970047));
#3642 = CARTESIAN_POINT('',(0.846732083032,0.368887683435));
#3643 = CARTESIAN_POINT('',(0.861291840161,0.375718678245));
#3644 = CARTESIAN_POINT('',(0.862276056728,0.376174141566));
#3645 = CARTESIAN_POINT('',(0.863262628517,0.376624417652));
#3646 = CARTESIAN_POINT('',(0.864251533281,0.377069506619));
#3647 = CARTESIAN_POINT('',(0.865242747712,0.377509411081));
#3648 = CARTESIAN_POINT('',(0.866236247441,0.377944136148));
#3649 = CARTESIAN_POINT('',(0.867232007035,0.378373689428));
#3650 = CARTESIAN_POINT('',(0.870234511847,0.379650489075));
#3651 = CARTESIAN_POINT('',(0.872248033008,0.380482082368));
#3652 = CARTESIAN_POINT('',(0.874270437273,0.38129274021));
#3653 = CARTESIAN_POINT('',(0.876301580034,0.382082378714));
#3654 = CARTESIAN_POINT('',(0.878341298287,0.382850950802));
#3655 = CARTESIAN_POINT('',(0.880389410631,0.383598446204));
#3656 = CARTESIAN_POINT('',(0.882445717267,0.384324891462));
#3657 = CARTESIAN_POINT('',(0.890634389103,0.387123379934));
#3658 = CARTESIAN_POINT('',(0.896829478638,0.389031675419));
#3659 = CARTESIAN_POINT('',(0.903089422243,0.390756941454));
#3660 = CARTESIAN_POINT('',(0.909405855869,0.392304331434));
#3661 = CARTESIAN_POINT('',(0.915773765247,0.393679120934));
#3662 = CARTESIAN_POINT('',(0.922186548581,0.394891009974));
#3663 = CARTESIAN_POINT('',(0.928633132593,0.39595395801));
#3664 = CARTESIAN_POINT('',(0.938225144376,0.397310163631));
#3665 = CARTESIAN_POINT('',(0.941347395145,0.397715965152));
#3666 = CARTESIAN_POINT('',(0.944475772332,0.398090106999));
#3667 = CARTESIAN_POINT('',(0.947609719754,0.398431727121));
#3668 = CARTESIAN_POINT('',(0.950748811465,0.398739645364));
#3669 = CARTESIAN_POINT('',(0.953892512426,0.399014710081));
#3670 = CARTESIAN_POINT('',(0.957039993386,0.399260700966));
#3671 = CARTESIAN_POINT('',(0.963373457351,0.399708872512));
#3672 = CARTESIAN_POINT('',(0.966559804158,0.399909203589));
#3673 = CARTESIAN_POINT('',(0.969748422714,0.400088334406));
#3674 = CARTESIAN_POINT('',(0.972938781428,0.400249798011));
#3675 = CARTESIAN_POINT('',(0.97613043482,0.400397107467));
#3676 = CARTESIAN_POINT('',(0.979323023527,0.400533755848));
#3677 = CARTESIAN_POINT('',(0.982516274299,0.40066321624));
#3678 = CARTESIAN_POINT('',(0.987495589022,0.400859238858));
#3679 = CARTESIAN_POINT('',(0.989281309476,0.40092827928));
#3680 = CARTESIAN_POINT('',(0.991067209379,0.400994778785));
#3681 = CARTESIAN_POINT('',(0.992853321301,0.401057435108));
#3682 = CARTESIAN_POINT('',(0.994639662367,0.40111492794));
#3683 = CARTESIAN_POINT('',(0.996426234256,0.401165918925));
#3684 = CARTESIAN_POINT('',(0.998213023204,0.401209051667));
#3685 = CARTESIAN_POINT('',(1.,0.401242951724));
#3686 = ( GEOMETRIC_REPRESENTATION_CONTEXT(2) 
PARAMETRIC_REPRESENTATION_CONTEXT() REPRESENTATION_CONTEXT('2D SPACE',''
  ) );
#3687 = FACE_BOUND('',#3688,.F.);
#3688 = EDGE_LOOP('',(#3689));
#3689 = ORIENTED_EDGE('',*,*,#3690,.F.);
#3690 = EDGE_CURVE('',#3691,#3691,#3693,.T.);
#3691 = VERTEX_POINT('',#3692);
#3692 = CARTESIAN_POINT('',(-4.37356061178E-02,-0.3,0.178195714439));
#3693 = SURFACE_CURVE('',#3694,(#3954,#4217),.PCURVE_S1.);
#3694 = B_SPLINE_CURVE_WITH_KNOTS('',8,(#3695,#3696,#3697,#3698,#3699,
    #3700,#3701,#3702,#3703,#3704,#3705,#3706,#3707,#3708,#3709,#3710,
    #3711,#3712,#3713,#3714,#3715,#3716,#3717,#3718,#3719,#3720,#3721,
    #3722,#3723,#3724,#3725,#3726,#3727,#3728,#3729,#3730,#3731,#3732,
    #3733,#3734,#3735,#3736,#3737,#3738,#3739,#3740,#3741,#3742,#3743,
    #3744,#3745,#3746,#3747,#3748,#3749,#3750,#3751,#3752,#3753,#3754,
    #3755,#3756,#3757,#3758,#3759,#3760,#3761,#3762,#3763,#3764,#3765,
    #3766,#3767,#3768,#3769,#3770,#3771,#3772,#3773,#3774,#3775,#3776,
    #3777,#3778,#3779,#3780,#3781,#3782,#3783,#3784,#3785,#3786,#3787,
    #3788,#3789,#3790,#3791,#3792,#3793,#3794,#3795,#3796,#3797,#3798,
    #3799,#3800,#3801,#3802,#3803,#3804,#3805,#3806,#3807,#3808,#3809,
    #3810,#3811,#3812,#3813,#3814,#3815,#3816,#3817,#3818,#3819,#3820,
    #3821,#3822,#3823,#3824,#3825,#3826,#3827,#3828,#3829,#3830,#3831,
    #3832,#3833,#3834,#3835,#3836,#3837,#3838,#3839,#3840,#3841,#3842,
    #3843,#3844,#3845,#3846,#3847,#3848,#3849,#3850,#3851,#3852,#3853,
    #3854,#3855,#3856,#3857,#3858,#3859,#3860,#3861,#3862,#3863,#3864,
    #3865,#3866,#3867,#3868,#3869,#3870,#3871,#3872,#3873,#3874,#3875,
    #3876,#3877,#3878,#3879,#3880,#3881,#3882,#3883,#3884,#3885,#3886,
    #3887,#3888,#3889,#3890,#3891,#3892,#3893,#3894,#3895,#3896,#3897,
    #3898,#3899,#3900,#3901,#3902,#3903,#3904,#3905,#3906,#3907,#3908,
    #3909,#3910,#3911,#3912,#3913,#3914,#3915,#3916,#3917,#3918,#3919,
    #3920,#3921,#3922,#3923,#3924,#3925,#3926,#3927,#3928,#3929,#3930,
    #3931,#3932,#3933,#3934,#3935,#3936,#3937,#3938,#3939,#3940,#3941,
    #3942,#3943,#3944,#3945,#3946,#3947,#3948,#3949,#3950,#3951,#3952,
    #3953),.UNSPECIFIED.,.T.,.F.,(9,7,7,7,7,7,7,7,7,7,7,7,7,7,7,8,7,7,8,
    8,7,7,7,7,7,7,7,7,7,7,7,8,8,7,7,7,9),(0.,1.388865837853E-02,
    4.692127757471E-02,8.26045043154E-02,0.105104141457,0.125350802993,
    0.18257628304,0.246759771492,0.304601935823,0.340450263447,
    0.365031913074,0.400217221416,0.432992606995,0.473941480699,
    0.524007410328,0.57191827235,0.585806930729,0.598273604453,
    0.613296335051,0.627184993429,0.641073651808,0.650236445105,
    0.678811686269,0.704889069759,0.718570745118,0.741862080348,
    0.773153968402,0.825167198293,0.84929410692,0.895025489035,
    0.91622019552,0.926833352835,0.940722011213,0.954610669592,
    0.965381053432,0.97852330952,1.),.UNSPECIFIED.);
#3695 = CARTESIAN_POINT('',(-4.37356061178E-02,-0.3,0.178195714439));
#3696 = CARTESIAN_POINT('',(-4.373517105476E-02,-0.299242335845,
    0.178181934586));
#3697 = CARTESIAN_POINT('',(-4.374419866927E-02,-0.298484941094,
    0.178163537777));
#3698 = CARTESIAN_POINT('',(-4.376275255029E-02,-0.297727832366,
    0.178142580362));
#3699 = CARTESIAN_POINT('',(-4.379089227068E-02,-0.296971058279,
    0.178121087229));
#3700 = CARTESIAN_POINT('',(-4.382867338716E-02,-0.296214699448,
    0.178101051801));
#3701 = CARTESIAN_POINT('',(-4.387614744031E-02,-0.295458868489,
    0.178084436041));
#3702 = CARTESIAN_POINT('',(-4.393336195459E-02,-0.294703710015,
    0.178073170445));
#3703 = CARTESIAN_POINT('',(-4.415966181053E-02,-0.292155356578,
    0.178059503221));
#3704 = CARTESIAN_POINT('',(-4.437424857135E-02,-0.290367172306,
    0.178089043548));
#3705 = CARTESIAN_POINT('',(-4.46433270934E-02,-0.288588008347,
    0.178149133825));
#3706 = CARTESIAN_POINT('',(-4.49660882113E-02,-0.286820566149,
    0.178232042764));
#3707 = CARTESIAN_POINT('',(-4.534170722163E-02,-0.285067088091,
    0.178330948999));
#3708 = CARTESIAN_POINT('',(-4.576934388302E-02,-0.283329357477,
    0.178439941083));
#3709 = CARTESIAN_POINT('',(-4.624814241607E-02,-0.281608698539,
    0.178554017491));
#3710 = CARTESIAN_POINT('',(-4.734882866465E-02,-0.278066638075,
    0.178793350142));
#3711 = CARTESIAN_POINT('',(-4.797910664989E-02,-0.276248809166,
    0.178919199307));
#3712 = CARTESIAN_POINT('',(-4.86669437307E-02,-0.274455393049,
    0.179049724192));
#3713 = CARTESIAN_POINT('',(-4.941100664044E-02,-0.272689224267,
    0.179187764227));
#3714 = CARTESIAN_POINT('',(-5.020975057416E-02,-0.270953068565,
    0.179335908184));
#3715 = CARTESIAN_POINT('',(-5.106141918871E-02,-0.269249622891,
    0.179496494185));
#3716 = CARTESIAN_POINT('',(-5.196404460264E-02,-0.267581515392,
    0.179671609696));
#3717 = CARTESIAN_POINT('',(-5.351534106639E-02,-0.264923395864,
    0.179983839455));
#3718 = CARTESIAN_POINT('',(-5.413462928853E-02,-0.263910546654,
    0.180111081359));
#3719 = CARTESIAN_POINT('',(-5.477278999634E-02,-0.26291330355,
    0.180244872791));
#3720 = CARTESIAN_POINT('',(-5.542928391866E-02,-0.261932191333,
    0.180385273493));
#3721 = CARTESIAN_POINT('',(-5.610355457955E-02,-0.260967713804,
    0.180532347398));
#3722 = CARTESIAN_POINT('',(-5.679502829825E-02,-0.260020353778,
    0.180686162631));
#3723 = CARTESIAN_POINT('',(-5.750311418923E-02,-0.259090573089,
    0.180846791504));
#3724 = CARTESIAN_POINT('',(-5.887878832086E-02,-0.257358350267,
    0.18116505515));
#3725 = CARTESIAN_POINT('',(-5.954333470457E-02,-0.256552479579,
    0.181321374339));
#3726 = CARTESIAN_POINT('',(-6.022040029927E-02,-0.255761521962,
    0.181483324129));
#3727 = CARTESIAN_POINT('',(-6.090953408771E-02,-0.254985784648,
    0.181650957409));
#3728 = CARTESIAN_POINT('',(-6.161027704941E-02,-0.254225560658,
    0.181824323924));
#3729 = CARTESIAN_POINT('',(-6.232216216063E-02,-0.253481128805,
    0.182003470275));
#3730 = CARTESIAN_POINT('',(-6.304471439438E-02,-0.252752753693,
    0.182188439918));
#3731 = CARTESIAN_POINT('',(-6.584841941008E-02,-0.25002801685,
    0.182918577343));
#3732 = CARTESIAN_POINT('',(-6.800087116501E-02,-0.248145815907,
    0.183504888699));
#3733 = CARTESIAN_POINT('',(-7.022409479938E-02,-0.246398889684,
    0.184137134453));
#3734 = CARTESIAN_POINT('',(-7.250745643039E-02,-0.244791217237,
    0.18481397761));
#3735 = CARTESIAN_POINT('',(-7.48403994783E-02,-0.243325949873,
    0.185533816954));
#3736 = CARTESIAN_POINT('',(-7.721244466641E-02,-0.242005411157,
    0.18629478705));
#3737 = CARTESIAN_POINT('',(-7.961319002107E-02,-0.240831096907,
    0.187094758243));
#3738 = CARTESIAN_POINT('',(-8.474559179959E-02,-0.23865142256,
    0.188869687754));
#3739 = CARTESIAN_POINT('',(-8.748236479465E-02,-0.237684043493,
    0.189854269764));
#3740 = CARTESIAN_POINT('',(-9.022811710953E-02,-0.236902896046,
    0.190881427382));
#3741 = CARTESIAN_POINT('',(-9.296825382964E-02,-0.236308492649,
    0.191948137719));
#3742 = CARTESIAN_POINT('',(-9.568921286826E-02,-0.235900014767,
    0.193050188856));
#3743 = CARTESIAN_POINT('',(-9.837898737346E-02,-0.235675137977,
    0.194181537284));
#3744 = CARTESIAN_POINT('',(-0.101027055547,-0.235630167451,
    0.195334844215));
#3745 = CARTESIAN_POINT('',(-0.105963854395,-0.235877899232,
    0.197556053783));
#3746 = CARTESIAN_POINT('',(-0.108262519321,-0.236137642241,
    0.198621106979));
#3747 = CARTESIAN_POINT('',(-0.110513401753,-0.236536040138,
    0.199692759487));
#3748 = CARTESIAN_POINT('',(-0.112710716249,-0.237068974623,
    0.200765681063));
#3749 = CARTESIAN_POINT('',(-0.114850677918,-0.237731158892,
    0.201833764795));
#3750 = CARTESIAN_POINT('',(-0.116931753829,-0.238516062284,
    0.202890153744));
#3751 = CARTESIAN_POINT('',(-0.118953690745,-0.239416482537,
    0.203928331568));
#3752 = CARTESIAN_POINT('',(-0.122131116544,-0.241051236608,
    0.205573855331));
#3753 = CARTESIAN_POINT('',(-0.123323728964,-0.241718480488,
    0.206194794961));
#3754 = CARTESIAN_POINT('',(-0.12449316558,-0.242425733386,
    0.206805850887));
#3755 = CARTESIAN_POINT('',(-0.125639349382,-0.243171229693,
    0.207405968521));
#3756 = CARTESIAN_POINT('',(-0.126762117186,-0.243953202091,
    0.207994283803));
#3757 = CARTESIAN_POINT('',(-0.127861219641,-0.244769881551,
    0.208570123199));
#3758 = CARTESIAN_POINT('',(-0.128936321225,-0.245619497335,0.2091330037
    ));
#3759 = CARTESIAN_POINT('',(-0.130707446935,-0.247104251434,
    0.210059532817));
#3760 = CARTESIAN_POINT('',(-0.131416368525,-0.247722899559,
    0.21043021741));
#3761 = CARTESIAN_POINT('',(-0.132113596005,-0.248355662995,
    0.210794608504));
#3762 = CARTESIAN_POINT('',(-0.132798914527,-0.249001998638,
    0.211152678902));
#3763 = CARTESIAN_POINT('',(-0.133472063406,-0.249661378655,
    0.211504452318));
#3764 = CARTESIAN_POINT('',(-0.134132736124,-0.250333290488,
    0.211850003371));
#3765 = CARTESIAN_POINT('',(-0.134780580325,-0.251017236851,
    0.212189457591));
#3766 = CARTESIAN_POINT('',(-0.136323599823,-0.252708227094,
    0.213000381819));
#3767 = CARTESIAN_POINT('',(-0.13720466086,-0.253727512958,
    0.213465803013));
#3768 = CARTESIAN_POINT('',(-0.138058182363,-0.254768773028,
    0.213919061961));
#3769 = CARTESIAN_POINT('',(-0.13888405594,-0.255830229123,
    0.214359971638));
#3770 = CARTESIAN_POINT('',(-0.139682263375,-0.256910145169,
    0.214788351033));
#3771 = CARTESIAN_POINT('',(-0.140452876629,-0.258006827202,
    0.215204025146));
#3772 = CARTESIAN_POINT('',(-0.141196057838,-0.259118623366,
    0.215606824988));
#3773 = CARTESIAN_POINT('',(-0.142579071495,-0.261292135746,
    0.216359601487));
#3774 = CARTESIAN_POINT('',(-0.143222233246,-0.262352106095,
    0.216711452137));
#3775 = CARTESIAN_POINT('',(-0.143842250331,-0.263422523235,
    0.217051677778));
#3776 = CARTESIAN_POINT('',(-0.144439235196,-0.26450223523,0.21738023808
    ));
#3777 = CARTESIAN_POINT('',(-0.145013146692,-0.265590185851,
    0.217697213613));
#3778 = CARTESIAN_POINT('',(-0.145564229796,-0.266685350482,
    0.218002505328));
#3779 = CARTESIAN_POINT('',(-0.146093455322,-0.267786672037,
    0.218295534035));
#3780 = CARTESIAN_POINT('',(-0.14723942128,-0.27027524437,0.218924096699
    ));
#3781 = CARTESIAN_POINT('',(-0.14784455466,-0.27166537734,0.219252301802
    ));
#3782 = CARTESIAN_POINT('',(-0.148420852722,-0.273061529619,
    0.219558041082));
#3783 = CARTESIAN_POINT('',(-0.148970929344,-0.274462165318,
    0.219839641874));
#3784 = CARTESIAN_POINT('',(-0.149497519341,-0.275866078805,
    0.220095272964));
#3785 = CARTESIAN_POINT('',(-0.150003478473,-0.277272394718,
    0.220322944582));
#3786 = CARTESIAN_POINT('',(-0.15049178344,-0.278680567952,
    0.220520508409));
#3787 = CARTESIAN_POINT('',(-0.151544773778,-0.281814082907,
    0.220887571066));
#3788 = CARTESIAN_POINT('',(-0.15210221899,-0.283540257761,
    0.221041065055));
#3789 = CARTESIAN_POINT('',(-0.152634771263,-0.285270664844,
    0.221148587671));
#3790 = CARTESIAN_POINT('',(-0.153139364493,-0.287007493103,
    0.221212687796));
#3791 = CARTESIAN_POINT('',(-0.153612542999,-0.288753095059,
    0.22123622486));
#3792 = CARTESIAN_POINT('',(-0.154050041803,-0.290509718046,
    0.221222578641));
#3793 = CARTESIAN_POINT('',(-0.154446366901,-0.292279235446,
    0.221175859058));
#3794 = CARTESIAN_POINT('',(-0.155127422266,-0.295769739948,
    0.221029571327));
#3795 = CARTESIAN_POINT('',(-0.15541620184,-0.297489439848,
    0.220932405915));
#3796 = CARTESIAN_POINT('',(-0.155669192064,-0.299219566859,
    0.220802724783));
#3797 = CARTESIAN_POINT('',(-0.15589676805,-0.300958679925,
    0.220632435711));
#3798 = CARTESIAN_POINT('',(-0.156109751306,-0.30270580455,
    0.220413351425));
#3799 = CARTESIAN_POINT('',(-0.156317958819,-0.30445992964,
    0.220138291805));
#3800 = CARTESIAN_POINT('',(-0.156528752143,-0.306219504341,
    0.219802186092));
#3801 = CARTESIAN_POINT('',(-0.15674558648,-0.307981934886,
    0.219403175101));
#3802 = CARTESIAN_POINT('',(-0.156816787561,-0.308560250863,
    0.219272197768));
#3803 = CARTESIAN_POINT('',(-0.156888685973,-0.309138798673,
    0.219134415668));
#3804 = CARTESIAN_POINT('',(-0.156959965498,-0.309717996262,
    0.218990765274));
#3805 = CARTESIAN_POINT('',(-0.157029304975,-0.310298243336,
    0.21884216013));
#3806 = CARTESIAN_POINT('',(-0.15709537829,-0.310879921361,
    0.218689490848));
#3807 = CARTESIAN_POINT('',(-0.157156854386,-0.311463393562,
    0.218533625106));
#3808 = CARTESIAN_POINT('',(-0.157212397255,-0.31204900492,
    0.218375407651));
#3809 = CARTESIAN_POINT('',(-0.157303989627,-0.313164949724,
    0.218072268928));
#3810 = CARTESIAN_POINT('',(-0.157341288629,-0.313694730163,
    0.217927796213));
#3811 = CARTESIAN_POINT('',(-0.157371607945,-0.314226733037,
    0.217782803109));
#3812 = CARTESIAN_POINT('',(-0.157393799815,-0.314761180221,
    0.217638007043));
#3813 = CARTESIAN_POINT('',(-0.157406523715,-0.315298205932,
    0.217494281918));
#3814 = CARTESIAN_POINT('',(-0.157408246362,-0.315837856727,
    0.217352658108));
#3815 = CARTESIAN_POINT('',(-0.157397241712,-0.3163800915,0.217214322462
    ));
#3816 = CARTESIAN_POINT('',(-0.157340711139,-0.317581145372,
    0.216919476359));
#3817 = CARTESIAN_POINT('',(-0.157288164196,-0.318239907186,
    0.216765726136));
#3818 = CARTESIAN_POINT('',(-0.157211040302,-0.318902273112,
    0.216620986202));
#3819 = CARTESIAN_POINT('',(-0.157104718322,-0.319567281859,
    0.216488741539));
#3820 = CARTESIAN_POINT('',(-0.156963722128,-0.320231869636,
    0.21637380523));
#3821 = CARTESIAN_POINT('',(-0.156782576919,-0.320890935126,
    0.216281780156));
#3822 = CARTESIAN_POINT('',(-0.156556665532,-0.321537404465,
    0.216218520683));
#3823 = CARTESIAN_POINT('',(-0.156283084761,-0.322162296215,
    0.216189594353));
#3824 = CARTESIAN_POINT('',(-0.156121728431,-0.322531024338,
    0.216172468962));
#3825 = CARTESIAN_POINT('',(-0.155944229404,-0.322892053267,
    0.21616702246));
#3826 = CARTESIAN_POINT('',(-0.155751390538,-0.323243520105,
    0.216173379096));
#3827 = CARTESIAN_POINT('',(-0.155544319795,-0.323584064874,
    0.216191292308));
#3828 = CARTESIAN_POINT('',(-0.155324329591,-0.323912768074,
    0.216220230901));
#3829 = CARTESIAN_POINT('',(-0.155092836157,-0.324229088237,
    0.216259465239));
#3830 = CARTESIAN_POINT('',(-0.15485125889,-0.324532799489,
    0.216308153429));
#3831 = CARTESIAN_POINT('',(-0.154600919713,-0.324823929106,
    0.216365427504));
#3832 = CARTESIAN_POINT('',(-0.15403915839,-0.325477336833,
    0.216493893211));
#3833 = CARTESIAN_POINT('',(-0.153434565522,-0.32606545756,
    0.216665530503));
#3834 = CARTESIAN_POINT('',(-0.152799492124,-0.326593788219,
    0.216870282045));
#3835 = CARTESIAN_POINT('',(-0.152143650849,-0.327068733614,
    0.217099612195));
#3836 = CARTESIAN_POINT('',(-0.151474174515,-0.327497067418,
    0.21734660884));
#3837 = CARTESIAN_POINT('',(-0.150795674629,-0.327885393168,
    0.217606085245));
#3838 = CARTESIAN_POINT('',(-0.150110299915,-0.328239605265,
    0.217874681893));
#3839 = CARTESIAN_POINT('',(-0.148960930592,-0.32877861823,
    0.218333224339));
#3840 = CARTESIAN_POINT('',(-0.148501699239,-0.32897988133,
    0.218518444886));
#3841 = CARTESIAN_POINT('',(-0.148040575453,-0.329169347095,
    0.218705945606));
#3842 = CARTESIAN_POINT('',(-0.147577969779,-0.329348098083,
    0.218895131185));
#3843 = CARTESIAN_POINT('',(-0.147114228627,-0.329517091575,
    0.219085495355));
#3844 = CARTESIAN_POINT('',(-0.146649634272,-0.329677159581,
    0.219276620905));
#3845 = CARTESIAN_POINT('',(-0.146184404862,-0.329829008834,
    0.219468179671));
#3846 = CARTESIAN_POINT('',(-0.144266323705,-0.330422990181,
    0.220257919824));
#3847 = CARTESIAN_POINT('',(-0.142809731325,-0.330798912571,
    0.220857338145));
#3848 = CARTESIAN_POINT('',(-0.141354487935,-0.331119749778,
    0.221449853643));
#3849 = CARTESIAN_POINT('',(-0.139904443788,-0.331397172195,
    0.222030877946));
#3850 = CARTESIAN_POINT('',(-0.138462419492,-0.3316389886,0.222597578553
    ));
#3851 = CARTESIAN_POINT('',(-0.137030610541,-0.331851153562,
    0.223147640769));
#3852 = CARTESIAN_POINT('',(-0.135610705644,-0.332038552455,
    0.223678781214));
#3853 = CARTESIAN_POINT('',(-0.132919722832,-0.332356074071,
    0.22465464412));
#3854 = CARTESIAN_POINT('',(-0.131646384997,-0.332489881265,
    0.225102833346));
#3855 = CARTESIAN_POINT('',(-0.130384469994,-0.332608687629,
    0.225532049858));
#3856 = CARTESIAN_POINT('',(-0.129134204272,-0.33271462674,
    0.225940706051));
#3857 = CARTESIAN_POINT('',(-0.127895362414,-0.332809373893,
    0.226327114494));
#3858 = CARTESIAN_POINT('',(-0.126667353516,-0.332894256214,
    0.226689444989));
#3859 = CARTESIAN_POINT('',(-0.125449307556,-0.332970362767,
    0.227025681637));
#3860 = CARTESIAN_POINT('',(-0.123605775146,-0.333074480703,
    0.227495121177));
#3861 = CARTESIAN_POINT('',(-0.1229738402,-0.333108153441,0.227648880198
    ));
#3862 = CARTESIAN_POINT('',(-0.122344194146,-0.33313980226,
    0.227794531051));
#3863 = CARTESIAN_POINT('',(-0.12171666722,-0.333169546337,
    0.227931748569));
#3864 = CARTESIAN_POINT('',(-0.121091082674,-0.333197494645,
    0.22806020832));
#3865 = CARTESIAN_POINT('',(-0.120467256779,-0.333223745952,
    0.228179586614));
#3866 = CARTESIAN_POINT('',(-0.119844998823,-0.333248388825,
    0.228289560501));
#3867 = CARTESIAN_POINT('',(-0.118167119362,-0.333310844269,
    0.228560415403));
#3868 = CARTESIAN_POINT('',(-0.117114106049,-0.333345775825,
    0.228703022179));
#3869 = CARTESIAN_POINT('',(-0.116064130931,-0.333376674092,
    0.228815873888));
#3870 = CARTESIAN_POINT('',(-0.115016261274,-0.333403882333,
    0.228897586094));
#3871 = CARTESIAN_POINT('',(-0.113969571852,-0.333427709276,
    0.228947144129));
#3872 = CARTESIAN_POINT('',(-0.112923144949,-0.333448429113,
    0.228963903099));
#3873 = CARTESIAN_POINT('',(-0.111876070357,-0.333466281498,
    0.228947587879));
#3874 = CARTESIAN_POINT('',(-0.109418615802,-0.333501886025,
    0.228832128311));
#3875 = CARTESIAN_POINT('',(-0.108006804377,-0.333517516231,
    0.228706605759));
#3876 = CARTESIAN_POINT('',(-0.106590013603,-0.333528894297,
    0.228522242205));
#3877 = CARTESIAN_POINT('',(-0.105165774961,-0.333536481573,
    0.228281075657));
#3878 = CARTESIAN_POINT('',(-0.103731382694,-0.333540663938,
    0.227986111227));
#3879 = CARTESIAN_POINT('',(-0.102284127578,-0.333541747128,
    0.22764076697));
#3880 = CARTESIAN_POINT('',(-0.100821530703,-0.333539952045,
    0.227248319719));
#3881 = CARTESIAN_POINT('',(-9.68816019945E-02,-0.333527859922,
    0.226085035444));
#3882 = CARTESIAN_POINT('',(-9.43727723372E-02,-0.333512727028,
    0.225235609201));
#3883 = CARTESIAN_POINT('',(-9.180660554017E-02,-0.333490607114,
    0.224275526872));
#3884 = CARTESIAN_POINT('',(-8.917812905859E-02,-0.33346147685,
    0.223213665692));
#3885 = CARTESIAN_POINT('',(-8.649154603874E-02,-0.333424667005,
    0.222053255198));
#3886 = CARTESIAN_POINT('',(-8.376310928987E-02,-0.333378768198,
    0.220791915828));
#3887 = CARTESIAN_POINT('',(-8.102120372553E-02,-0.333321469283,
    0.219423806395));
#3888 = CARTESIAN_POINT('',(-7.704308607576E-02,-0.333215873868,
    0.217257359868));
#3889 = CARTESIAN_POINT('',(-7.578710140398E-02,-0.333179193777,
    0.216546604334));
#3890 = CARTESIAN_POINT('',(-7.453932487673E-02,-0.333138964862,
    0.215810808841));
#3891 = CARTESIAN_POINT('',(-7.33033440382E-02,-0.333094778421,
    0.215049145426));
#3892 = CARTESIAN_POINT('',(-7.208269235914E-02,-0.333046140246,
    0.21426076314));
#3893 = CARTESIAN_POINT('',(-7.088084923677E-02,-0.332992470628,
    0.213444788045));
#3894 = CARTESIAN_POINT('',(-6.970123999485E-02,-0.332933104353,
    0.212600323218));
#3895 = CARTESIAN_POINT('',(-6.635982635326E-02,-0.332742589977,
    0.210070125884));
#3896 = CARTESIAN_POINT('',(-6.426380719935E-02,-0.332594352153,
    0.208308557618));
#3897 = CARTESIAN_POINT('',(-6.228057017349E-02,-0.332417986435,
    0.206435689479));
#3898 = CARTESIAN_POINT('',(-6.042772995824E-02,-0.332205608363,
    0.204446933555));
#3899 = CARTESIAN_POINT('',(-5.871785656448E-02,-0.33194793557,
    0.2023394555));
#3900 = CARTESIAN_POINT('',(-5.71569938963E-02,-0.331632938632,
    0.200113001586));
#3901 = CARTESIAN_POINT('',(-5.574296448358E-02,-0.331241247032,
    0.197771265804));
#3902 = CARTESIAN_POINT('',(-5.387045313998E-02,-0.330505205598,
    0.194189497391));
#3903 = CARTESIAN_POINT('',(-5.33064972673E-02,-0.330248078668,
    0.193032970807));
#3904 = CARTESIAN_POINT('',(-5.277014541463E-02,-0.329963624227,
    0.191854740518));
#3905 = CARTESIAN_POINT('',(-5.225947820116E-02,-0.329646962064,
    0.190656145433));
#3906 = CARTESIAN_POINT('',(-5.177218875798E-02,-0.329292417324,
    0.189439210137));
#3907 = CARTESIAN_POINT('',(-5.13052908222E-02,-0.328892829864,
    0.18820691005));
#3908 = CARTESIAN_POINT('',(-5.085445038192E-02,-0.328437392596,
    0.186963831709));
#3909 = CARTESIAN_POINT('',(-5.019184784419E-02,-0.327642884168,
    0.185093022601));
#3910 = CARTESIAN_POINT('',(-4.997331770104E-02,-0.327359548696,
    0.184468494896));
#3911 = CARTESIAN_POINT('',(-4.975631711846E-02,-0.327055314464,
    0.183844368786));
#3912 = CARTESIAN_POINT('',(-4.953988956452E-02,-0.326727467643,
    0.183221914492));
#3913 = CARTESIAN_POINT('',(-4.932301801916E-02,-0.326372823535,
    0.182603177811));
#3914 = CARTESIAN_POINT('',(-4.9104487694E-02,-0.325987271603,
    0.181991209195));
#3915 = CARTESIAN_POINT('',(-4.888274875211E-02,-0.325565320494,
    0.18139029283));
#3916 = CARTESIAN_POINT('',(-4.865577902785E-02,-0.325099643061,
    0.180806175715));
#3917 = CARTESIAN_POINT('',(-4.84805251947E-02,-0.324740027904,
    0.180355254843));
#3918 = CARTESIAN_POINT('',(-4.830274945204E-02,-0.324355636012,
    0.17991544729));
#3919 = CARTESIAN_POINT('',(-4.812060781112E-02,-0.32394056363,
    0.179489825165));
#3920 = CARTESIAN_POINT('',(-4.793474894726E-02,-0.323496017542,
    0.179078563019));
#3921 = CARTESIAN_POINT('',(-4.774160817483E-02,-0.323008219907,
    0.178696459677));
#3922 = CARTESIAN_POINT('',(-4.754549044678E-02,-0.322489146952,
    0.1783391398));
#3923 = CARTESIAN_POINT('',(-4.734183567008E-02,-0.321920177152,
    0.178032813662));
#3924 = CARTESIAN_POINT('',(-4.713670135836E-02,-0.321317905681,
    0.177772465444));
#3925 = CARTESIAN_POINT('',(-4.695438022499E-02,-0.320782599765,
    0.177541246456));
#3926 = CARTESIAN_POINT('',(-4.677030093917E-02,-0.320219176567,
    0.177347586213));
#3927 = CARTESIAN_POINT('',(-4.658706060757E-02,-0.31963384986,
    0.177194087701));
#3928 = CARTESIAN_POINT('',(-4.640683553514E-02,-0.319032572111,
    0.177079929914));
#3929 = CARTESIAN_POINT('',(-4.623135651053E-02,-0.318420679499,
    0.177001940704));
#3930 = CARTESIAN_POINT('',(-4.60618840915E-02,-0.317802536914,
    0.17695566963));
#3931 = CARTESIAN_POINT('',(-4.589918389031E-02,-0.317181182968,
    0.176936460807));
#3932 = CARTESIAN_POINT('',(-4.562277128593E-02,-0.316074689742,
    0.176943649487));
#3933 = CARTESIAN_POINT('',(-4.550631174901E-02,-0.315590407297,
    0.17696066016));
#3934 = CARTESIAN_POINT('',(-4.539422226736E-02,-0.315105720279,
    0.176989623172));
#3935 = CARTESIAN_POINT('',(-4.528656004827E-02,-0.314621044355,
    0.177028726677));
#3936 = CARTESIAN_POINT('',(-4.51833404874E-02,-0.314136618256,
    0.177076281585));
#3937 = CARTESIAN_POINT('',(-4.508453716875E-02,-0.313652503776,
    0.177130721564));
#3938 = CARTESIAN_POINT('',(-4.49900818647E-02,-0.313168585768,
    0.17719060304));
#3939 = CARTESIAN_POINT('',(-4.478978616602E-02,-0.312093965271,
    0.177332689184));
#3940 = CARTESIAN_POINT('',(-4.468609436608E-02,-0.311503527416,
    0.177416837405));
#3941 = CARTESIAN_POINT('',(-4.458861966731E-02,-0.310912720247,
    0.177504549435));
#3942 = CARTESIAN_POINT('',(-4.449722048019E-02,-0.31032106889,
    0.177593455755));
#3943 = CARTESIAN_POINT('',(-4.441177381021E-02,-0.309728130394,
    0.177681171805));
#3944 = CARTESIAN_POINT('',(-4.433216597358E-02,-0.309133462195,
    0.177765152041));
#3945 = CARTESIAN_POINT('',(-4.425828331294E-02,-0.308536590579,
    0.177842543994));
#3946 = CARTESIAN_POINT('',(-4.407842345848E-02,-0.306957115892,
    0.178020386027));
#3947 = CARTESIAN_POINT('',(-4.398192203132E-02,-0.305970552323,
    0.178105512873));
#3948 = CARTESIAN_POINT('',(-4.390089358635E-02,-0.304979297087,
    0.178166163877));
#3949 = CARTESIAN_POINT('',(-4.383562399211E-02,-0.303985041201,
    0.178204190791));
#3950 = CARTESIAN_POINT('',(-4.378631811384E-02,-0.30298914529,
    0.178222373001));
#3951 = CARTESIAN_POINT('',(-4.375312789632E-02,-0.301992626837,
    0.178224234415));
#3952 = CARTESIAN_POINT('',(-4.373618044679E-02,-0.300996147427,
    0.178213860354));
#3953 = CARTESIAN_POINT('',(-4.37356061178E-02,-0.3,0.178195714439));
#3954 = PCURVE('',#41,#3955);
#3955 = DEFINITIONAL_REPRESENTATION('',(#3956),#4216);
#3956 = B_SPLINE_CURVE_WITH_KNOTS('',8,(#3957,#3958,#3959,#3960,#3961,
    #3962,#3963,#3964,#3965,#3966,#3967,#3968,#3969,#3970,#3971,#3972,
    #3973,#3974,#3975,#3976,#3977,#3978,#3979,#3980,#3981,#3982,#3983,
    #3984,#3985,#3986,#3987,#3988,#3989,#3990,#3991,#3992,#3993,#3994,
    #3995,#3996,#3997,#3998,#3999,#4000,#4001,#4002,#4003,#4004,#4005,
    #4006,#4007,#4008,#4009,#4010,#4011,#4012,#4013,#4014,#4015,#4016,
    #4017,#4018,#4019,#4020,#4021,#4022,#4023,#4024,#4025,#4026,#4027,
    #4028,#4029,#4030,#4031,#4032,#4033,#4034,#4035,#4036,#4037,#4038,
    #4039,#4040,#4041,#4042,#4043,#4044,#4045,#4046,#4047,#4048,#4049,
    #4050,#4051,#4052,#4053,#4054,#4055,#4056,#4057,#4058,#4059,#4060,
    #4061,#4062,#4063,#4064,#4065,#4066,#4067,#4068,#4069,#4070,#4071,
    #4072,#4073,#4074,#4075,#4076,#4077,#4078,#4079,#4080,#4081,#4082,
    #4083,#4084,#4085,#4086,#4087,#4088,#4089,#4090,#4091,#4092,#4093,
    #4094,#4095,#4096,#4097,#4098,#4099,#4100,#4101,#4102,#4103,#4104,
    #4105,#4106,#4107,#4108,#4109,#4110,#4111,#4112,#4113,#4114,#4115,
    #4116,#4117,#4118,#4119,#4120,#4121,#4122,#4123,#4124,#4125,#4126,
    #4127,#4128,#4129,#4130,#4131,#4132,#4133,#4134,#4135,#4136,#4137,
    #4138,#4139,#4140,#4141,#4142,#4143,#4144,#4145,#4146,#4147,#4148,
    #4149,#4150,#4151,#4152,#4153,#4154,#4155,#4156,#4157,#4158,#4159,
    #4160,#4161,#4162,#4163,#4164,#4165,#4166,#4167,#4168,#4169,#4170,
    #4171,#4172,#4173,#4174,#4175,#4176,#4177,#4178,#4179,#4180,#4181,
    #4182,#4183,#4184,#4185,#4186,#4187,#4188,#4189,#4190,#4191,#4192,
    #4193,#4194,#4195,#4196,#4197,#4198,#4199,#4200,#4201,#4202,#4203,
    #4204,#4205,#4206,#4207,#4208,#4209,#4210,#4211,#4212,#4213,#4214,
    #4215),.UNSPECIFIED.,.F.,.F.,(9,7,7,7,7,7,7,7,7,7,7,7,7,7,7,8,7,7,8,
    8,7,7,7,7,7,7,7,7,7,7,7,8,8,7,7,7,9),(0.,1.388865837853E-02,
    4.692127757471E-02,8.26045043154E-02,0.105104141457,0.125350802993,
    0.18257628304,0.246759771492,0.304601935823,0.340450263447,
    0.365031913074,0.400217221416,0.432992606995,0.473941480699,
    0.524007410328,0.57191827235,0.585806930729,0.598273604453,
    0.613296335051,0.627184993429,0.641073651808,0.650236445105,
    0.678811686269,0.704889069759,0.718570745118,0.741862080348,
    0.773153968402,0.825167198293,0.84929410692,0.895025489035,
    0.91622019552,0.926833352835,0.940722011213,0.954610669592,
    0.965381053432,0.97852330952,1.),.UNSPECIFIED.);
#3957 = CARTESIAN_POINT('',(4.692004096925E-02,0.841274986366));
#3958 = CARTESIAN_POINT('',(4.693407496584E-02,0.841063742305));
#3959 = CARTESIAN_POINT('',(4.695821257221E-02,0.840851981194));
#3960 = CARTESIAN_POINT('',(4.699253411914E-02,0.840640013434));
#3961 = CARTESIAN_POINT('',(4.703711701849E-02,0.840428151023));
#3962 = CARTESIAN_POINT('',(4.709203576324E-02,0.84021670756));
#3963 = CARTESIAN_POINT('',(4.715736192747E-02,0.840005998245));
#3964 = CARTESIAN_POINT('',(4.723316416633E-02,0.839796339874));
#3965 = CARTESIAN_POINT('',(4.75248244365E-02,0.839092638087));
#3966 = CARTESIAN_POINT('',(4.778963923479E-02,0.838605042539));
#3967 = CARTESIAN_POINT('',(4.811266804351E-02,0.838125526452));
#3968 = CARTESIAN_POINT('',(4.849265168294E-02,0.837654264709));
#3969 = CARTESIAN_POINT('',(4.892835636104E-02,0.837191344832));
#3970 = CARTESIAN_POINT('',(4.941857367348E-02,0.836736766977));
#3971 = CARTESIAN_POINT('',(4.996212060367E-02,0.836290443938));
#3972 = CARTESIAN_POINT('',(5.120139305111E-02,0.835378809003));
#3973 = CARTESIAN_POINT('',(5.190596026038E-02,0.834914939988));
#3974 = CARTESIAN_POINT('',(5.267193392484E-02,0.834460257812));
#3975 = CARTESIAN_POINT('',(5.34994165447E-02,0.83401452808));
#3976 = CARTESIAN_POINT('',(5.438822034605E-02,0.833577618279));
#3977 = CARTESIAN_POINT('',(5.533786728089E-02,0.833149497784));
#3978 = CARTESIAN_POINT('',(5.634758902707E-02,0.832730237855));
#3979 = CARTESIAN_POINT('',(5.80902137298E-02,0.832061343479));
#3980 = CARTESIAN_POINT('',(5.878756205746E-02,0.831806264259));
#3981 = CARTESIAN_POINT('',(5.95079229216E-02,0.831554896376));
#3982 = CARTESIAN_POINT('',(6.025082621491E-02,0.831307360133));
#3983 = CARTESIAN_POINT('',(6.101578077251E-02,0.83106377375));
#3984 = CARTESIAN_POINT('',(6.180227437194E-02,0.830824253355));
#3985 = CARTESIAN_POINT('',(6.260977373313E-02,0.830588912989));
#3986 = CARTESIAN_POINT('',(6.418276924601E-02,0.83014995204));
#3987 = CARTESIAN_POINT('',(6.494437455844E-02,0.829945514607));
#3988 = CARTESIAN_POINT('',(6.572213617842E-02,0.829744634044));
#3989 = CARTESIAN_POINT('',(6.651563578375E-02,0.829547390295));
#3990 = CARTESIAN_POINT('',(6.732444100739E-02,0.829353861511));
#3991 = CARTESIAN_POINT('',(6.814810543745E-02,0.829164124047));
#3992 = CARTESIAN_POINT('',(6.898616861719E-02,0.828978252466));
#3993 = CARTESIAN_POINT('',(7.224615626555E-02,0.828281957279));
#3994 = CARTESIAN_POINT('',(7.476556319979E-02,0.827799419224));
#3995 = CARTESIAN_POINT('',(7.738513806376E-02,0.827351591281));
#3996 = CARTESIAN_POINT('',(8.009342431371E-02,0.826940606156));
#3997 = CARTESIAN_POINT('',(8.287874764607E-02,0.826567843356));
#3998 = CARTESIAN_POINT('',(8.572921599748E-02,0.826233929188));
#3999 = CARTESIAN_POINT('',(8.863271954478E-02,0.825938736757));
#4000 = CARTESIAN_POINT('',(9.487915567861E-02,0.825392905607));
#4001 = CARTESIAN_POINT('',(9.823304848601E-02,0.825152551641));
#4002 = CARTESIAN_POINT('',(0.101621290098,0.824959908523));
#4003 = CARTESIAN_POINT('',(0.105025915911,0.824813937089));
#4004 = CARTESIAN_POINT('',(0.1084296024,0.824713662198));
#4005 = CARTESIAN_POINT('',(0.111816335045,0.824658386396));
#4006 = CARTESIAN_POINT('',(0.115171457503,0.824647429635));
#4007 = CARTESIAN_POINT('',(0.121463788973,0.824708221273));
#4008 = CARTESIAN_POINT('',(0.124409861554,0.824771996154));
#4009 = CARTESIAN_POINT('',(0.127310254774,0.824869935067));
#4010 = CARTESIAN_POINT('',(0.130156207917,0.825001071693));
#4011 = CARTESIAN_POINT('',(0.132941588878,0.825164449866));
#4012 = CARTESIAN_POINT('',(0.135663488935,0.825359125959));
#4013 = CARTESIAN_POINT('',(0.138321087979,0.825583981801));
#4014 = CARTESIAN_POINT('',(0.142519110734,0.825994382903));
#4015 = CARTESIAN_POINT('',(0.144100067027,0.826162392857));
#4016 = CARTESIAN_POINT('',(0.14565568995,0.826341025608));
#4017 = CARTESIAN_POINT('',(0.147185934977,0.8265298908));
#4018 = CARTESIAN_POINT('',(0.148690682198,0.826728560076));
#4019 = CARTESIAN_POINT('',(0.150169736319,0.82693656708));
#4020 = CARTESIAN_POINT('',(0.151622826657,0.827153407454));
#4021 = CARTESIAN_POINT('',(0.154027940577,0.827532914978));
#4022 = CARTESIAN_POINT('',(0.154993824493,0.827691191509));
#4023 = CARTESIAN_POINT('',(0.155947098531,0.827853192627));
#4024 = CARTESIAN_POINT('',(0.156887528107,0.82801873673));
#4025 = CARTESIAN_POINT('',(0.157814804418,0.82818763642));
#4026 = CARTESIAN_POINT('',(0.158728544442,0.828359698502));
#4027 = CARTESIAN_POINT('',(0.159628290938,0.828534723986));
#4028 = CARTESIAN_POINT('',(0.16178062427,0.828966984174));
#4029 = CARTESIAN_POINT('',(0.16301765352,0.829227090831));
#4030 = CARTESIAN_POINT('',(0.164224242591,0.829492352258));
#4031 = CARTESIAN_POINT('',(0.165400110234,0.829762310688));
#4032 = CARTESIAN_POINT('',(0.166545051555,0.830036526386));
#4033 = CARTESIAN_POINT('',(0.167658938016,0.83031457765));
#4034 = CARTESIAN_POINT('',(0.168741717431,0.830596060811));
#4035 = CARTESIAN_POINT('',(0.170773080281,0.83114563763));
#4036 = CARTESIAN_POINT('',(0.171725663674,0.831413299424));
#4037 = CARTESIAN_POINT('',(0.172651369435,0.831683336627));
#4038 = CARTESIAN_POINT('',(0.173550220808,0.831955454905));
#4039 = CARTESIAN_POINT('',(0.17442220535,0.832229357425));
#4040 = CARTESIAN_POINT('',(0.175267421275,0.832504797713));
#4041 = CARTESIAN_POINT('',(0.176086223798,0.83278163251));
#4042 = CARTESIAN_POINT('',(0.177870274404,0.833407494327));
#4043 = CARTESIAN_POINT('',(0.178820930708,0.833757250348));
#4044 = CARTESIAN_POINT('',(0.179732250827,0.834108995263));
#4045 = CARTESIAN_POINT('',(0.180605193447,0.834462685759));
#4046 = CARTESIAN_POINT('',(0.18144076551,0.834818382628));
#4047 = CARTESIAN_POINT('',(0.18224002221,0.83517625077));
#4048 = CARTESIAN_POINT('',(0.183004066998,0.835536559189));
#4049 = CARTESIAN_POINT('',(0.184626574544,0.836343653431));
#4050 = CARTESIAN_POINT('',(0.18546817363,0.836791843416));
#4051 = CARTESIAN_POINT('',(0.18625433589,0.83724499026));
#4052 = CARTESIAN_POINT('',(0.186980516256,0.837703995597));
#4053 = CARTESIAN_POINT('',(0.187641606261,0.838169871268));
#4054 = CARTESIAN_POINT('',(0.18823140276,0.838643687208));
#4055 = CARTESIAN_POINT('',(0.188742076656,0.839126519331));
#4056 = CARTESIAN_POINT('',(0.189567097895,0.840091043984));
#4057 = CARTESIAN_POINT('',(0.189888939099,0.840571878334));
#4058 = CARTESIAN_POINT('',(0.190142594208,0.841058331536));
#4059 = CARTESIAN_POINT('',(0.190345273358,0.84154639588));
#4060 = CARTESIAN_POINT('',(0.190515411561,0.842031989021));
#4061 = CARTESIAN_POINT('',(0.190670112425,0.842511318127));
#4062 = CARTESIAN_POINT('',(0.19082259187,0.842981244031));
#4063 = CARTESIAN_POINT('',(0.19097962184,0.843439645386));
#4064 = CARTESIAN_POINT('',(0.191031231813,0.843590048029));
#4065 = CARTESIAN_POINT('',(0.191083424768,0.84373916998));
#4066 = CARTESIAN_POINT('',(0.191133951602,0.843887401541));
#4067 = CARTESIAN_POINT('',(0.191180552785,0.8440351187));
#4068 = CARTESIAN_POINT('',(0.19122095835,0.844182683128));
#4069 = CARTESIAN_POINT('',(0.191252887901,0.844330442179));
#4070 = CARTESIAN_POINT('',(0.191274050608,0.844478728889));
#4071 = CARTESIAN_POINT('',(0.191289403249,0.844761727567));
#4072 = CARTESIAN_POINT('',(0.191285880878,0.844896286027));
#4073 = CARTESIAN_POINT('',(0.191269920707,0.845031786812));
#4074 = CARTESIAN_POINT('',(0.191239566174,0.845168484709));
#4075 = CARTESIAN_POINT('',(0.191192561537,0.845306639843));
#4076 = CARTESIAN_POINT('',(0.191126351875,0.845446517669));
#4077 = CARTESIAN_POINT('',(0.191038083091,0.84558838898));
#4078 = CARTESIAN_POINT('',(0.190787907027,0.845906217386));
#4079 = CARTESIAN_POINT('',(0.190614117691,0.846082970927));
#4080 = CARTESIAN_POINT('',(0.190398294554,0.846263565309));
#4081 = CARTESIAN_POINT('',(0.190133005629,0.846448491644));
#4082 = CARTESIAN_POINT('',(0.189809806837,0.846637841164));
#4083 = CARTESIAN_POINT('',(0.189420722549,0.84683118901));
#4084 = CARTESIAN_POINT('',(0.188959726138,0.847027478016));
#4085 = CARTESIAN_POINT('',(0.18842422052,0.8472249025));
#4086 = CARTESIAN_POINT('',(0.188108358242,0.847341383873));
#4087 = CARTESIAN_POINT('',(0.187767321429,0.847458140437));
#4088 = CARTESIAN_POINT('',(0.187402888036,0.847574569599));
#4089 = CARTESIAN_POINT('',(0.187017266781,0.847690148903));
#4090 = CARTESIAN_POINT('',(0.186612930028,0.847804436366));
#4091 = CARTESIAN_POINT('',(0.186192446678,0.847917070811));
#4092 = CARTESIAN_POINT('',(0.185758315063,0.848027772202));
#4093 = CARTESIAN_POINT('',(0.185312795829,0.848136341976));
#4094 = CARTESIAN_POINT('',(0.184313038094,0.848379998147));
#4095 = CARTESIAN_POINT('',(0.18325830125,0.848612262662));
#4096 = CARTESIAN_POINT('',(0.182169290899,0.848832539838));
#4097 = CARTESIAN_POINT('',(0.181061538777,0.849040936448));
#4098 = CARTESIAN_POINT('',(0.179945818925,0.849238089184));
#4099 = CARTESIAN_POINT('',(0.178828563862,0.849424992125));
#4100 = CARTESIAN_POINT('',(0.177712280757,0.849602824204));
#4101 = CARTESIAN_POINT('',(0.175859499445,0.849884904443));
#4102 = CARTESIAN_POINT('',(0.175124187147,0.849993458978));
#4103 = CARTESIAN_POINT('',(0.174390578788,0.850098682107));
#4104 = CARTESIAN_POINT('',(0.17365913233,0.850200794665));
#4105 = CARTESIAN_POINT('',(0.172930215615,0.850299996501));
#4106 = CARTESIAN_POINT('',(0.172204106368,0.850396466468));
#4107 = CARTESIAN_POINT('',(0.171480992198,0.85049036243));
#4108 = CARTESIAN_POINT('',(0.168515503867,0.850867051648));
#4109 = CARTESIAN_POINT('',(0.166300810254,0.851128616945));
#4110 = CARTESIAN_POINT('',(0.164121250145,0.851370794499));
#4111 = CARTESIAN_POINT('',(0.161979247921,0.851596380479));
#4112 = CARTESIAN_POINT('',(0.159876109138,0.851807328453));
#4113 = CARTESIAN_POINT('',(0.157812497877,0.852005146778));
#4114 = CARTESIAN_POINT('',(0.155788574263,0.852191054791));
#4115 = CARTESIAN_POINT('',(0.1519925066,0.852525460174));
#4116 = CARTESIAN_POINT('',(0.150213678104,0.852675838833));
#4117 = CARTESIAN_POINT('',(0.148466870395,0.852817712579));
#4118 = CARTESIAN_POINT('',(0.146751057717,0.852951604675));
#4119 = CARTESIAN_POINT('',(0.145064743911,0.853077904391));
#4120 = CARTESIAN_POINT('',(0.143406081506,0.853196888559));
#4121 = CARTESIAN_POINT('',(0.141772990806,0.853308743127));
#4122 = CARTESIAN_POINT('',(0.139318732442,0.85346858957));
#4123 = CARTESIAN_POINT('',(0.138480621721,0.853521665761));
#4124 = CARTESIAN_POINT('',(0.137648617799,0.853572827647));
#4125 = CARTESIAN_POINT('',(0.136822391306,0.853622086307));
#4126 = CARTESIAN_POINT('',(0.136001612527,0.853669449538));
#4127 = CARTESIAN_POINT('',(0.135185951402,0.853714921849));
#4128 = CARTESIAN_POINT('',(0.134375077523,0.853758504462));
#4129 = CARTESIAN_POINT('',(0.132195828524,0.853871161429));
#4130 = CARTESIAN_POINT('',(0.130835909089,0.85393667541));
#4131 = CARTESIAN_POINT('',(0.129487325979,0.85399670231));
#4132 = CARTESIAN_POINT('',(0.128148561522,0.85405123836));
#4133 = CARTESIAN_POINT('',(0.126818156228,0.854100310968));
#4134 = CARTESIAN_POINT('',(0.125494708791,0.854143978724));
#4135 = CARTESIAN_POINT('',(0.124176876083,0.854182331395));
#4136 = CARTESIAN_POINT('',(0.12109867284,0.854260048663));
#4137 = CARTESIAN_POINT('',(0.119341550613,0.854295265069));
#4138 = CARTESIAN_POINT('',(0.11758908719,0.854321475086));
#4139 = CARTESIAN_POINT('',(0.115837918267,0.854339182744));
#4140 = CARTESIAN_POINT('',(0.114084508813,0.854348985155));
#4141 = CARTESIAN_POINT('',(0.112325427341,0.854351497502));
#4142 = CARTESIAN_POINT('',(0.110557620199,0.85434727803));
#4143 = CARTESIAN_POINT('',(0.105821732398,0.854319261879));
#4144 = CARTESIAN_POINT('',(0.102832978837,0.854284360962));
#4145 = CARTESIAN_POINT('',(9.980213511194E-02,0.85423408778));
#4146 = CARTESIAN_POINT('',(9.672393545089E-02,0.854169685648));
#4147 = CARTESIAN_POINT('',(9.360391215246E-02,0.854091325003));
#4148 = CARTESIAN_POINT('',(9.046098103803E-02,0.853998120885));
#4149 = CARTESIAN_POINT('',(8.732683855672E-02,0.8538884466));
#4150 = CARTESIAN_POINT('',(8.2811335361E-02,0.853701211578));
#4151 = CARTESIAN_POINT('',(8.139041082923E-02,0.853637940112));
#4152 = CARTESIAN_POINT('',(7.99833052204E-02,0.853570526971));
#4153 = CARTESIAN_POINT('',(7.859382506484E-02,0.853498754644));
#4154 = CARTESIAN_POINT('',(7.722567515198E-02,0.853422390288));
#4155 = CARTESIAN_POINT('',(7.588245853032E-02,0.853341185734));
#4156 = CARTESIAN_POINT('',(7.456767650745E-02,0.853254877487));
#4157 = CARTESIAN_POINT('',(7.085291704921E-02,0.852989410381));
#4158 = CARTESIAN_POINT('',(6.853487035286E-02,0.852796248105));
#4159 = CARTESIAN_POINT('',(6.635215019894E-02,0.852581973955));
#4160 = CARTESIAN_POINT('',(6.432192288289E-02,0.8523443002));
#4161 = CARTESIAN_POINT('',(6.245588340826E-02,0.852080878831));
#4162 = CARTESIAN_POINT('',(6.075892174245E-02,0.851789000722));
#4163 = CARTESIAN_POINT('',(5.922753127744E-02,0.851464492442));
#4164 = CARTESIAN_POINT('',(5.720857433038E-02,0.850930792398));
#4165 = CARTESIAN_POINT('',(5.660197154965E-02,0.850753158047));
#4166 = CARTESIAN_POINT('',(5.602653612112E-02,0.850566152466));
#4167 = CARTESIAN_POINT('',(5.548019789723E-02,0.850368687137));
#4168 = CARTESIAN_POINT('',(5.496050302706E-02,0.85015953413));
#4169 = CARTESIAN_POINT('',(5.446431286118E-02,0.849937170495));
#4170 = CARTESIAN_POINT('',(5.398713034959E-02,0.849699273132));
#4171 = CARTESIAN_POINT('',(5.328916037043E-02,0.849312956099));
#4172 = CARTESIAN_POINT('',(5.305953579577E-02,0.849179298241));
#4173 = CARTESIAN_POINT('',(5.283211925664E-02,0.849040260091));
#4174 = CARTESIAN_POINT('',(5.260593418905E-02,0.848895260476));
#4175 = CARTESIAN_POINT('',(5.237995005691E-02,0.848743668136));
#4176 = CARTESIAN_POINT('',(5.21529439917E-02,0.848584702347));
#4177 = CARTESIAN_POINT('',(5.192336243209E-02,0.848417333533));
#4178 = CARTESIAN_POINT('',(5.168918276371E-02,0.848240183884));
#4179 = CARTESIAN_POINT('',(5.150836286296E-02,0.848103396481));
#4180 = CARTESIAN_POINT('',(5.132541504694E-02,0.847961219716));
#4181 = CARTESIAN_POINT('',(5.113848368141E-02,0.847812395102));
#4182 = CARTESIAN_POINT('',(5.094822772409E-02,0.847657251803));
#4183 = CARTESIAN_POINT('',(5.075112865457E-02,0.847493566852));
#4184 = CARTESIAN_POINT('',(5.055151959216E-02,0.847324046235));
#4185 = CARTESIAN_POINT('',(5.034493011851E-02,0.847146247791));
#4186 = CARTESIAN_POINT('',(5.013747175404E-02,0.84696399597));
#4187 = CARTESIAN_POINT('',(4.995308554255E-02,0.846802025142));
#4188 = CARTESIAN_POINT('',(4.976742272769E-02,0.846636180801));
#4189 = CARTESIAN_POINT('',(4.958312538155E-02,0.846468299058));
#4190 = CARTESIAN_POINT('',(4.940239169998E-02,0.846299825175));
#4191 = CARTESIAN_POINT('',(4.92269571054E-02,0.846131823186));
#4192 = CARTESIAN_POINT('',(4.905807534953E-02,0.845964985513));
#4193 = CARTESIAN_POINT('',(4.889649961617E-02,0.845799642592));
#4194 = CARTESIAN_POINT('',(4.862300934888E-02,0.84550869185));
#4195 = CARTESIAN_POINT('',(4.850814035636E-02,0.845382515603));
#4196 = CARTESIAN_POINT('',(4.839794956954E-02,0.845257206711));
#4197 = CARTESIAN_POINT('',(4.829248881852E-02,0.845132692856));
#4198 = CARTESIAN_POINT('',(4.819176884026E-02,0.845008866436));
#4199 = CARTESIAN_POINT('',(4.809575927864E-02,0.844885584564));
#4200 = CARTESIAN_POINT('',(4.800438868445E-02,0.844762669066));
#4201 = CARTESIAN_POINT('',(4.78115825405E-02,0.844490106271));
#4202 = CARTESIAN_POINT('',(4.771243543962E-02,0.844340608516));
#4203 = CARTESIAN_POINT('',(4.761993069498E-02,0.844191010368));
#4204 = CARTESIAN_POINT('',(4.753392406681E-02,0.844040936052));
#4205 = CARTESIAN_POINT('',(4.74542897244E-02,0.84389001259));
#4206 = CARTESIAN_POINT('',(4.738091037709E-02,0.843737845526));
#4207 = CARTESIAN_POINT('',(4.731366740534E-02,0.843583994648));
#4208 = CARTESIAN_POINT('',(4.715236275723E-02,0.843172951107));
#4209 = CARTESIAN_POINT('',(4.706845129395E-02,0.842912399948));
#4210 = CARTESIAN_POINT('',(4.700107924632E-02,0.842646995787));
#4211 = CARTESIAN_POINT('',(4.695052379305E-02,0.842377511356));
#4212 = CARTESIAN_POINT('',(4.691698737522E-02,0.842104760415));
#4213 = CARTESIAN_POINT('',(4.690062842433E-02,0.8418295656));
#4214 = CARTESIAN_POINT('',(4.690159209025E-02,0.841552726272));
#4215 = CARTESIAN_POINT('',(4.692004096925E-02,0.841274986366));
#4216 = ( GEOMETRIC_REPRESENTATION_CONTEXT(2) 
PARAMETRIC_REPRESENTATION_CONTEXT() REPRESENTATION_CONTEXT('2D SPACE',''
  ) );
#4217 = PCURVE('',#4218,#4297);
#4218 = ( BOUNDED_SURFACE() B_SPLINE_SURFACE(12,5,(
    (#4219,#4220,#4221,#4222,#4223,#4224)
    ,(#4225,#4226,#4227,#4228,#4229,#4230)
    ,(#4231,#4232,#4233,#4234,#4235,#4236)
    ,(#4237,#4238,#4239,#4240,#4241,#4242)
    ,(#4243,#4244,#4245,#4246,#4247,#4248)
    ,(#4249,#4250,#4251,#4252,#4253,#4254)
    ,(#4255,#4256,#4257,#4258,#4259,#4260)
    ,(#4261,#4262,#4263,#4264,#4265,#4266)
    ,(#4267,#4268,#4269,#4270,#4271,#4272)
    ,(#4273,#4274,#4275,#4276,#4277,#4278)
    ,(#4279,#4280,#4281,#4282,#4283,#4284)
    ,(#4285,#4286,#4287,#4288,#4289,#4290)
    ,(#4291,#4292,#4293,#4294,#4295,#4296
)),.UNSPECIFIED.,.T.,.F.,.F.) B_SPLINE_SURFACE_WITH_KNOTS((13,13),(6,6),
  (0.,1.),(0.,1.),.PIECEWISE_BEZIER_KNOTS.) 
GEOMETRIC_REPRESENTATION_ITEM() RATIONAL_B_SPLINE_SURFACE((
    (1.,1.,1.,1.,1.,1.)
    ,(1.,1.,1.,1.,1.,1.)
    ,(1.,1.,1.,1.,1.,1.)
    ,(1.,1.,1.,1.,1.,1.)
    ,(1.,1.,1.,1.,1.,1.)
    ,(1.,1.,1.,1.,1.,1.)
    ,(1.,1.,1.,1.,1.,1.)
    ,(1.,1.,1.,1.,1.,1.)
    ,(1.,1.,1.,1.,1.,1.)
    ,(1.,1.,1.,1.,1.,1.)
    ,(1.,1.,1.,1.,1.,1.)
    ,(1.,1.,1.,1.,1.,1.)
,(1.,1.,1.,1.,1.,1.))) REPRESENTATION_ITEM('') SURFACE() );
#4219 = CARTESIAN_POINT('',(-2.8E-02,-0.3,0.31));
#4220 = CARTESIAN_POINT('',(-0.255541063469,-0.3,0.125910582382));
#4221 = CARTESIAN_POINT('',(0.254720341149,-0.3,0.360830564991));
#4222 = CARTESIAN_POINT('',(-0.28968450821,-0.3,-1.361075432102E-02));
#4223 = CARTESIAN_POINT('',(4.017303747266E-02,-0.3,8.510601747851E-02)
  );
#4224 = CARTESIAN_POINT('',(-2.176E-02,-0.3,0.));
#4225 = CARTESIAN_POINT('',(-2.8E-02,-0.25601770285,0.31));
#4226 = CARTESIAN_POINT('',(-0.255541063469,-0.37515792508,
    0.125910582382));
#4227 = CARTESIAN_POINT('',(0.254720341149,-0.107985678387,
    0.360830564991));
#4228 = CARTESIAN_POINT('',(-0.28968450821,-0.393035390942,
    -1.361075432102E-02));
#4229 = CARTESIAN_POINT('',(4.017303747268E-02,-0.2203223839,
    8.510601747851E-02));
#4230 = CARTESIAN_POINT('',(-2.176E-02,-0.25275044649,0.));
#4231 = CARTESIAN_POINT('',(-5.312276723975E-02,-0.212036311823,0.31));
#4232 = CARTESIAN_POINT('',(-0.212610721482,-0.450314301756,
    0.125910582382));
#4233 = CARTESIAN_POINT('',(0.145041415282,8.402468734369E-02,
    0.360830564991));
#4234 = CARTESIAN_POINT('',(-0.236542525568,-0.486068865167,
    -1.361075432102E-02));
#4235 = CARTESIAN_POINT('',(-5.338960153509E-03,-0.14064640932,
    8.510601747851E-02));
#4236 = CARTESIAN_POINT('',(-4.874902994897E-02,-0.205501866416,0.));
#4237 = CARTESIAN_POINT('',(-0.103366656475,-0.183831554932,0.31));
#4238 = CARTESIAN_POINT('',(-0.12675284894,-0.498511216031,
    0.125910582382));
#4239 = CARTESIAN_POINT('',(-7.430925377561E-02,0.207158711978,
    0.360830564991));
#4240 = CARTESIAN_POINT('',(-0.130262040459,-0.545730155137,
    -1.361075432102E-02));
#4241 = CARTESIAN_POINT('',(-9.635997490764E-02,-8.955112923186E-02,
    8.510601747851E-02));
#4242 = CARTESIAN_POINT('',(-0.102725322385,-0.175201899012,0.));
#4243 = CARTESIAN_POINT('',(-0.167721744738,-0.187235735659,0.31));
#4244 = CARTESIAN_POINT('',(-1.678144645018E-02,-0.492694076486,
    0.125910582382));
#4245 = CARTESIAN_POINT('',(-0.355265443332,0.192297017721,
    0.360830564991));
#4246 = CARTESIAN_POINT('',(5.867747743799E-03,-0.53852931968,
    -1.361075432102E-02));
#4247 = CARTESIAN_POINT('',(-0.212944608929,-9.571808782021E-02,
    8.510601747851E-02));
#4248 = CARTESIAN_POINT('',(-0.171861074347,-0.178858961737,0.));
#4249 = CARTESIAN_POINT('',(-0.22410540915,-0.229219763198,0.31));
#4250 = CARTESIAN_POINT('',(7.956821011656E-02,-0.420950838846,
    0.125910582382));
#4251 = CARTESIAN_POINT('',(-0.601420641522,9.006578411057E-03,
    0.360830564991));
#4252 = CARTESIAN_POINT('',(0.125135648718,-0.449720851989,
    -1.361075432102E-02));
#4253 = CARTESIAN_POINT('',(-0.315088340803,-0.171775671105,
    8.510601747851E-02));
#4254 = CARTESIAN_POINT('',(-0.232433239544,-0.22396180275,0.));
#4255 = CARTESIAN_POINT('',(-0.24736684612,-0.3,0.31));
#4256 = CARTESIAN_POINT('',(0.119317869653,-0.300000000001,
    0.125910582382));
#4257 = CARTESIAN_POINT('',(-0.702973523689,-0.299999999999,
    0.360830564991));
#4258 = CARTESIAN_POINT('',(0.174340374774,-0.300000000001,
    -1.361075432102E-02));
#4259 = CARTESIAN_POINT('',(-0.357228382706,-0.3,8.510601747851E-02));
#4260 = CARTESIAN_POINT('',(-0.257422668975,-0.3,0.));
#4261 = CARTESIAN_POINT('',(-0.22410540915,-0.370780236802,0.31));
#4262 = CARTESIAN_POINT('',(7.956821011658E-02,-0.179049161152,
    0.125910582382));
#4263 = CARTESIAN_POINT('',(-0.601420641522,-0.609006578414,
    0.360830564991));
#4264 = CARTESIAN_POINT('',(0.125135648719,-0.150279148009,
    -1.361075432102E-02));
#4265 = CARTESIAN_POINT('',(-0.315088340803,-0.428224328895,
    8.510601747851E-02));
#4266 = CARTESIAN_POINT('',(-0.232433239544,-0.37603819725,0.));
#4267 = CARTESIAN_POINT('',(-0.167721744738,-0.412764264341,0.31));
#4268 = CARTESIAN_POINT('',(-1.678144645016E-02,-0.107305923515,
    0.125910582382));
#4269 = CARTESIAN_POINT('',(-0.355265443332,-0.792297017719,
    0.360830564991));
#4270 = CARTESIAN_POINT('',(5.867747743651E-03,-6.147068032129E-02,
    -1.361075432102E-02));
#4271 = CARTESIAN_POINT('',(-0.212944608929,-0.50428191218,
    8.510601747851E-02));
#4272 = CARTESIAN_POINT('',(-0.171861074347,-0.421141038263,0.));
#4273 = CARTESIAN_POINT('',(-0.103366656475,-0.416168445068,0.31));
#4274 = CARTESIAN_POINT('',(-0.12675284894,-0.101488783968,
    0.125910582382));
#4275 = CARTESIAN_POINT('',(-7.430925377566E-02,-0.80715871198,
    0.360830564991));
#4276 = CARTESIAN_POINT('',(-0.130262040458,-5.426984486266E-02,
    -1.361075432102E-02));
#4277 = CARTESIAN_POINT('',(-9.635997490771E-02,-0.510448870768,
    8.510601747851E-02));
#4278 = CARTESIAN_POINT('',(-0.102725322385,-0.424798100988,0.));
#4279 = CARTESIAN_POINT('',(-5.312276723975E-02,-0.387963688177,0.31));
#4280 = CARTESIAN_POINT('',(-0.212610721482,-0.149685698244,
    0.125910582382));
#4281 = CARTESIAN_POINT('',(0.145041415282,-0.684024687343,
    0.360830564991));
#4282 = CARTESIAN_POINT('',(-0.236542525569,-0.113931134833,
    -1.361075432102E-02));
#4283 = CARTESIAN_POINT('',(-5.338960153475E-03,-0.45935359068,
    8.510601747851E-02));
#4284 = CARTESIAN_POINT('',(-4.874902994898E-02,-0.394498133584,0.));
#4285 = CARTESIAN_POINT('',(-2.8E-02,-0.34398229715,0.31));
#4286 = CARTESIAN_POINT('',(-0.255541063469,-0.224842074919,
    0.125910582382));
#4287 = CARTESIAN_POINT('',(0.254720341149,-0.492014321613,
    0.360830564991));
#4288 = CARTESIAN_POINT('',(-0.28968450821,-0.206964609058,
    -1.361075432102E-02));
#4289 = CARTESIAN_POINT('',(4.017303747267E-02,-0.3796776161,
    8.510601747851E-02));
#4290 = CARTESIAN_POINT('',(-2.176E-02,-0.34724955351,0.));
#4291 = CARTESIAN_POINT('',(-2.8E-02,-0.3,0.31));
#4292 = CARTESIAN_POINT('',(-0.255541063469,-0.3,0.125910582382));
#4293 = CARTESIAN_POINT('',(0.254720341149,-0.3,0.360830564991));
#4294 = CARTESIAN_POINT('',(-0.28968450821,-0.3,-1.361075432102E-02));
#4295 = CARTESIAN_POINT('',(4.017303747266E-02,-0.3,8.510601747851E-02)
  );
#4296 = CARTESIAN_POINT('',(-2.176E-02,-0.3,0.));
#4297 = DEFINITIONAL_REPRESENTATION('',(#4298),#4558);
#4298 = B_SPLINE_CURVE_WITH_KNOTS('',8,(#4299,#4300,#4301,#4302,#4303,
    #4304,#4305,#4306,#4307,#4308,#4309,#4310,#4311,#4312,#4313,#4314,
    #4315,#4316,#4317,#4318,#4319,#4320,#4321,#4322,#4323,#4324,#4325,
    #4326,#4327,#4328,#4329,#4330,#4331,#4332,#4333,#4334,#4335,#4336,
    #4337,#4338,#4339,#4340,#4341,#4342,#4343,#4344,#4345,#4346,#4347,
    #4348,#4349,#4350,#4351,#4352,#4353,#4354,#4355,#4356,#4357,#4358,
    #4359,#4360,#4361,#4362,#4363,#4364,#4365,#4366,#4367,#4368,#4369,
    #4370,#4371,#4372,#4373,#4374,#4375,#4376,#4377,#4378,#4379,#4380,
    #4381,#4382,#4383,#4384,#4385,#4386,#4387,#4388,#4389,#4390,#4391,
    #4392,#4393,#4394,#4395,#4396,#4397,#4398,#4399,#4400,#4401,#4402,
    #4403,#4404,#4405,#4406,#4407,#4408,#4409,#4410,#4411,#4412,#4413,
    #4414,#4415,#4416,#4417,#4418,#4419,#4420,#4421,#4422,#4423,#4424,
    #4425,#4426,#4427,#4428,#4429,#4430,#4431,#4432,#4433,#4434,#4435,
    #4436,#4437,#4438,#4439,#4440,#4441,#4442,#4443,#4444,#4445,#4446,
    #4447,#4448,#4449,#4450,#4451,#4452,#4453,#4454,#4455,#4456,#4457,
    #4458,#4459,#4460,#4461,#4462,#4463,#4464,#4465,#4466,#4467,#4468,
    #4469,#4470,#4471,#4472,#4473,#4474,#4475,#4476,#4477,#4478,#4479,
    #4480,#4481,#4482,#4483,#4484,#4485,#4486,#4487,#4488,#4489,#4490,
    #4491,#4492,#4493,#4494,#4495,#4496,#4497,#4498,#4499,#4500,#4501,
    #4502,#4503,#4504,#4505,#4506,#4507,#4508,#4509,#4510,#4511,#4512,
    #4513,#4514,#4515,#4516,#4517,#4518,#4519,#4520,#4521,#4522,#4523,
    #4524,#4525,#4526,#4527,#4528,#4529,#4530,#4531,#4532,#4533,#4534,
    #4535,#4536,#4537,#4538,#4539,#4540,#4541,#4542,#4543,#4544,#4545,
    #4546,#4547,#4548,#4549,#4550,#4551,#4552,#4553,#4554,#4555,#4556,
    #4557),.UNSPECIFIED.,.F.,.F.,(9,7,7,7,7,7,7,7,7,7,7,7,7,7,7,8,7,7,8,
    8,7,7,7,7,7,7,7,7,7,7,7,8,8,7,7,7,9),(0.,1.388865837853E-02,
    4.692127757471E-02,8.26045043154E-02,0.105104141457,0.125350802993,
    0.18257628304,0.246759771492,0.304601935823,0.340450263447,
    0.365031913074,0.400217221416,0.432992606995,0.473941480699,
    0.524007410328,0.57191827235,0.585806930729,0.598273604453,
    0.613296335051,0.627184993429,0.641073651808,0.650236445105,
    0.678811686269,0.704889069759,0.718570745118,0.741862080348,
    0.773153968402,0.825167198293,0.84929410692,0.895025489035,
    0.91622019552,0.926833352835,0.940722011213,0.954610669592,
    0.965381053432,0.97852330952,1.),.UNSPECIFIED.);
#4299 = CARTESIAN_POINT('',(0.,0.421749627649));
#4300 = CARTESIAN_POINT('',(1.766455719295E-03,0.421793276769));
#4301 = CARTESIAN_POINT('',(3.532257127564E-03,0.421851543022));
#4302 = CARTESIAN_POINT('',(5.297683569078E-03,0.421917905384));
#4303 = CARTESIAN_POINT('',(7.062949159359E-03,0.421985948037));
#4304 = CARTESIAN_POINT('',(8.828202785182E-03,0.42204936037));
#4305 = CARTESIAN_POINT('',(1.059352810457E-02,0.422101936977));
#4306 = CARTESIAN_POINT('',(1.23589435468E-02,0.42213757766));
#4307 = CARTESIAN_POINT('',(1.832334503078E-02,0.422180772472));
#4308 = CARTESIAN_POINT('',(2.252006505895E-02,0.422087396564));
#4309 = CARTESIAN_POINT('',(2.6711802601E-02,0.421897303271));
#4310 = CARTESIAN_POINT('',(3.089672989173E-02,0.421634791901));
#4311 = CARTESIAN_POINT('',(3.507395119665E-02,0.421321317504));
#4312 = CARTESIAN_POINT('',(3.924350281199E-02,0.420975490872));
#4313 = CARTESIAN_POINT('',(4.340635306469E-02,0.42061307854));
#4314 = CARTESIAN_POINT('',(5.2056115909E-02,0.419851715339));
#4315 = CARTESIAN_POINT('',(5.654082484368E-02,0.419450858745));
#4316 = CARTESIAN_POINT('',(6.101691023505E-02,0.419034596246));
#4317 = CARTESIAN_POINT('',(6.548265433199E-02,0.418593804196));
#4318 = CARTESIAN_POINT('',(6.993624051365E-02,0.41812007205));
#4319 = CARTESIAN_POINT('',(7.437575328944E-02,0.417605702374));
#4320 = CARTESIAN_POINT('',(7.879917829904E-02,0.417043710839));
#4321 = CARTESIAN_POINT('',(8.598204742726E-02,0.416039446896));
#4322 = CARTESIAN_POINT('',(8.875244413694E-02,0.415629672625));
#4323 = CARTESIAN_POINT('',(9.151526675487E-02,0.415198228465));
#4324 = CARTESIAN_POINT('',(9.427019006411E-02,0.41474481393));
#4325 = CARTESIAN_POINT('',(9.701688931736E-02,0.414269102997));
#4326 = CARTESIAN_POINT('',(9.975504023692E-02,0.413770744101));
#4327 = CARTESIAN_POINT('',(0.102484319015,0.413249360136));
#4328 = CARTESIAN_POINT('',(0.107652112483,0.412214290845));
#4329 = CARTESIAN_POINT('',(0.110092377186,0.411705075618));
#4330 = CARTESIAN_POINT('',(0.112524959028,0.411176607956));
#4331 = CARTESIAN_POINT('',(0.11494962184,0.410628592547));
#4332 = CARTESIAN_POINT('',(0.117366130681,0.41006073359));
#4333 = CARTESIAN_POINT('',(0.119774251831,0.409472734794));
#4334 = CARTESIAN_POINT('',(0.122173752798,0.408864299378));
#4335 = CARTESIAN_POINT('',(0.131321402812,0.406457054581));
#4336 = CARTESIAN_POINT('',(0.138007555403,0.404512820742));
#4337 = CARTESIAN_POINT('',(0.144619358801,0.40240217778));
#4338 = CARTESIAN_POINT('',(0.15115393757,0.400125211423));
#4339 = CARTESIAN_POINT('',(0.157609042122,0.3976823439));
#4340 = CARTESIAN_POINT('',(0.163983048718,0.395074333944));
#4341 = CARTESIAN_POINT('',(0.170274959463,0.392302276788));
#4342 = CARTESIAN_POINT('',(0.183448744369,0.38607595125));
#4343 = CARTESIAN_POINT('',(0.190309922556,0.382579112413));
#4344 = CARTESIAN_POINT('',(0.197066921362,0.378880343998));
#4345 = CARTESIAN_POINT('',(0.203718659051,0.374979602794));
#4346 = CARTESIAN_POINT('',(0.210266903946,0.370880324297));
#4347 = CARTESIAN_POINT('',(0.216717463194,0.366592400193));
#4348 = CARTESIAN_POINT('',(0.223079643997,0.36213135507));
#4349 = CARTESIAN_POINT('',(0.235027502907,0.353352519336));
#4350 = CARTESIAN_POINT('',(0.240628540087,0.349064016188));
#4351 = CARTESIAN_POINT('',(0.246176790769,0.344662579699));
#4352 = CARTESIAN_POINT('',(0.251682977603,0.340162029563));
#4353 = CARTESIAN_POINT('',(0.257162248739,0.335581832376));
#4354 = CARTESIAN_POINT('',(0.262634517667,0.330948105271));
#4355 = CARTESIAN_POINT('',(0.26812174815,0.326289429205));
#4356 = CARTESIAN_POINT('',(0.277063695217,0.318738510975));
#4357 = CARTESIAN_POINT('',(0.280497847973,0.315848525557));
#4358 = CARTESIAN_POINT('',(0.283949775978,0.312964097507));
#4359 = CARTESIAN_POINT('',(0.28742409556,0.310091337155));
#4360 = CARTESIAN_POINT('',(0.290924905898,0.307235883282));
#4361 = CARTESIAN_POINT('',(0.294455789023,0.304402903117));
#4362 = CARTESIAN_POINT('',(0.298019809819,0.301597092336));
#4363 = CARTESIAN_POINT('',(0.304087825285,0.296920129858));
#4364 = CARTESIAN_POINT('',(0.30657279785,0.295032152014));
#4365 = CARTESIAN_POINT('',(0.309075142822,0.293159989628));
#4366 = CARTESIAN_POINT('',(0.311595387073,0.291304636037));
#4367 = CARTESIAN_POINT('',(0.314133875239,0.289466829816));
#4368 = CARTESIAN_POINT('',(0.316690769718,0.287647054781));
#4369 = CARTESIAN_POINT('',(0.319266050669,0.28584553999));
#4370 = CARTESIAN_POINT('',(0.325571801715,0.281509845163));
#4371 = CARTESIAN_POINT('',(0.329320811201,0.278993780635));
#4372 = CARTESIAN_POINT('',(0.333108189354,0.276517728397));
#4373 = CARTESIAN_POINT('',(0.336935314408,0.274085332672));
#4374 = CARTESIAN_POINT('',(0.340803297963,0.271700219668));
#4375 = CARTESIAN_POINT('',(0.344712984976,0.269365997577));
#4376 = CARTESIAN_POINT('',(0.348664953768,0.267086256573));
#4377 = CARTESIAN_POINT('',(0.35638051914,0.262795335418));
#4378 = CARTESIAN_POINT('',(0.360137940358,0.260775503922));
#4379 = CARTESIAN_POINT('',(0.363932955407,0.258809843923));
#4380 = CARTESIAN_POINT('',(0.367765343719,0.256900530008));
#4381 = CARTESIAN_POINT('',(0.371634277145,0.255048907674));
#4382 = CARTESIAN_POINT('',(0.375539108672,0.253257259248));
#4383 = CARTESIAN_POINT('',(0.379480161152,0.251530569801));
#4384 = CARTESIAN_POINT('',(0.388431118057,0.247813564296));
#4385 = CARTESIAN_POINT('',(0.39346098571,0.245863155267));
#4386 = CARTESIAN_POINT('',(0.39855011389,0.244038955772));
#4387 = CARTESIAN_POINT('',(0.403698069386,0.242353424022));
#4388 = CARTESIAN_POINT('',(0.408902990865,0.240819586646));
#4389 = CARTESIAN_POINT('',(0.41416158887,0.239451038694));
#4390 = CARTESIAN_POINT('',(0.419469145821,0.238261943635));
#4391 = CARTESIAN_POINT('',(0.431361066208,0.236050622525));
#4392 = CARTESIAN_POINT('',(0.437966168316,0.235124381806));
#4393 = CARTESIAN_POINT('',(0.444615816624,0.234474945087));
#4394 = CARTESIAN_POINT('',(0.451293662028,0.234087658586));
#4395 = CARTESIAN_POINT('',(0.457986128144,0.233945501474));
#4396 = CARTESIAN_POINT('',(0.464682527418,0.234028006501));
#4397 = CARTESIAN_POINT('',(0.471375177233,0.234310180618));
#4398 = CARTESIAN_POINT('',(0.484456638826,0.235193297379));
#4399 = CARTESIAN_POINT('',(0.490844163666,0.235779861014));
#4400 = CARTESIAN_POINT('',(0.497217076216,0.236562151426));
#4401 = CARTESIAN_POINT('',(0.503560444922,0.237588807051));
#4402 = CARTESIAN_POINT('',(0.509851252714,0.238908576437));
#4403 = CARTESIAN_POINT('',(0.516060228714,0.240562824826));
#4404 = CARTESIAN_POINT('',(0.522153679945,0.242578040743));
#4405 = CARTESIAN_POINT('',(0.528095323047,0.244958342581));
#4406 = CARTESIAN_POINT('',(0.530045123577,0.245739668787));
#4407 = CARTESIAN_POINT('',(0.531978417918,0.246560499121));
#4408 = CARTESIAN_POINT('',(0.533896756969,0.247414963993));
#4409 = CARTESIAN_POINT('',(0.535801908743,0.24829736526));
#4410 = CARTESIAN_POINT('',(0.537695858364,0.249202176224));
#4411 = CARTESIAN_POINT('',(0.539580808068,0.250124041633));
#4412 = CARTESIAN_POINT('',(0.541459177205,0.251057777681));
#4413 = CARTESIAN_POINT('',(0.545016063109,0.252842655305));
#4414 = CARTESIAN_POINT('',(0.546695320023,0.253691621281));
#4415 = CARTESIAN_POINT('',(0.548373344495,0.254541817567));
#4416 = CARTESIAN_POINT('',(0.550052258597,0.255388952146));
#4417 = CARTESIAN_POINT('',(0.551734334965,0.256227893357));
#4418 = CARTESIAN_POINT('',(0.55342199679,0.257052669888));
#4419 = CARTESIAN_POINT('',(0.555117817828,0.257856470787));
#4420 = CARTESIAN_POINT('',(0.558881091233,0.259565877516));
#4421 = CARTESIAN_POINT('',(0.560950737761,0.260454859007));
#4422 = CARTESIAN_POINT('',(0.563042000511,0.261289253264));
#4423 = CARTESIAN_POINT('',(0.565159889189,0.262049479521));
#4424 = CARTESIAN_POINT('',(0.567305475715,0.262708643316));
#4425 = CARTESIAN_POINT('',(0.569475485283,0.263235466917));
#4426 = CARTESIAN_POINT('',(0.571661887404,0.26359721974));
#4427 = CARTESIAN_POINT('',(0.573851486964,0.263762648769));
#4428 = CARTESIAN_POINT('',(0.575143371825,0.263860576987));
#4429 = CARTESIAN_POINT('',(0.576435086454,0.263891686342));
#4430 = CARTESIAN_POINT('',(0.577721784772,0.263855353018));
#4431 = CARTESIAN_POINT('',(0.578999570656,0.263752982047));
#4432 = CARTESIAN_POINT('',(0.580265400988,0.263587534716));
#4433 = CARTESIAN_POINT('',(0.581516988724,0.263363055965));
#4434 = CARTESIAN_POINT('',(0.582752705955,0.263084201795));
#4435 = CARTESIAN_POINT('',(0.583971486964,0.262755766667));
#4436 = CARTESIAN_POINT('',(0.586706743922,0.262019037894));
#4437 = CARTESIAN_POINT('',(0.589349423723,0.261033219178));
#4438 = CARTESIAN_POINT('',(0.591906508102,0.259853507308));
#4439 = CARTESIAN_POINT('',(0.594386681057,0.258527057629));
#4440 = CARTESIAN_POINT('',(0.596800328295,0.257092333881));
#4441 = CARTESIAN_POINT('',(0.599159536689,0.255578458049));
#4442 = CARTESIAN_POINT('',(0.601478093727,0.254004560201));
#4443 = CARTESIAN_POINT('',(0.605284544877,0.251306870611));
#4444 = CARTESIAN_POINT('',(0.606784677946,0.250214342797));
#4445 = CARTESIAN_POINT('',(0.608274680499,0.249105557687));
#4446 = CARTESIAN_POINT('',(0.609757074724,0.247984051473));
#4447 = CARTESIAN_POINT('',(0.611234110659,0.246852883745));
#4448 = CARTESIAN_POINT('',(0.612707766202,0.24571463749));
#4449 = CARTESIAN_POINT('',(0.614179747101,0.244571419095));
#4450 = CARTESIAN_POINT('',(0.620241382806,0.239849253455));
#4451 = CARTESIAN_POINT('',(0.624829487827,0.236243590553));
#4452 = CARTESIAN_POINT('',(0.629461435023,0.232662947184));
#4453 = CARTESIAN_POINT('',(0.634164428599,0.229142216767));
#4454 = CARTESIAN_POINT('',(0.638954877238,0.225705916677));
#4455 = CARTESIAN_POINT('',(0.643843101685,0.222374263263));
#4456 = CARTESIAN_POINT('',(0.64883511664,0.219165513819));
#4457 = CARTESIAN_POINT('',(0.65858239607,0.213292083662));
#4458 = CARTESIAN_POINT('',(0.663320921187,0.210604445429));
#4459 = CARTESIAN_POINT('',(0.668148039823,0.208043166371));
#4460 = CARTESIAN_POINT('',(0.673062875308,0.205618637339));
#4461 = CARTESIAN_POINT('',(0.678062956276,0.203340541077));
#4462 = CARTESIAN_POINT('',(0.68314447614,0.201218258836));
#4463 = CARTESIAN_POINT('',(0.688302552568,0.19926127697));
#4464 = CARTESIAN_POINT('',(0.69627486583,0.196544815797));
#4465 = CARTESIAN_POINT('',(0.69903773688,0.195658225718));
#4466 = CARTESIAN_POINT('',(0.701819269129,0.194821256227));
#4467 = CARTESIAN_POINT('',(0.704618541921,0.194035320477));
#4468 = CARTESIAN_POINT('',(0.70743454493,0.193301811864));
#4469 = CARTESIAN_POINT('',(0.710266178162,0.192622104029));
#4470 = CARTESIAN_POINT('',(0.713112251952,0.191997550852));
#4471 = CARTESIAN_POINT('',(0.720838913088,0.190462617527));
#4472 = CARTESIAN_POINT('',(0.725744780237,0.189658782238));
#4473 = CARTESIAN_POINT('',(0.730682334808,0.189025212453));
#4474 = CARTESIAN_POINT('',(0.735644286684,0.188567707714));
#4475 = CARTESIAN_POINT('',(0.740622809238,0.188290635242));
#4476 = CARTESIAN_POINT('',(0.745609539325,0.188196929937));
#4477 = CARTESIAN_POINT('',(0.750595577291,0.188288094379));
#4478 = CARTESIAN_POINT('',(0.762256792345,0.188934886957));
#4479 = CARTESIAN_POINT('',(0.76892526193,0.18963886864));
#4480 = CARTESIAN_POINT('',(0.775554175242,0.190675042456));
#4481 = CARTESIAN_POINT('',(0.782122973492,0.192036725416));
#4482 = CARTESIAN_POINT('',(0.788612941827,0.193713543103));
#4483 = CARTESIAN_POINT('',(0.795006891575,0.195693319835));
#4484 = CARTESIAN_POINT('',(0.80128884249,0.197963968808));
#4485 = CARTESIAN_POINT('',(0.817674607128,0.204756159797));
#4486 = CARTESIAN_POINT('',(0.827556739923,0.209773810255));
#4487 = CARTESIAN_POINT('',(0.837022001573,0.215517250935));
#4488 = CARTESIAN_POINT('',(0.846000517304,0.221944931915));
#4489 = CARTESIAN_POINT('',(0.854429727662,0.229018047272));
#4490 = CARTESIAN_POINT('',(0.862262271533,0.236692865961));
#4491 = CARTESIAN_POINT('',(0.869472663907,0.244912182345));
#4492 = CARTESIAN_POINT('',(0.879119776723,0.257623992787));
#4493 = CARTESIAN_POINT('',(0.882044009983,0.261753732361));
#4494 = CARTESIAN_POINT('',(0.884836488216,0.265978200206));
#4495 = CARTESIAN_POINT('',(0.887499322389,0.270290601642));
#4496 = CARTESIAN_POINT('',(0.890035714389,0.274684252197));
#4497 = CARTESIAN_POINT('',(0.892449957021,0.279152577606));
#4498 = CARTESIAN_POINT('',(0.894747434009,0.283689113816));
#4499 = CARTESIAN_POINT('',(0.901079894792,0.297003501487));
#4500 = CARTESIAN_POINT('',(0.904828441806,0.3059415735));
#4501 = CARTESIAN_POINT('',(0.908220429165,0.315061352023));
#4502 = CARTESIAN_POINT('',(0.911308866669,0.324323934894));
#4503 = CARTESIAN_POINT('',(0.914150565432,0.333694592334));
#4504 = CARTESIAN_POINT('',(0.916807028798,0.343142090439));
#4505 = CARTESIAN_POINT('',(0.919355274522,0.352634634602));
#4506 = CARTESIAN_POINT('',(0.923091977603,0.366534277525));
#4507 = CARTESIAN_POINT('',(0.924276523725,0.370935439297));
#4508 = CARTESIAN_POINT('',(0.925473473941,0.37533372108));
#4509 = CARTESIAN_POINT('',(0.926697529742,0.379724489818));
#4510 = CARTESIAN_POINT('',(0.927965179134,0.384101252849));
#4511 = CARTESIAN_POINT('',(0.929296538403,0.388455032404));
#4512 = CARTESIAN_POINT('',(0.930720703312,0.392772538234));
#4513 = CARTESIAN_POINT('',(0.9330678518,0.399166532199));
#4514 = CARTESIAN_POINT('',(0.933885191451,0.401283731277));
#4515 = CARTESIAN_POINT('',(0.934743629365,0.403382871528));
#4516 = CARTESIAN_POINT('',(0.935650114131,0.405460260128));
#4517 = CARTESIAN_POINT('',(0.93661266915,0.407509774271));
#4518 = CARTESIAN_POINT('',(0.937641519569,0.4095222599));
#4519 = CARTESIAN_POINT('',(0.938750219214,0.411484930449));
#4520 = CARTESIAN_POINT('',(0.939956777525,0.413380765578));
#4521 = CARTESIAN_POINT('',(0.940888513001,0.41484429795));
#4522 = CARTESIAN_POINT('',(0.941875269621,0.416264394046));
#4523 = CARTESIAN_POINT('',(0.942931638278,0.417632067542));
#4524 = CARTESIAN_POINT('',(0.94405460357,0.418947235858));
#4525 = CARTESIAN_POINT('',(0.945277439067,0.42016407727));
#4526 = CARTESIAN_POINT('',(0.946570700197,0.421297391248));
#4527 = CARTESIAN_POINT('',(0.947979241265,0.422266193474));
#4528 = CARTESIAN_POINT('',(0.949462267366,0.423087766743));
#4529 = CARTESIAN_POINT('',(0.950780396899,0.423817429429));
#4530 = CARTESIAN_POINT('',(0.952161795774,0.424426812476));
#4531 = CARTESIAN_POINT('',(0.953591083059,0.42490882592));
#4532 = CARTESIAN_POINT('',(0.955053767739,0.425266798104));
#4533 = CARTESIAN_POINT('',(0.956537043305,0.425511155649));
#4534 = CARTESIAN_POINT('',(0.958030582359,0.425656103444));
#4535 = CARTESIAN_POINT('',(0.959527331205,0.425716304619));
#4536 = CARTESIAN_POINT('',(0.962185179281,0.425693768206));
#4537 = CARTESIAN_POINT('',(0.963345898119,0.425640485588));
#4538 = CARTESIAN_POINT('',(0.964505173514,0.425549743438));
#4539 = CARTESIAN_POINT('',(0.965662138965,0.425427187305));
#4540 = CARTESIAN_POINT('',(0.966816348918,0.425278077525));
#4541 = CARTESIAN_POINT('',(0.967967778767,0.425107289219));
#4542 = CARTESIAN_POINT('',(0.969116824848,0.424919312294));
#4543 = CARTESIAN_POINT('',(0.971664487338,0.424472958251));
#4544 = CARTESIAN_POINT('',(0.973061591244,0.424208426808));
#4545 = CARTESIAN_POINT('',(0.974457102896,0.423932455636));
#4546 = CARTESIAN_POINT('',(0.975852347548,0.423652465698));
#4547 = CARTESIAN_POINT('',(0.977248563779,0.423375961711));
#4548 = CARTESIAN_POINT('',(0.978646978286,0.423110993469));
#4549 = CARTESIAN_POINT('',(0.980048880683,0.422866617151));
#4550 = CARTESIAN_POINT('',(0.983754667853,0.422304727287));
#4551 = CARTESIAN_POINT('',(0.986065302362,0.422035372778));
#4552 = CARTESIAN_POINT('',(0.98838350738,0.421843282559));
#4553 = CARTESIAN_POINT('',(0.990705952356,0.421722785934));
#4554 = CARTESIAN_POINT('',(0.993030101755,0.421665166551));
#4555 = CARTESIAN_POINT('',(0.995354246186,0.421659276887));
#4556 = CARTESIAN_POINT('',(0.997677533517,0.421692152728));
#4557 = CARTESIAN_POINT('',(1.,0.421749627649));
#4558 = ( GEOMETRIC_REPRESENTATION_CONTEXT(2) 
PARAMETRIC_REPRESENTATION_CONTEXT() REPRESENTATION_CONTEXT('2D SPACE',''
  ) );
#4559 = FACE_BOUND('',#4560,.F.);
#4560 = EDGE_LOOP('',(#4561,#5106));
#4561 = ORIENTED_EDGE('',*,*,#4562,.F.);
#4562 = EDGE_CURVE('',#4563,#4565,#4567,.T.);
#4563 = VERTEX_POINT('',#4564);
#4564 = CARTESIAN_POINT('',(-0.186989174614,-0.337850006951,0.31));
#4565 = VERTEX_POINT('',#4566);
#4566 = CARTESIAN_POINT('',(-0.188764935156,-0.33410489803,0.31));
#4567 = SURFACE_CURVE('',#4568,(#4719,#4873),.PCURVE_S1.);
#4568 = B_SPLINE_CURVE_WITH_KNOTS('',8,(#4569,#4570,#4571,#4572,#4573,
    #4574,#4575,#4576,#4577,#4578,#4579,#4580,#4581,#4582,#4583,#4584,
    #4585,#4586,#4587,#4588,#4589,#4590,#4591,#4592,#4593,#4594,#4595,
    #4596,#4597,#4598,#4599,#4600,#4601,#4602,#4603,#4604,#4605,#4606,
    #4607,#4608,#4609,#4610,#4611,#4612,#4613,#4614,#4615,#4616,#4617,
    #4618,#4619,#4620,#4621,#4622,#4623,#4624,#4625,#4626,#4627,#4628,
    #4629,#4630,#4631,#4632,#4633,#4634,#4635,#4636,#4637,#4638,#4639,
    #4640,#4641,#4642,#4643,#4644,#4645,#4646,#4647,#4648,#4649,#4650,
    #4651,#4652,#4653,#4654,#4655,#4656,#4657,#4658,#4659,#4660,#4661,
    #4662,#4663,#4664,#4665,#4666,#4667,#4668,#4669,#4670,#4671,#4672,
    #4673,#4674,#4675,#4676,#4677,#4678,#4679,#4680,#4681,#4682,#4683,
    #4684,#4685,#4686,#4687,#4688,#4689,#4690,#4691,#4692,#4693,#4694,
    #4695,#4696,#4697,#4698,#4699,#4700,#4701,#4702,#4703,#4704,#4705,
    #4706,#4707,#4708,#4709,#4710,#4711,#4712,#4713,#4714,#4715,#4716,
    #4717,#4718),.UNSPECIFIED.,.F.,.F.,(9,7,7,8,8,8,8,8,8,8,8,7,7,7,7,7,
    7,7,7,7,9),(0.,4.077889064482E-02,0.110888849295,0.139123327244,
    0.179902217889,0.220681108534,0.261459999178,0.302238889823,
    0.343017780468,0.383796671113,0.424575561758,0.465354452402,
    0.502473493615,0.535163036371,0.630441952798,0.721717465384,
    0.807813685276,0.835778089491,0.893351399814,0.971014078014,1.),
  .UNSPECIFIED.);
#4569 = CARTESIAN_POINT('',(-0.186989174614,-0.337850006951,0.31));
#4570 = CARTESIAN_POINT('',(-0.183052249155,-0.338056464723,
    0.307231835983));
#4571 = CARTESIAN_POINT('',(-0.178802996505,-0.3384448669,0.304309702377
    ));
#4572 = CARTESIAN_POINT('',(-0.17436005972,-0.338937429516,0.30131118041
    ));
#4573 = CARTESIAN_POINT('',(-0.169837012965,-0.339471866062,
    0.298316045547));
#4574 = CARTESIAN_POINT('',(-0.165331985648,-0.340014554833,
    0.29540424848));
#4575 = CARTESIAN_POINT('',(-0.160914702071,-0.340545205331,
    0.292639151172));
#4576 = CARTESIAN_POINT('',(-0.15662224862,-0.341042106756,
    0.290056882319));
#4577 = CARTESIAN_POINT('',(-0.145344423867,-0.342278973207,
    0.283600743639));
#4578 = CARTESIAN_POINT('',(-0.138666694117,-0.342931758912,
    0.280146250297));
#4579 = CARTESIAN_POINT('',(-0.132480232332,-0.343406584655,
    0.277402316286));
#4580 = CARTESIAN_POINT('',(-0.126666899071,-0.343697702684,
    0.275332193152));
#4581 = CARTESIAN_POINT('',(-0.121107333983,-0.343801267941,
    0.273899541858));
#4582 = CARTESIAN_POINT('',(-0.115704473973,-0.34371234857,
    0.273088321774));
#4583 = CARTESIAN_POINT('',(-0.110351470484,-0.343429153247,
    0.272889204811));
#4584 = CARTESIAN_POINT('',(-0.102733140141,-0.342733849928,
    0.273492611192));
#4585 = CARTESIAN_POINT('',(-0.100535319913,-0.342500165431,
    0.273767927506));
#4586 = CARTESIAN_POINT('',(-9.832008269679E-02,-0.342231064119,
    0.27414547374));
#4587 = CARTESIAN_POINT('',(-9.607984849301E-02,-0.341925461683,
    0.274626315872));
#4588 = CARTESIAN_POINT('',(-9.380662247972E-02,-0.341581930801,
    0.275211877123));
#4589 = CARTESIAN_POINT('',(-9.149235712897E-02,-0.341198042059,
    0.275903325491));
#4590 = CARTESIAN_POINT('',(-8.912931432637E-02,-0.340769704888,
    0.276700961273));
#4591 = CARTESIAN_POINT('',(-8.67104274902E-02,-0.340290508486,
    0.277603604606));
#4592 = CARTESIAN_POINT('',(-8.565478005033E-02,-0.34008127796,
    0.277997462668));
#4593 = CARTESIAN_POINT('',(-8.458844264284E-02,-0.339862421611,
    0.278411397347));
#4594 = CARTESIAN_POINT('',(-8.351113978431E-02,-0.339633029663,
    0.278844875795));
#4595 = CARTESIAN_POINT('',(-8.242238134933E-02,-0.339392414282,
    0.27929765776));
#4596 = CARTESIAN_POINT('',(-8.132176636913E-02,-0.339139709591,
    0.279769350462));
#4597 = CARTESIAN_POINT('',(-8.020928683022E-02,-0.338873471698,
    0.280258963488));
#4598 = CARTESIAN_POINT('',(-7.908563147303E-02,-0.338591278709,
    0.280764463678));
#4599 = CARTESIAN_POINT('',(-7.795248959057E-02,-0.338289330754,
    0.28128233001));
#4600 = CARTESIAN_POINT('',(-7.741536904539E-02,-0.338146105716,
    0.28152773865));
#4601 = CARTESIAN_POINT('',(-7.687605799177E-02,-0.337998565263,
    0.281776047492));
#4602 = CARTESIAN_POINT('',(-7.633500872865E-02,-0.337845868589,
    0.282026418856));
#4603 = CARTESIAN_POINT('',(-7.579246101744E-02,-0.337687505524,
    0.28227837588));
#4604 = CARTESIAN_POINT('',(-7.5248766173E-02,-0.33752284564,
    0.282531297004));
#4605 = CARTESIAN_POINT('',(-7.470471115463E-02,-0.33735068737,
    0.282783910447));
#4606 = CARTESIAN_POINT('',(-7.416184265707E-02,-0.337168807119,
    0.283033788693));
#4607 = CARTESIAN_POINT('',(-7.362279120145E-02,-0.336973508381,
    0.283276842972));
#4608 = CARTESIAN_POINT('',(-7.339682573427E-02,-0.336891534579,
    0.283378660893));
#4609 = CARTESIAN_POINT('',(-7.317153048153E-02,-0.336807328391,
    0.283479362423));
#4610 = CARTESIAN_POINT('',(-7.294732638844E-02,-0.336720208835,
    0.283578226653));
#4611 = CARTESIAN_POINT('',(-7.272444966625E-02,-0.336629820251,
    0.283674872266));
#4612 = CARTESIAN_POINT('',(-7.250325030132E-02,-0.336535747549,
    0.283768803624));
#4613 = CARTESIAN_POINT('',(-7.228449056437E-02,-0.336437131455,
    0.283858956848));
#4614 = CARTESIAN_POINT('',(-7.206964351957E-02,-0.336332283762,
    0.283943245905));
#4615 = CARTESIAN_POINT('',(-7.186119153376E-02,-0.33621830258,
    0.284018108687));
#4616 = CARTESIAN_POINT('',(-7.174315466749E-02,-0.336155128475,
    0.284061388201));
#4617 = CARTESIAN_POINT('',(-7.163078174798E-02,-0.336087609735,
    0.284098145256));
#4618 = CARTESIAN_POINT('',(-7.152048048742E-02,-0.336016942652,
    0.284131729715));
#4619 = CARTESIAN_POINT('',(-7.141159879014E-02,-0.335942754615,
    0.284162392761));
#4620 = CARTESIAN_POINT('',(-7.130642475266E-02,-0.335863104116,
    0.28418728689));
#4621 = CARTESIAN_POINT('',(-7.121018666368E-02,-0.335774480744,
    0.284200465915));
#4622 = CARTESIAN_POINT('',(-7.113105300406E-02,-0.335671805188,
    0.284192884962));
#4623 = CARTESIAN_POINT('',(-7.108013244685E-02,-0.33554842924,
    0.284152400476));
#4624 = CARTESIAN_POINT('',(-7.106982860672E-02,-0.335519740957,
    0.284141876417));
#4625 = CARTESIAN_POINT('',(-7.106133898977E-02,-0.335490025038,
    0.284129419014));
#4626 = CARTESIAN_POINT('',(-7.105565315211E-02,-0.335458847983,
    0.284114043055));
#4627 = CARTESIAN_POINT('',(-7.105360168291E-02,-0.335426077733,
    0.284095063996));
#4628 = CARTESIAN_POINT('',(-7.105585620433E-02,-0.335391883659,
    0.284072097959));
#4629 = CARTESIAN_POINT('',(-7.106292937156E-02,-0.33535673657,
    0.284045061733));
#4630 = CARTESIAN_POINT('',(-7.107517487282E-02,-0.33532140871,
    0.28401417277));
#4631 = CARTESIAN_POINT('',(-7.109278742935E-02,-0.335286973759,
    0.283979949192));
#4632 = CARTESIAN_POINT('',(-7.11203516397E-02,-0.33523251105,
    0.28392601448));
#4633 = CARTESIAN_POINT('',(-7.112646760101E-02,-0.335240345906,
    0.283926578718));
#4634 = CARTESIAN_POINT('',(-7.11616799057E-02,-0.335176828876,
    0.283861084128));
#4635 = CARTESIAN_POINT('',(-7.125383411862E-02,-0.334984053245,
    0.283674865737));
#4636 = CARTESIAN_POINT('',(-7.158436338663E-02,-0.334881633435,
    0.283370924379));
#4637 = CARTESIAN_POINT('',(-7.200416675568E-02,-0.334744649685,
    0.282978238356));
#4638 = CARTESIAN_POINT('',(-7.244781429327E-02,-0.334657041383,
    0.282599080432));
#4639 = CARTESIAN_POINT('',(-7.273208051216E-02,-0.334600867639,
    0.282355940543));
#4640 = CARTESIAN_POINT('',(-7.309188595174E-02,-0.334531322234,
    0.282049189271));
#4641 = CARTESIAN_POINT('',(-7.344721307884E-02,-0.334475223587,
    0.28175396201));
#4642 = CARTESIAN_POINT('',(-7.379872666563E-02,-0.334427786379,
    0.281466913864));
#4643 = CARTESIAN_POINT('',(-7.414674895257E-02,-0.33438628569,
    0.281186196975));
#4644 = CARTESIAN_POINT('',(-7.449140729675E-02,-0.334349399767,
    0.280910953418));
#4645 = CARTESIAN_POINT('',(-7.483278182029E-02,-0.334316552789,
    0.280640808098));
#4646 = CARTESIAN_POINT('',(-7.517105305872E-02,-0.334287257629,
    0.280375361645));
#4647 = CARTESIAN_POINT('',(-7.550664960935E-02,-0.334260458618,
    0.280113683311));
#4648 = CARTESIAN_POINT('',(-7.678278402825E-02,-0.334158943387,
    0.279118866915));
#4649 = CARTESIAN_POINT('',(-7.80159250008E-02,-0.334097222865,
    0.278183963924));
#4650 = CARTESIAN_POINT('',(-7.921517235112E-02,-0.334051073592,
    0.277288978474));
#4651 = CARTESIAN_POINT('',(-8.038163882145E-02,-0.334017712825,
    0.276432286565));
#4652 = CARTESIAN_POINT('',(-8.151719727244E-02,-0.333993743279,
    0.275611198008));
#4653 = CARTESIAN_POINT('',(-8.262443230771E-02,-0.333975095074,
    0.274822029287));
#4654 = CARTESIAN_POINT('',(-8.370455558036E-02,-0.333962063971,
    0.274064682551));
#4655 = CARTESIAN_POINT('',(-8.572082326135E-02,-0.333943953577,
    0.272674129668));
#4656 = CARTESIAN_POINT('',(-8.666075612355E-02,-0.333938400943,
    0.272036275312));
#4657 = CARTESIAN_POINT('',(-8.758102121163E-02,-0.333935206941,
    0.271422329763));
#4658 = CARTESIAN_POINT('',(-8.848274954617E-02,-0.333933806598,
    0.270831570846));
#4659 = CARTESIAN_POINT('',(-8.936702458168E-02,-0.333933750058,
    0.270263387348));
#4660 = CARTESIAN_POINT('',(-9.023488220663E-02,-0.333934702578,
    0.269717279014));
#4661 = CARTESIAN_POINT('',(-9.108731074347E-02,-0.33393644453,
    0.269192856554));
#4662 = CARTESIAN_POINT('',(-9.266319372493E-02,-0.333940988791,
    0.268246845616));
#4663 = CARTESIAN_POINT('',(-9.338990946984E-02,-0.33394357997,
    0.267820419459));
#4664 = CARTESIAN_POINT('',(-9.410604842279E-02,-0.333946528407,
    0.267410347319));
#4665 = CARTESIAN_POINT('',(-9.481224009714E-02,-0.333949734263,
    0.267016451636));
#4666 = CARTESIAN_POINT('',(-9.550909328016E-02,-0.333953114391,
    0.266638593127));
#4667 = CARTESIAN_POINT('',(-9.619719603302E-02,-0.333956602333,
    0.266276670793));
#4668 = CARTESIAN_POINT('',(-9.687711569078E-02,-0.333960148325,
    0.265930621913));
#4669 = CARTESIAN_POINT('',(-9.950886763355E-02,-0.333974133123,
    0.264637984575));
#4670 = CARTESIAN_POINT('',(-0.101403484505,-0.333984654008,
    0.263810219342));
#4671 = CARTESIAN_POINT('',(-0.103246865461,-0.333994377095,
    0.263116144273));
#4672 = CARTESIAN_POINT('',(-0.105051091747,-0.33400284956,
    0.262557597976));
#4673 = CARTESIAN_POINT('',(-0.106826998721,-0.334009936581,
    0.262137872936));
#4674 = CARTESIAN_POINT('',(-0.108584464719,-0.334015687295,
    0.261860348718));
#4675 = CARTESIAN_POINT('',(-0.110332699911,-0.334020200769,
    0.261727125165));
#4676 = CARTESIAN_POINT('',(-0.113754930201,-0.334026656215,
    0.261747762984));
#4677 = CARTESIAN_POINT('',(-0.115429200949,-0.334028719169,
    0.261889842783));
#4678 = CARTESIAN_POINT('',(-0.117111014072,-0.334029774056,
    0.262163820878));
#4679 = CARTESIAN_POINT('',(-0.118808419317,-0.334029887279,
    0.262567525673));
#4680 = CARTESIAN_POINT('',(-0.120529914067,-0.334029099977,
    0.263097598952));
#4681 = CARTESIAN_POINT('',(-0.122284507892,-0.334027429596,
    0.263750406736));
#4682 = CARTESIAN_POINT('',(-0.124081787105,-0.334024871454,
    0.264522950153));
#4683 = CARTESIAN_POINT('',(-0.127677196831,-0.33401812933,
    0.266254029523));
#4684 = CARTESIAN_POINT('',(-0.129469253911,-0.334014049761,
    0.267199396935));
#4685 = CARTESIAN_POINT('',(-0.131316759689,-0.334009164183,
    0.26824832106));
#4686 = CARTESIAN_POINT('',(-0.133228616561,-0.334003464651,
    0.269400372188));
#4687 = CARTESIAN_POINT('',(-0.135213421947,-0.333996970942,
    0.270655628569));
#4688 = CARTESIAN_POINT('',(-0.137278870053,-0.333989768803,
    0.272014056618));
#4689 = CARTESIAN_POINT('',(-0.13943115363,-0.333982048194,
    0.273474891129));
#4690 = CARTESIAN_POINT('',(-0.142402970401,-0.333971573674,
    0.275543074771));
#4691 = CARTESIAN_POINT('',(-0.143141099761,-0.333968986911,
    0.276060665993));
#4692 = CARTESIAN_POINT('',(-0.143888871029,-0.333966392737,
    0.276588700556));
#4693 = CARTESIAN_POINT('',(-0.144646356171,-0.333963804608,
    0.277127058201));
#4694 = CARTESIAN_POINT('',(-0.145413581913,-0.333961237943,
    0.277675586996));
#4695 = CARTESIAN_POINT('',(-0.146190529746,-0.333958710122,
    0.278234103334));
#4696 = CARTESIAN_POINT('',(-0.146977135922,-0.333956240487,
    0.278802391935));
#4697 = CARTESIAN_POINT('',(-0.149412428794,-0.333948938667,
    0.280569803843));
#4698 = CARTESIAN_POINT('',(-0.151092035791,-0.333944342414,
    0.281799806124));
#4699 = CARTESIAN_POINT('',(-0.152811084659,-0.333940276827,
    0.283067951318));
#4700 = CARTESIAN_POINT('',(-0.154567519025,-0.333936974825,
    0.284371287457));
#4701 = CARTESIAN_POINT('',(-0.156358253924,-0.333934687,0.285706171978)
  );
#4702 = CARTESIAN_POINT('',(-0.158179175802,-0.333933681619,
    0.28706827172));
#4703 = CARTESIAN_POINT('',(-0.160025142515,-0.333934244624,
    0.288452562927));
#4704 = CARTESIAN_POINT('',(-0.164405527636,-0.333939937211,
    0.291742884682));
#4705 = CARTESIAN_POINT('',(-0.166955891175,-0.333946580334,
    0.293662883138));
#4706 = CARTESIAN_POINT('',(-0.169525919488,-0.333957104242,
    0.295599341432));
#4707 = CARTESIAN_POINT('',(-0.172098354475,-0.333972059236,
    0.297537268214));
#4708 = CARTESIAN_POINT('',(-0.174654281909,-0.333991558059,
    0.299460880682));
#4709 = CARTESIAN_POINT('',(-0.177173578942,-0.334014783276,
    0.301353819298));
#4710 = CARTESIAN_POINT('',(-0.179635361617,-0.334039494663,
    0.303199362503));
#4711 = CARTESIAN_POINT('',(-0.182907863896,-0.334069754839,
    0.305645463296));
#4712 = CARTESIAN_POINT('',(-0.183786343981,-0.334077642314,
    0.30630135204));
#4713 = CARTESIAN_POINT('',(-0.184652762659,-0.334084953173,
    0.306947416078));
#4714 = CARTESIAN_POINT('',(-0.1855060078,-0.33409145078,0.307582775819)
  );
#4715 = CARTESIAN_POINT('',(-0.186344965122,-0.3340969077,0.308206563676
    ));
#4716 = CARTESIAN_POINT('',(-0.187168518199,-0.334101105702,
    0.308817924054));
#4717 = CARTESIAN_POINT('',(-0.187975548453,-0.334103835755,
    0.309416013361));
#4718 = CARTESIAN_POINT('',(-0.188764935156,-0.33410489803,0.31));
#4719 = PCURVE('',#41,#4720);
#4720 = DEFINITIONAL_REPRESENTATION('',(#4721),#4872);
#4721 = B_SPLINE_CURVE_WITH_KNOTS('',8,(#4722,#4723,#4724,#4725,#4726,
    #4727,#4728,#4729,#4730,#4731,#4732,#4733,#4734,#4735,#4736,#4737,
    #4738,#4739,#4740,#4741,#4742,#4743,#4744,#4745,#4746,#4747,#4748,
    #4749,#4750,#4751,#4752,#4753,#4754,#4755,#4756,#4757,#4758,#4759,
    #4760,#4761,#4762,#4763,#4764,#4765,#4766,#4767,#4768,#4769,#4770,
    #4771,#4772,#4773,#4774,#4775,#4776,#4777,#4778,#4779,#4780,#4781,
    #4782,#4783,#4784,#4785,#4786,#4787,#4788,#4789,#4790,#4791,#4792,
    #4793,#4794,#4795,#4796,#4797,#4798,#4799,#4800,#4801,#4802,#4803,
    #4804,#4805,#4806,#4807,#4808,#4809,#4810,#4811,#4812,#4813,#4814,
    #4815,#4816,#4817,#4818,#4819,#4820,#4821,#4822,#4823,#4824,#4825,
    #4826,#4827,#4828,#4829,#4830,#4831,#4832,#4833,#4834,#4835,#4836,
    #4837,#4838,#4839,#4840,#4841,#4842,#4843,#4844,#4845,#4846,#4847,
    #4848,#4849,#4850,#4851,#4852,#4853,#4854,#4855,#4856,#4857,#4858,
    #4859,#4860,#4861,#4862,#4863,#4864,#4865,#4866,#4867,#4868,#4869,
    #4870,#4871),.UNSPECIFIED.,.F.,.F.,(9,7,7,8,8,8,8,8,8,8,8,7,7,7,7,7,
    7,7,7,7,9),(0.,4.077889064482E-02,0.110888849295,0.139123327244,
    0.179902217889,0.220681108534,0.261459999178,0.302238889823,
    0.343017780468,0.383796671113,0.424575561758,0.465354452402,
    0.502473493615,0.535163036371,0.630441952798,0.721717465384,
    0.807813685276,0.835778089491,0.893351399814,0.971014078014,1.),
  .UNSPECIFIED.);
#4722 = CARTESIAN_POINT('',(0.248576443127,0.867146268283));
#4723 = CARTESIAN_POINT('',(0.237941326956,0.867288983629));
#4724 = CARTESIAN_POINT('',(0.227867972917,0.867554455731));
#4725 = CARTESIAN_POINT('',(0.21839179645,0.86787253475));
#4726 = CARTESIAN_POINT('',(0.209531925558,0.868194957324));
#4727 = CARTESIAN_POINT('',(0.201289792303,0.868506304785));
#4728 = CARTESIAN_POINT('',(0.193643413753,0.868802149518));
#4729 = CARTESIAN_POINT('',(0.186548269171,0.869070358318));
#4730 = CARTESIAN_POINT('',(0.168621172296,0.869725870348));
#4731 = CARTESIAN_POINT('',(0.158810891902,0.870055682064));
#4732 = CARTESIAN_POINT('',(0.150164804053,0.870289685256));
#4733 = CARTESIAN_POINT('',(0.142338282358,0.870432067307));
#4734 = CARTESIAN_POINT('',(0.135082320413,0.870482712461));
#4735 = CARTESIAN_POINT('',(0.128217612259,0.870439427216));
#4736 = CARTESIAN_POINT('',(0.121577017668,0.87030125708));
#4737 = CARTESIAN_POINT('',(0.112338582521,0.869951528551));
#4738 = CARTESIAN_POINT('',(0.109697542985,0.869833451638));
#4739 = CARTESIAN_POINT('',(0.107058477432,0.869696210193));
#4740 = CARTESIAN_POINT('',(0.104411607945,0.869538723309));
#4741 = CARTESIAN_POINT('',(0.101747094739,0.869359529314));
#4742 = CARTESIAN_POINT('',(9.905542024686E-02,0.869155928179));
#4743 = CARTESIAN_POINT('',(9.632777321169E-02,0.868923123905));
#4744 = CARTESIAN_POINT('',(9.355643277131E-02,0.868653366932));
#4745 = CARTESIAN_POINT('',(9.234696911451E-02,0.868535516278));
#4746 = CARTESIAN_POINT('',(9.112912245288E-02,0.868410709731));
#4747 = CARTESIAN_POINT('',(8.990261177864E-02,0.868277797555));
#4748 = CARTESIAN_POINT('',(8.86669192516E-02,0.86813593078));
#4749 = CARTESIAN_POINT('',(8.742164058355E-02,0.867984028904));
#4750 = CARTESIAN_POINT('',(8.616683542272E-02,0.867820247586));
#4751 = CARTESIAN_POINT('',(8.490337773816E-02,0.867641446347));
#4752 = CARTESIAN_POINT('',(8.363330620418E-02,0.867442656268));
#4753 = CARTESIAN_POINT('',(8.303128219688E-02,0.867348307367));
#4754 = CARTESIAN_POINT('',(8.242770200794E-02,0.867249626861));
#4755 = CARTESIAN_POINT('',(8.182310161138E-02,0.867145512365));
#4756 = CARTESIAN_POINT('',(8.121776799667E-02,0.867035297537));
#4757 = CARTESIAN_POINT('',(8.0612116573E-02,0.866918153074));
#4758 = CARTESIAN_POINT('',(8.000706857355E-02,0.866792487708));
#4759 = CARTESIAN_POINT('',(7.94044284597E-02,0.866655349205));
#4760 = CARTESIAN_POINT('',(7.880726132532E-02,0.866501825353));
#4761 = CARTESIAN_POINT('',(7.855693797644E-02,0.866437340052));
#4762 = CARTESIAN_POINT('',(7.830757130754E-02,0.866370128681));
#4763 = CARTESIAN_POINT('',(7.805965578796E-02,0.866299295909));
#4764 = CARTESIAN_POINT('',(7.781346740426E-02,0.866224372048));
#4765 = CARTESIAN_POINT('',(7.756941130066E-02,0.866144797463));
#4766 = CARTESIAN_POINT('',(7.732836941949E-02,0.866059406972));
#4767 = CARTESIAN_POINT('',(7.709204814169E-02,0.865965914263));
#4768 = CARTESIAN_POINT('',(7.686332592724E-02,0.865860396294));
#4769 = CARTESIAN_POINT('',(7.673375935103E-02,0.865802307855));
#4770 = CARTESIAN_POINT('',(7.661072126304E-02,0.865738073159));
#4771 = CARTESIAN_POINT('',(7.649014947343E-02,0.865669708111));
#4772 = CARTESIAN_POINT('',(7.637132764802E-02,0.865596860571));
#4773 = CARTESIAN_POINT('',(7.625688530826E-02,0.865516810356));
#4774 = CARTESIAN_POINT('',(7.615279783127E-02,0.865424469241));
#4775 = CARTESIAN_POINT('',(7.606838644977E-02,0.865312380954));
#4776 = CARTESIAN_POINT('',(7.601631825218E-02,0.865170721183));
#4777 = CARTESIAN_POINT('',(7.600592800712E-02,0.865137538211));
#4778 = CARTESIAN_POINT('',(7.599760577435E-02,0.865102821775));
#4779 = CARTESIAN_POINT('',(7.599247418485E-02,0.865065889346));
#4780 = CARTESIAN_POINT('',(7.599146668089E-02,0.865026449382));
#4781 = CARTESIAN_POINT('',(7.599532751607E-02,0.864984601328));
#4782 = CARTESIAN_POINT('',(7.600461175533E-02,0.864940835616));
#4783 = CARTESIAN_POINT('',(7.601968527491E-02,0.864896033665));
#4784 = CARTESIAN_POINT('',(7.604072476238E-02,0.864851467882));
#4785 = CARTESIAN_POINT('',(7.607367278479E-02,0.864781027496));
#4786 = CARTESIAN_POINT('',(7.608021935078E-02,0.864789575199));
#4787 = CARTESIAN_POINT('',(7.612201870293E-02,0.864706918427));
#4788 = CARTESIAN_POINT('',(7.623277330532E-02,0.864458514508));
#4789 = CARTESIAN_POINT('',(7.660594902179E-02,0.864281901262));
#4790 = CARTESIAN_POINT('',(7.708159095001E-02,0.86404971731));
#4791 = CARTESIAN_POINT('',(7.758261252154E-02,0.863873929136));
#4792 = CARTESIAN_POINT('',(7.790380534278E-02,0.863761306194));
#4793 = CARTESIAN_POINT('',(7.831028437685E-02,0.863620641553));
#4794 = CARTESIAN_POINT('',(7.871156870587E-02,0.863497127805));
#4795 = CARTESIAN_POINT('',(7.910857640276E-02,0.86338485033));
#4796 = CARTESIAN_POINT('',(7.95017631128E-02,0.863280449199));
#4797 = CARTESIAN_POINT('',(7.989131306221E-02,0.863182298439));
#4798 = CARTESIAN_POINT('',(8.027733006665E-02,0.863089685293));
#4799 = CARTESIAN_POINT('',(8.066002853976E-02,0.863001989481));
#4800 = CARTESIAN_POINT('',(8.103992450167E-02,0.862917862463));
#4801 = CARTESIAN_POINT('',(8.248449757324E-02,0.86259843654));
#4802 = CARTESIAN_POINT('',(8.3883537522E-02,0.862335773339));
#4803 = CARTESIAN_POINT('',(8.524784166375E-02,0.862099018498));
#4804 = CARTESIAN_POINT('',(8.65785151256E-02,0.861884630049));
#4805 = CARTESIAN_POINT('',(8.787755233694E-02,0.861688204912));
#4806 = CARTESIAN_POINT('',(8.914779227941E-02,0.861504416614));
#4807 = CARTESIAN_POINT('',(9.039041362411E-02,0.861333467814));
#4808 = CARTESIAN_POINT('',(9.271659005877E-02,0.861025991365));
#4809 = CARTESIAN_POINT('',(9.380390939119E-02,0.860887978673));
#4810 = CARTESIAN_POINT('',(9.487132560547E-02,0.860757440599));
#4811 = CARTESIAN_POINT('',(9.592002614729E-02,0.86063354577));
#4812 = CARTESIAN_POINT('',(9.695115418446E-02,0.860515613975));
#4813 = CARTESIAN_POINT('',(9.796580860695E-02,0.860403116164));
#4814 = CARTESIAN_POINT('',(9.896504402687E-02,0.860295674451));
#4815 = CARTESIAN_POINT('',(0.10081717145,0.860102671085));
#4816 = CARTESIAN_POINT('',(0.101673308921,0.86001595437));
#4817 = CARTESIAN_POINT('',(0.102518983266,0.859932701325));
#4818 = CARTESIAN_POINT('',(0.103354877298,0.859852727283));
#4819 = CARTESIAN_POINT('',(0.104181656573,0.85977587355));
#4820 = CARTESIAN_POINT('',(0.104999969386,0.859702007406));
#4821 = CARTESIAN_POINT('',(0.105810446775,0.859631022105));
#4822 = CARTESIAN_POINT('',(0.108954914434,0.859364106247));
#4823 = CARTESIAN_POINT('',(0.111234783564,0.859189037812));
#4824 = CARTESIAN_POINT('',(0.113468630616,0.859035490108));
#4825 = CARTESIAN_POINT('',(0.115670403888,0.858902307482));
#4826 = CARTESIAN_POINT('',(0.11785302183,0.858788986058));
#4827 = CARTESIAN_POINT('',(0.120028715617,0.858695339713));
#4828 = CARTESIAN_POINT('',(0.122209371708,0.858621166044));
#4829 = CARTESIAN_POINT('',(0.126512059199,0.858512995607));
#4830 = CARTESIAN_POINT('',(0.128632987807,0.858477473182));
#4831 = CARTESIAN_POINT('',(0.1307801192,0.858459002434));
#4832 = CARTESIAN_POINT('',(0.132964726075,0.858457018825));
#4833 = CARTESIAN_POINT('',(0.135199208932,0.858470840636));
#4834 = CARTESIAN_POINT('',(0.137497410147,0.85849977369));
#4835 = CARTESIAN_POINT('',(0.139874928033,0.858543216082));
#4836 = CARTESIAN_POINT('',(0.144683559828,0.858655041261));
#4837 = CARTESIAN_POINT('',(0.147103669703,0.858721867335));
#4838 = CARTESIAN_POINT('',(0.149624790158,0.858800859677));
#4839 = CARTESIAN_POINT('',(0.152263340466,0.858891806909));
#4840 = CARTESIAN_POINT('',(0.155036792212,0.858994604008));
#4841 = CARTESIAN_POINT('',(0.157963331966,0.859109188605));
#4842 = CARTESIAN_POINT('',(0.16106152395,0.859235477273));
#4843 = CARTESIAN_POINT('',(0.165418078333,0.859418067495));
#4844 = CARTESIAN_POINT('',(0.166506162256,0.859464045018));
#4845 = CARTESIAN_POINT('',(0.167614827884,0.859511227234));
#4846 = CARTESIAN_POINT('',(0.168744649473,0.859559603864));
#4847 = CARTESIAN_POINT('',(0.169896172138,0.859609161508));
#4848 = CARTESIAN_POINT('',(0.17106991185,0.859659883642));
#4849 = CARTESIAN_POINT('',(0.172266355437,0.859711750623));
#4850 = CARTESIAN_POINT('',(0.175996944362,0.859873850033));
#4851 = CARTESIAN_POINT('',(0.178606000395,0.859987674601));
#4852 = CARTESIAN_POINT('',(0.181317148696,0.860106057885));
#4853 = CARTESIAN_POINT('',(0.184133488772,0.860228719533));
#4854 = CARTESIAN_POINT('',(0.187057199627,0.860355254344));
#4855 = CARTESIAN_POINT('',(0.190089539762,0.860485132268));
#4856 = CARTESIAN_POINT('',(0.193230847169,0.860617698406));
#4857 = CARTESIAN_POINT('',(0.200864084889,0.860933521815));
#4858 = CARTESIAN_POINT('',(0.205445389602,0.861118362861));
#4859 = CARTESIAN_POINT('',(0.210222527394,0.86130436422));
#4860 = CARTESIAN_POINT('',(0.215191872602,0.861488920917));
#4861 = CARTESIAN_POINT('',(0.220348478735,0.86166844181));
#4862 = CARTESIAN_POINT('',(0.225686457236,0.861837636482));
#4863 = CARTESIAN_POINT('',(0.231199356242,0.861988802124));
#4864 = CARTESIAN_POINT('',(0.239000931541,0.862156745354));
#4865 = CARTESIAN_POINT('',(0.241144780131,0.862198409153));
#4866 = CARTESIAN_POINT('',(0.243311749521,0.862235496926));
#4867 = CARTESIAN_POINT('',(0.245501488071,0.862267399796));
#4868 = CARTESIAN_POINT('',(0.247713628092,0.862293504915));
#4869 = CARTESIAN_POINT('',(0.249947785846,0.86231319546));
#4870 = CARTESIAN_POINT('',(0.252203561541,0.862325850632));
#4871 = CARTESIAN_POINT('',(0.254480539338,0.86233084566));
#4872 = ( GEOMETRIC_REPRESENTATION_CONTEXT(2) 
PARAMETRIC_REPRESENTATION_CONTEXT() REPRESENTATION_CONTEXT('2D SPACE',''
  ) );
#4873 = PCURVE('',#4874,#4953);
#4874 = ( BOUNDED_SURFACE() B_SPLINE_SURFACE(12,5,(
    (#4875,#4876,#4877,#4878,#4879,#4880)
    ,(#4881,#4882,#4883,#4884,#4885,#4886)
    ,(#4887,#4888,#4889,#4890,#4891,#4892)
    ,(#4893,#4894,#4895,#4896,#4897,#4898)
    ,(#4899,#4900,#4901,#4902,#4903,#4904)
    ,(#4905,#4906,#4907,#4908,#4909,#4910)
    ,(#4911,#4912,#4913,#4914,#4915,#4916)
    ,(#4917,#4918,#4919,#4920,#4921,#4922)
    ,(#4923,#4924,#4925,#4926,#4927,#4928)
    ,(#4929,#4930,#4931,#4932,#4933,#4934)
    ,(#4935,#4936,#4937,#4938,#4939,#4940)
    ,(#4941,#4942,#4943,#4944,#4945,#4946)
    ,(#4947,#4948,#4949,#4950,#4951,#4952
)),.UNSPECIFIED.,.T.,.F.,.F.) B_SPLINE_SURFACE_WITH_KNOTS((13,13),(6,6),
  (0.,1.),(0.,1.),.PIECEWISE_BEZIER_KNOTS.) 
GEOMETRIC_REPRESENTATION_ITEM() RATIONAL_B_SPLINE_SURFACE((
    (1.,1.,1.,1.,1.,1.)
    ,(1.,1.,1.,1.,1.,1.)
    ,(1.,1.,1.,1.,1.,1.)
    ,(1.,1.,1.,1.,1.,1.)
    ,(1.,1.,1.,1.,1.,1.)
    ,(1.,1.,1.,1.,1.,1.)
    ,(1.,1.,1.,1.,1.,1.)
    ,(1.,1.,1.,1.,1.,1.)
    ,(1.,1.,1.,1.,1.,1.)
    ,(1.,1.,1.,1.,1.,1.)
    ,(1.,1.,1.,1.,1.,1.)
    ,(1.,1.,1.,1.,1.,1.)
,(1.,1.,1.,1.,1.,1.))) REPRESENTATION_ITEM('') SURFACE() );
#4875 = CARTESIAN_POINT('',(-2.8E-02,-0.3,0.31));
#4876 = CARTESIAN_POINT('',(-0.255541063469,-0.3,0.125910582382));
#4877 = CARTESIAN_POINT('',(0.254720341149,-0.3,0.360830564991));
#4878 = CARTESIAN_POINT('',(-0.28968450821,-0.3,-1.361075432102E-02));
#4879 = CARTESIAN_POINT('',(4.017303747266E-02,-0.3,8.510601747851E-02)
  );
#4880 = CARTESIAN_POINT('',(-2.176E-02,-0.3,0.));
#4881 = CARTESIAN_POINT('',(-2.8E-02,-0.25601770285,0.31));
#4882 = CARTESIAN_POINT('',(-0.255541063469,-0.37515792508,
    0.125910582382));
#4883 = CARTESIAN_POINT('',(0.254720341149,-0.107985678387,
    0.360830564991));
#4884 = CARTESIAN_POINT('',(-0.28968450821,-0.393035390942,
    -1.361075432102E-02));
#4885 = CARTESIAN_POINT('',(4.017303747268E-02,-0.2203223839,
    8.510601747851E-02));
#4886 = CARTESIAN_POINT('',(-2.176E-02,-0.25275044649,0.));
#4887 = CARTESIAN_POINT('',(-5.312276723975E-02,-0.212036311823,0.31));
#4888 = CARTESIAN_POINT('',(-0.212610721482,-0.450314301756,
    0.125910582382));
#4889 = CARTESIAN_POINT('',(0.145041415282,8.402468734369E-02,
    0.360830564991));
#4890 = CARTESIAN_POINT('',(-0.236542525568,-0.486068865167,
    -1.361075432102E-02));
#4891 = CARTESIAN_POINT('',(-5.338960153509E-03,-0.14064640932,
    8.510601747851E-02));
#4892 = CARTESIAN_POINT('',(-4.874902994897E-02,-0.205501866416,0.));
#4893 = CARTESIAN_POINT('',(-0.103366656475,-0.183831554932,0.31));
#4894 = CARTESIAN_POINT('',(-0.12675284894,-0.498511216031,
    0.125910582382));
#4895 = CARTESIAN_POINT('',(-7.430925377561E-02,0.207158711978,
    0.360830564991));
#4896 = CARTESIAN_POINT('',(-0.130262040459,-0.545730155137,
    -1.361075432102E-02));
#4897 = CARTESIAN_POINT('',(-9.635997490764E-02,-8.955112923186E-02,
    8.510601747851E-02));
#4898 = CARTESIAN_POINT('',(-0.102725322385,-0.175201899012,0.));
#4899 = CARTESIAN_POINT('',(-0.167721744738,-0.187235735659,0.31));
#4900 = CARTESIAN_POINT('',(-1.678144645018E-02,-0.492694076486,
    0.125910582382));
#4901 = CARTESIAN_POINT('',(-0.355265443332,0.192297017721,
    0.360830564991));
#4902 = CARTESIAN_POINT('',(5.867747743799E-03,-0.53852931968,
    -1.361075432102E-02));
#4903 = CARTESIAN_POINT('',(-0.212944608929,-9.571808782021E-02,
    8.510601747851E-02));
#4904 = CARTESIAN_POINT('',(-0.171861074347,-0.178858961737,0.));
#4905 = CARTESIAN_POINT('',(-0.22410540915,-0.229219763198,0.31));
#4906 = CARTESIAN_POINT('',(7.956821011656E-02,-0.420950838846,
    0.125910582382));
#4907 = CARTESIAN_POINT('',(-0.601420641522,9.006578411057E-03,
    0.360830564991));
#4908 = CARTESIAN_POINT('',(0.125135648718,-0.449720851989,
    -1.361075432102E-02));
#4909 = CARTESIAN_POINT('',(-0.315088340803,-0.171775671105,
    8.510601747851E-02));
#4910 = CARTESIAN_POINT('',(-0.232433239544,-0.22396180275,0.));
#4911 = CARTESIAN_POINT('',(-0.24736684612,-0.3,0.31));
#4912 = CARTESIAN_POINT('',(0.119317869653,-0.300000000001,
    0.125910582382));
#4913 = CARTESIAN_POINT('',(-0.702973523689,-0.299999999999,
    0.360830564991));
#4914 = CARTESIAN_POINT('',(0.174340374774,-0.300000000001,
    -1.361075432102E-02));
#4915 = CARTESIAN_POINT('',(-0.357228382706,-0.3,8.510601747851E-02));
#4916 = CARTESIAN_POINT('',(-0.257422668975,-0.3,0.));
#4917 = CARTESIAN_POINT('',(-0.22410540915,-0.370780236802,0.31));
#4918 = CARTESIAN_POINT('',(7.956821011658E-02,-0.179049161152,
    0.125910582382));
#4919 = CARTESIAN_POINT('',(-0.601420641522,-0.609006578414,
    0.360830564991));
#4920 = CARTESIAN_POINT('',(0.125135648719,-0.150279148009,
    -1.361075432102E-02));
#4921 = CARTESIAN_POINT('',(-0.315088340803,-0.428224328895,
    8.510601747851E-02));
#4922 = CARTESIAN_POINT('',(-0.232433239544,-0.37603819725,0.));
#4923 = CARTESIAN_POINT('',(-0.167721744738,-0.412764264341,0.31));
#4924 = CARTESIAN_POINT('',(-1.678144645016E-02,-0.107305923515,
    0.125910582382));
#4925 = CARTESIAN_POINT('',(-0.355265443332,-0.792297017719,
    0.360830564991));
#4926 = CARTESIAN_POINT('',(5.867747743651E-03,-6.147068032129E-02,
    -1.361075432102E-02));
#4927 = CARTESIAN_POINT('',(-0.212944608929,-0.50428191218,
    8.510601747851E-02));
#4928 = CARTESIAN_POINT('',(-0.171861074347,-0.421141038263,0.));
#4929 = CARTESIAN_POINT('',(-0.103366656475,-0.416168445068,0.31));
#4930 = CARTESIAN_POINT('',(-0.12675284894,-0.101488783968,
    0.125910582382));
#4931 = CARTESIAN_POINT('',(-7.430925377566E-02,-0.80715871198,
    0.360830564991));
#4932 = CARTESIAN_POINT('',(-0.130262040458,-5.426984486266E-02,
    -1.361075432102E-02));
#4933 = CARTESIAN_POINT('',(-9.635997490771E-02,-0.510448870768,
    8.510601747851E-02));
#4934 = CARTESIAN_POINT('',(-0.102725322385,-0.424798100988,0.));
#4935 = CARTESIAN_POINT('',(-5.312276723975E-02,-0.387963688177,0.31));
#4936 = CARTESIAN_POINT('',(-0.212610721482,-0.149685698244,
    0.125910582382));
#4937 = CARTESIAN_POINT('',(0.145041415282,-0.684024687343,
    0.360830564991));
#4938 = CARTESIAN_POINT('',(-0.236542525569,-0.113931134833,
    -1.361075432102E-02));
#4939 = CARTESIAN_POINT('',(-5.338960153475E-03,-0.45935359068,
    8.510601747851E-02));
#4940 = CARTESIAN_POINT('',(-4.874902994898E-02,-0.394498133584,0.));
#4941 = CARTESIAN_POINT('',(-2.8E-02,-0.34398229715,0.31));
#4942 = CARTESIAN_POINT('',(-0.255541063469,-0.224842074919,
    0.125910582382));
#4943 = CARTESIAN_POINT('',(0.254720341149,-0.492014321613,
    0.360830564991));
#4944 = CARTESIAN_POINT('',(-0.28968450821,-0.206964609058,
    -1.361075432102E-02));
#4945 = CARTESIAN_POINT('',(4.017303747267E-02,-0.3796776161,
    8.510601747851E-02));
#4946 = CARTESIAN_POINT('',(-2.176E-02,-0.34724955351,0.));
#4947 = CARTESIAN_POINT('',(-2.8E-02,-0.3,0.31));
#4948 = CARTESIAN_POINT('',(-0.255541063469,-0.3,0.125910582382));
#4949 = CARTESIAN_POINT('',(0.254720341149,-0.3,0.360830564991));
#4950 = CARTESIAN_POINT('',(-0.28968450821,-0.3,-1.361075432102E-02));
#4951 = CARTESIAN_POINT('',(4.017303747266E-02,-0.3,8.510601747851E-02)
  );
#4952 = CARTESIAN_POINT('',(-2.176E-02,-0.3,0.));
#4953 = DEFINITIONAL_REPRESENTATION('',(#4954),#5105);
#4954 = B_SPLINE_CURVE_WITH_KNOTS('',8,(#4955,#4956,#4957,#4958,#4959,
    #4960,#4961,#4962,#4963,#4964,#4965,#4966,#4967,#4968,#4969,#4970,
    #4971,#4972,#4973,#4974,#4975,#4976,#4977,#4978,#4979,#4980,#4981,
    #4982,#4983,#4984,#4985,#4986,#4987,#4988,#4989,#4990,#4991,#4992,
    #4993,#4994,#4995,#4996,#4997,#4998,#4999,#5000,#5001,#5002,#5003,
    #5004,#5005,#5006,#5007,#5008,#5009,#5010,#5011,#5012,#5013,#5014,
    #5015,#5016,#5017,#5018,#5019,#5020,#5021,#5022,#5023,#5024,#5025,
    #5026,#5027,#5028,#5029,#5030,#5031,#5032,#5033,#5034,#5035,#5036,
    #5037,#5038,#5039,#5040,#5041,#5042,#5043,#5044,#5045,#5046,#5047,
    #5048,#5049,#5050,#5051,#5052,#5053,#5054,#5055,#5056,#5057,#5058,
    #5059,#5060,#5061,#5062,#5063,#5064,#5065,#5066,#5067,#5068,#5069,
    #5070,#5071,#5072,#5073,#5074,#5075,#5076,#5077,#5078,#5079,#5080,
    #5081,#5082,#5083,#5084,#5085,#5086,#5087,#5088,#5089,#5090,#5091,
    #5092,#5093,#5094,#5095,#5096,#5097,#5098,#5099,#5100,#5101,#5102,
    #5103,#5104),.UNSPECIFIED.,.F.,.F.,(9,7,7,8,8,8,8,8,8,8,8,7,7,7,7,7,
    7,7,7,7,9),(0.,4.077889064482E-02,0.110888849295,0.139123327244,
    0.179902217889,0.220681108534,0.261459999178,0.302238889823,
    0.343017780468,0.383796671113,0.424575561758,0.465354452402,
    0.502473493615,0.535163036371,0.630441952798,0.721717465384,
    0.807813685276,0.835778089491,0.893351399814,0.971014078014,1.),
  .UNSPECIFIED.);
#4955 = CARTESIAN_POINT('',(0.574394147493,0.));
#4956 = CARTESIAN_POINT('',(0.578104464099,3.007385644889E-03));
#4957 = CARTESIAN_POINT('',(0.582734749578,6.276339389264E-03));
#4958 = CARTESIAN_POINT('',(0.5882302669,9.747675573476E-03));
#4959 = CARTESIAN_POINT('',(0.59454628982,1.335343220687E-02));
#4960 = CARTESIAN_POINT('',(0.601649886997,1.700660464082E-02));
#4961 = CARTESIAN_POINT('',(0.609486355933,2.061922831056E-02));
#4962 = CARTESIAN_POINT('',(0.617960695079,2.412118907427E-02));
#4963 = CARTESIAN_POINT('',(0.642498321177,3.317879205717E-02));
#4964 = CARTESIAN_POINT('',(0.65957764498,3.838247672065E-02));
#4965 = CARTESIAN_POINT('',(0.677844366852,4.280740110747E-02));
#4966 = CARTESIAN_POINT('',(0.696896350425,4.631911642067E-02));
#4967 = CARTESIAN_POINT('',(0.716424842809,4.882368044924E-02));
#4968 = CARTESIAN_POINT('',(0.736216709557,5.025712620193E-02));
#4969 = CARTESIAN_POINT('',(0.756114865041,5.059702767048E-02));
#4970 = CARTESIAN_POINT('',(0.784022697381,4.954634961768E-02));
#4971 = CARTESIAN_POINT('',(0.792025935478,4.906801290814E-02));
#4972 = CARTESIAN_POINT('',(0.800008944876,4.841464914678E-02));
#4973 = CARTESIAN_POINT('',(0.80796007746,4.758826407528E-02));
#4974 = CARTESIAN_POINT('',(0.815867410902,4.659193568666E-02));
#4975 = CARTESIAN_POINT('',(0.823719081596,4.543058597061E-02));
#4976 = CARTESIAN_POINT('',(0.831503617594,4.411175265874E-02));
#4977 = CARTESIAN_POINT('',(0.839210271545,4.264636096998E-02));
#4978 = CARTESIAN_POINT('',(0.842573911247,4.200693100611E-02));
#4979 = CARTESIAN_POINT('',(0.845922705688,4.133947300044E-02));
#4980 = CARTESIAN_POINT('',(0.849256078105,4.064550726953E-02));
#4981 = CARTESIAN_POINT('',(0.852573240701,3.992618234474E-02));
#4982 = CARTESIAN_POINT('',(0.855873573548,3.918289941679E-02));
#4983 = CARTESIAN_POINT('',(0.859157003482,3.841793678034E-02));
#4984 = CARTESIAN_POINT('',(0.862424383007,3.763507427853E-02));
#4985 = CARTESIAN_POINT('',(0.865677869191,3.684021774757E-02));
#4986 = CARTESIAN_POINT('',(0.867220303401,3.646353905888E-02));
#4987 = CARTESIAN_POINT('',(0.86875943952,3.608398820527E-02));
#4988 = CARTESIAN_POINT('',(0.870296005059,3.570286154478E-02));
#4989 = CARTESIAN_POINT('',(0.871830370969,3.532093024171E-02));
#4990 = CARTESIAN_POINT('',(0.87336297622,3.493917028597E-02));
#4991 = CARTESIAN_POINT('',(0.874894752373,3.455949251262E-02));
#4992 = CARTESIAN_POINT('',(0.876427548161,3.418547262122E-02));
#4993 = CARTESIAN_POINT('',(0.877964554057,3.382308119533E-02));
#4994 = CARTESIAN_POINT('',(0.878609101013,3.367126886223E-02));
#4995 = CARTESIAN_POINT('',(0.879254096973,3.352137863151E-02));
#4996 = CARTESIAN_POINT('',(0.87990027587,3.337446395053E-02));
#4997 = CARTESIAN_POINT('',(0.880547985149,3.3231079368E-02));
#4998 = CARTESIAN_POINT('',(0.881197489448,3.309194473499E-02));
#4999 = CARTESIAN_POINT('',(0.88184927428,3.295860940597E-02));
#5000 = CARTESIAN_POINT('',(0.882504349714,3.283411643987E-02));
#5001 = CARTESIAN_POINT('',(0.883164554057,3.272366680107E-02));
#5002 = CARTESIAN_POINT('',(0.883535271079,3.265981329752E-02));
#5003 = CARTESIAN_POINT('',(0.883903957255,3.260562400374E-02));
#5004 = CARTESIAN_POINT('',(0.884274768673,3.255614795832E-02));
#5005 = CARTESIAN_POINT('',(0.884649792777,3.251099908065E-02));
#5006 = CARTESIAN_POINT('',(0.885029048357,3.247435617087E-02));
#5007 = CARTESIAN_POINT('',(0.885410485558,3.24549629099E-02));
#5008 = CARTESIAN_POINT('',(0.885789985876,3.246612785944E-02));
#5009 = CARTESIAN_POINT('',(0.886161362157,3.252572446199E-02));
#5010 = CARTESIAN_POINT('',(0.88624479942,3.254122239676E-02));
#5011 = CARTESIAN_POINT('',(0.886327044766,3.255956902045E-02));
#5012 = CARTESIAN_POINT('',(0.886407186104,3.258221770905E-02));
#5013 = CARTESIAN_POINT('',(0.886483939622,3.261018071138E-02));
#5014 = CARTESIAN_POINT('',(0.88655564979,3.264402914907E-02));
#5015 = CARTESIAN_POINT('',(0.886620289356,3.268389301656E-02));
#5016 = CARTESIAN_POINT('',(0.886675459349,3.272946118111E-02));
#5017 = CARTESIAN_POINT('',(0.886718389077,3.277998138281E-02));
#5018 = CARTESIAN_POINT('',(0.886786913404,3.285959345193E-02));
#5019 = CARTESIAN_POINT('',(0.886757285391,3.285885480024E-02));
#5020 = CARTESIAN_POINT('',(0.886833148412,3.295537282556E-02));
#5021 = CARTESIAN_POINT('',(0.887080610226,3.323097250442E-02));
#5022 = CARTESIAN_POINT('',(0.88668693795,3.367904727484E-02));
#5023 = CARTESIAN_POINT('',(0.886171999758,3.426652237629E-02));
#5024 = CARTESIAN_POINT('',(0.885485574179,3.483791228058E-02));
#5025 = CARTESIAN_POINT('',(0.885042126039,3.520528149924E-02));
#5026 = CARTESIAN_POINT('',(0.884477446756,3.566876614759E-02));
#5027 = CARTESIAN_POINT('',(0.883883281932,3.611717724506E-02));
#5028 = CARTESIAN_POINT('',(0.883269095934,3.655533669202E-02));
#5029 = CARTESIAN_POINT('',(0.8826404529,3.698587712904E-02));
#5030 = CARTESIAN_POINT('',(0.882000176985,3.740998773989E-02));
#5031 = CARTESIAN_POINT('',(0.881349512614,3.782816005446E-02));
#5032 = CARTESIAN_POINT('',(0.880689284729,3.824093375172E-02));
#5033 = CARTESIAN_POINT('',(0.880021059042,3.864964246262E-02));
#5034 = CARTESIAN_POINT('',(0.877479173611,4.020345311308E-02));
#5035 = CARTESIAN_POINT('',(0.874822571695,4.169025922782E-02));
#5036 = CARTESIAN_POINT('',(0.872092237453,4.313706286371E-02));
#5037 = CARTESIAN_POINT('',(0.869296661755,4.454432244841E-02));
#5038 = CARTESIAN_POINT('',(0.866444613466,4.591410728324E-02));
#5039 = CARTESIAN_POINT('',(0.86354500545,4.725001740243E-02));
#5040 = CARTESIAN_POINT('',(0.860599166945,4.85505804535E-02));
#5041 = CARTESIAN_POINT('',(0.854890465544,5.097133122295E-02));
#5042 = CARTESIAN_POINT('',(0.852135745182,5.209658305468E-02));
#5043 = CARTESIAN_POINT('',(0.849349243152,5.31936037428E-02));
#5044 = CARTESIAN_POINT('',(0.846533268208,5.426226351719E-02));
#5045 = CARTESIAN_POINT('',(0.843689867608,5.530229185314E-02));
#5046 = CARTESIAN_POINT('',(0.840820827114,5.631327747132E-02));
#5047 = CARTESIAN_POINT('',(0.837927670992,5.72946683378E-02));
#5048 = CARTESIAN_POINT('',(0.832443685244,5.908338357647E-02));
#5049 = CARTESIAN_POINT('',(0.829858095066,5.989754762778E-02));
#5050 = CARTESIAN_POINT('',(0.827255823167,6.068782254025E-02));
#5051 = CARTESIAN_POINT('',(0.824637750175,6.145371696121E-02));
#5052 = CARTESIAN_POINT('',(0.822004705646,6.219468946299E-02));
#5053 = CARTESIAN_POINT('',(0.819357468073,6.291014854292E-02));
#5054 = CARTESIAN_POINT('',(0.816696764878,6.359945262332E-02));
#5055 = CARTESIAN_POINT('',(0.806230904964,6.619282082123E-02));
#5056 = CARTESIAN_POINT('',(0.798330414464,6.789540969631E-02));
#5057 = CARTESIAN_POINT('',(0.79033824079,6.935370866779E-02));
#5058 = CARTESIAN_POINT('',(0.78227087196,7.054706742949E-02));
#5059 = CARTESIAN_POINT('',(0.774145600955,7.145425841941E-02));
#5060 = CARTESIAN_POINT('',(0.765981282544,7.205758186106E-02));
#5061 = CARTESIAN_POINT('',(0.757799090097,7.234697080477E-02));
#5062 = CARTESIAN_POINT('',(0.741790891111,7.230212249327E-02));
#5063 = CARTESIAN_POINT('',(0.733962754529,7.199351402448E-02));
#5064 = CARTESIAN_POINT('',(0.72615998652,7.139844038791E-02));
#5065 = CARTESIAN_POINT('',(0.718401486265,7.052674337123E-02));
#5066 = CARTESIAN_POINT('',(0.710704468153,6.939486504469E-02));
#5067 = CARTESIAN_POINT('',(0.703085001659,6.802277588133E-02));
#5068 = CARTESIAN_POINT('',(0.69555855122,6.643090287707E-02));
#5069 = CARTESIAN_POINT('',(0.681143153224,6.294503926634E-02));
#5070 = CARTESIAN_POINT('',(0.674244016873,6.107373547412E-02));
#5071 = CARTESIAN_POINT('',(0.667454021683,5.903875202658E-02));
#5072 = CARTESIAN_POINT('',(0.660787646616,5.685441691135E-02));
#5073 = CARTESIAN_POINT('',(0.654262269268,5.453442531891E-02));
#5074 = CARTESIAN_POINT('',(0.647897500161,5.209248458994E-02));
#5075 = CARTESIAN_POINT('',(0.641714517047,4.954295916286E-02));
#5076 = CARTESIAN_POINT('',(0.633793312609,4.604355846078E-02));
#5077 = CARTESIAN_POINT('',(0.631872816959,4.517596840584E-02));
#5078 = CARTESIAN_POINT('',(0.629974717606,4.42993094724E-02));
#5079 = CARTESIAN_POINT('',(0.628099814831,4.341417318048E-02));
#5080 = CARTESIAN_POINT('',(0.626248903842,4.252117845407E-02));
#5081 = CARTESIAN_POINT('',(0.624422774775,4.162097162114E-02));
#5082 = CARTESIAN_POINT('',(0.622622212694,4.071422641363E-02));
#5083 = CARTESIAN_POINT('',(0.617195356001,3.792289203927E-02));
#5084 = CARTESIAN_POINT('',(0.613653827423,3.601913440957E-02));
#5085 = CARTESIAN_POINT('',(0.610230796394,3.409686094203E-02));
#5086 = CARTESIAN_POINT('',(0.606932463584,3.216277748571E-02));
#5087 = CARTESIAN_POINT('',(0.60376384579,3.022380587514E-02));
#5088 = CARTESIAN_POINT('',(0.600728775945,2.828708393027E-02));
#5089 = CARTESIAN_POINT('',(0.597829903106,2.63599654565E-02));
#5090 = CARTESIAN_POINT('',(0.591343842994,2.187354591363E-02));
#5091 = CARTESIAN_POINT('',(0.58786848173,1.932737042052E-02));
#5092 = CARTESIAN_POINT('',(0.584645555497,1.682968092972E-02));
#5093 = CARTESIAN_POINT('',(0.581672056342,1.439692399873E-02));
#5094 = CARTESIAN_POINT('',(0.578940012008,1.204399189739E-02));
#5095 = CARTESIAN_POINT('',(0.576437476413,9.784408927206E-03));
#5096 = CARTESIAN_POINT('',(0.574149520119,7.630517740598E-03));
#5097 = CARTESIAN_POINT('',(0.571279034159,4.833457422726E-03));
#5098 = CARTESIAN_POINT('',(0.570526437104,4.089542070794E-03));
#5099 = CARTESIAN_POINT('',(0.569800480285,3.362520157926E-03));
#5100 = CARTESIAN_POINT('',(0.569100259557,2.652966072612E-03));
#5101 = CARTESIAN_POINT('',(0.568424916003,1.961428038294E-03));
#5102 = CARTESIAN_POINT('',(0.567773635931,1.288428113363E-03));
#5103 = CARTESIAN_POINT('',(0.567145650875,6.344621911665E-04));
#5104 = CARTESIAN_POINT('',(0.566540237596,0.));
#5105 = ( GEOMETRIC_REPRESENTATION_CONTEXT(2) 
PARAMETRIC_REPRESENTATION_CONTEXT() REPRESENTATION_CONTEXT('2D SPACE',''
  ) );
#5106 = ORIENTED_EDGE('',*,*,#5107,.T.);
#5107 = EDGE_CURVE('',#4563,#4565,#5108,.T.);
#5108 = SURFACE_CURVE('',#5109,(#5273,#5440),.PCURVE_S1.);
#5109 = B_SPLINE_CURVE_WITH_KNOTS('',8,(#5110,#5111,#5112,#5113,#5114,
    #5115,#5116,#5117,#5118,#5119,#5120,#5121,#5122,#5123,#5124,#5125,
    #5126,#5127,#5128,#5129,#5130,#5131,#5132,#5133,#5134,#5135,#5136,
    #5137,#5138,#5139,#5140,#5141,#5142,#5143,#5144,#5145,#5146,#5147,
    #5148,#5149,#5150,#5151,#5152,#5153,#5154,#5155,#5156,#5157,#5158,
    #5159,#5160,#5161,#5162,#5163,#5164,#5165,#5166,#5167,#5168,#5169,
    #5170,#5171,#5172,#5173,#5174,#5175,#5176,#5177,#5178,#5179,#5180,
    #5181,#5182,#5183,#5184,#5185,#5186,#5187,#5188,#5189,#5190,#5191,
    #5192,#5193,#5194,#5195,#5196,#5197,#5198,#5199,#5200,#5201,#5202,
    #5203,#5204,#5205,#5206,#5207,#5208,#5209,#5210,#5211,#5212,#5213,
    #5214,#5215,#5216,#5217,#5218,#5219,#5220,#5221,#5222,#5223,#5224,
    #5225,#5226,#5227,#5228,#5229,#5230,#5231,#5232,#5233,#5234,#5235,
    #5236,#5237,#5238,#5239,#5240,#5241,#5242,#5243,#5244,#5245,#5246,
    #5247,#5248,#5249,#5250,#5251,#5252,#5253,#5254,#5255,#5256,#5257,
    #5258,#5259,#5260,#5261,#5262,#5263,#5264,#5265,#5266,#5267,#5268,
    #5269,#5270,#5271,#5272),.UNSPECIFIED.,.F.,.F.,(9,7,7,7,7,7,7,7,7,7,
    7,7,7,7,7,7,7,7,7,7,7,7,7,9),(0.,0.273719089964,0.53227828344,
    0.634090374483,0.713309294647,0.890355193693,0.920886359563,
    0.936505823773,0.945112603385,0.947381833688,0.950152601996,
    0.958790267221,0.971296657524,0.982807602809,0.986653609287,
    0.988802110559,0.989679486122,0.991149247741,0.992765466605,
    0.994232707653,0.995412191936,0.997229931965,0.998372560882,1.),
  .UNSPECIFIED.);
#5110 = CARTESIAN_POINT('',(-2.8E-02,-0.384111767628,0.31));
#5111 = CARTESIAN_POINT('',(-3.957893052502E-02,-0.38386915968,0.31));
#5112 = CARTESIAN_POINT('',(-5.111149450642E-02,-0.383509296535,0.31));
#5113 = CARTESIAN_POINT('',(-6.257540961899E-02,-0.383027656397,0.31));
#5114 = CARTESIAN_POINT('',(-7.394253568917E-02,-0.382418202541,0.31));
#5115 = CARTESIAN_POINT('',(-8.51799924795E-02,-0.381671599802,0.31));
#5116 = CARTESIAN_POINT('',(-9.624703872317E-02,-0.380776039774,0.31));
#5117 = CARTESIAN_POINT('',(-0.107087712409,-0.379720674735,0.31));
#5118 = CARTESIAN_POINT('',(-0.127567465348,-0.377350160774,0.31));
#5119 = CARTESIAN_POINT('',(-0.13724188579,-0.376053150441,0.31));
#5120 = CARTESIAN_POINT('',(-0.146568611046,-0.374605859674,0.31));
#5121 = CARTESIAN_POINT('',(-0.155453902247,-0.373000928718,0.31));
#5122 = CARTESIAN_POINT('',(-0.163764102076,-0.371236231579,0.31));
#5123 = CARTESIAN_POINT('',(-0.171352233709,-0.369312952164,0.31));
#5124 = CARTESIAN_POINT('',(-0.17811020566,-0.367217391321,0.31));
#5125 = CARTESIAN_POINT('',(-0.186354841834,-0.363959589274,0.31));
#5126 = CARTESIAN_POINT('',(-0.188552936274,-0.363001988484,0.31));
#5127 = CARTESIAN_POINT('',(-0.190622898684,-0.36199908009,0.31));
#5128 = CARTESIAN_POINT('',(-0.192550683182,-0.360960753725,0.31));
#5129 = CARTESIAN_POINT('',(-0.194330298383,-0.359891792306,0.31));
#5130 = CARTESIAN_POINT('',(-0.195957568173,-0.358798123824,0.31));
#5131 = CARTESIAN_POINT('',(-0.197420189314,-0.357695582199,0.31));
#5132 = CARTESIAN_POINT('',(-0.199716735941,-0.355737469881,0.31));
#5133 = CARTESIAN_POINT('',(-0.200617960706,-0.354881514551,0.31));
#5134 = CARTESIAN_POINT('',(-0.201411505945,-0.35403237096,0.31));
#5135 = CARTESIAN_POINT('',(-0.202093598719,-0.35319558708,0.31));
#5136 = CARTESIAN_POINT('',(-0.202660817759,-0.3523761199,0.31));
#5137 = CARTESIAN_POINT('',(-0.203110279413,-0.351578096285,0.31));
#5138 = CARTESIAN_POINT('',(-0.20343982359,-0.350804573842,0.31));
#5139 = CARTESIAN_POINT('',(-0.204113898282,-0.348387227865,0.31));
#5140 = CARTESIAN_POINT('',(-0.203974484736,-0.346847738478,0.31));
#5141 = CARTESIAN_POINT('',(-0.203223170144,-0.345410059434,0.31));
#5142 = CARTESIAN_POINT('',(-0.201868091306,-0.344057268541,0.31));
#5143 = CARTESIAN_POINT('',(-0.199933601963,-0.342790208711,0.31));
#5144 = CARTESIAN_POINT('',(-0.197454323328,-0.341567497226,0.31));
#5145 = CARTESIAN_POINT('',(-0.19447223315,-0.340404280605,0.31));
#5146 = CARTESIAN_POINT('',(-0.190439472749,-0.339003685257,0.31));
#5147 = CARTESIAN_POINT('',(-0.18983269739,-0.338796817927,0.31));
#5148 = CARTESIAN_POINT('',(-0.189212511053,-0.338588278941,0.31));
#5149 = CARTESIAN_POINT('',(-0.188579130972,-0.338377564312,0.31));
#5150 = CARTESIAN_POINT('',(-0.187932788939,-0.338164032337,0.31));
#5151 = CARTESIAN_POINT('',(-0.187273740389,-0.337946461046,0.31));
#5152 = CARTESIAN_POINT('',(-0.186602273498,-0.337722605651,0.31));
#5153 = CARTESIAN_POINT('',(-0.185569017699,-0.337369120657,0.31));
#5154 = CARTESIAN_POINT('',(-0.185216456337,-0.337245778859,0.31));
#5155 = CARTESIAN_POINT('',(-0.184860769246,-0.3371199454,0.31));
#5156 = CARTESIAN_POINT('',(-0.184501875104,-0.336991364488,0.31));
#5157 = CARTESIAN_POINT('',(-0.184139876214,-0.336858309732,0.31));
#5158 = CARTESIAN_POINT('',(-0.183775058502,-0.33671758415,0.31));
#5159 = CARTESIAN_POINT('',(-0.18340789152,-0.336564520163,0.31));
#5160 = CARTESIAN_POINT('',(-0.182835774144,-0.336298455752,0.31));
#5161 = CARTESIAN_POINT('',(-0.182708613956,-0.33624359696,0.31));
#5162 = CARTESIAN_POINT('',(-0.182604395297,-0.336182582809,0.31));
#5163 = CARTESIAN_POINT('',(-0.182475514954,-0.336099378478,0.31));
#5164 = CARTESIAN_POINT('',(-0.18229632705,-0.335993731275,0.31));
#5165 = CARTESIAN_POINT('',(-0.182079551005,-0.335867167186,0.31));
#5166 = CARTESIAN_POINT('',(-0.181892679503,-0.335708987412,0.31));
#5167 = CARTESIAN_POINT('',(-0.181869563374,-0.335422488137,0.31));
#5168 = CARTESIAN_POINT('',(-0.181880000376,-0.335380893971,0.31));
#5169 = CARTESIAN_POINT('',(-0.181893846051,-0.335343741285,0.31));
#5170 = CARTESIAN_POINT('',(-0.181911109145,-0.335299411958,0.31));
#5171 = CARTESIAN_POINT('',(-0.181943968927,-0.33523939956,0.31));
#5172 = CARTESIAN_POINT('',(-0.182017085564,-0.33515929804,0.31));
#5173 = CARTESIAN_POINT('',(-0.182167910499,-0.335059790405,0.31));
#5174 = CARTESIAN_POINT('',(-0.182787765918,-0.334810696716,0.31));
#5175 = CARTESIAN_POINT('',(-0.183232549897,-0.334691762835,0.31));
#5176 = CARTESIAN_POINT('',(-0.183712326605,-0.334595499167,0.31));
#5177 = CARTESIAN_POINT('',(-0.18418320027,-0.334520223386,0.31));
#5178 = CARTESIAN_POINT('',(-0.184624822793,-0.334460501699,0.31));
#5179 = CARTESIAN_POINT('',(-0.185038815036,-0.334409743107,0.31));
#5180 = CARTESIAN_POINT('',(-0.185447188109,-0.334362793671,0.31));
#5181 = CARTESIAN_POINT('',(-0.187273581752,-0.334180544456,0.31));
#5182 = CARTESIAN_POINT('',(-0.188607512492,-0.33409752034,0.31));
#5183 = CARTESIAN_POINT('',(-0.189885802797,-0.334034944716,0.31));
#5184 = CARTESIAN_POINT('',(-0.191106138065,-0.333991888855,0.31));
#5185 = CARTESIAN_POINT('',(-0.192265898436,-0.333964148377,0.31));
#5186 = CARTESIAN_POINT('',(-0.193362331832,-0.333945387899,0.31));
#5187 = CARTESIAN_POINT('',(-0.194393785442,-0.333936699331,0.31));
#5188 = CARTESIAN_POINT('',(-0.196754410473,-0.333932496052,0.31));
#5189 = CARTESIAN_POINT('',(-0.19800978727,-0.333945143084,0.31));
#5190 = CARTESIAN_POINT('',(-0.199118044662,-0.333967653117,0.31));
#5191 = CARTESIAN_POINT('',(-0.200073563633,-0.333996041785,0.31));
#5192 = CARTESIAN_POINT('',(-0.200871408952,-0.334026474759,0.31));
#5193 = CARTESIAN_POINT('',(-0.201507409917,-0.334054131933,0.31));
#5194 = CARTESIAN_POINT('',(-0.201978241097,-0.334072071607,0.31));
#5195 = CARTESIAN_POINT('',(-0.202560626946,-0.334068275115,0.31));
#5196 = CARTESIAN_POINT('',(-0.202697283707,-0.334049111085,0.31));
#5197 = CARTESIAN_POINT('',(-0.202691083851,-0.334007156728,0.31));
#5198 = CARTESIAN_POINT('',(-0.202539847454,-0.333921214459,0.31));
#5199 = CARTESIAN_POINT('',(-0.202243509753,-0.333796716052,0.31));
#5200 = CARTESIAN_POINT('',(-0.201798682025,-0.333570683481,0.31));
#5201 = CARTESIAN_POINT('',(-0.201209093152,-0.333247770581,0.31));
#5202 = CARTESIAN_POINT('',(-0.200221117541,-0.332431487189,0.31));
#5203 = CARTESIAN_POINT('',(-0.199959708729,-0.332197784948,0.31));
#5204 = CARTESIAN_POINT('',(-0.199682396087,-0.331922710247,0.31));
#5205 = CARTESIAN_POINT('',(-0.19938682061,-0.331604154388,0.31));
#5206 = CARTESIAN_POINT('',(-0.199072562404,-0.331215765254,0.31));
#5207 = CARTESIAN_POINT('',(-0.198741331671,-0.330735519219,0.31));
#5208 = CARTESIAN_POINT('',(-0.198397047163,-0.330145941687,0.31));
#5209 = CARTESIAN_POINT('',(-0.197852812146,-0.328850525074,0.31));
#5210 = CARTESIAN_POINT('',(-0.197633309248,-0.3282550826,0.31));
#5211 = CARTESIAN_POINT('',(-0.197414102031,-0.327532105147,0.31));
#5212 = CARTESIAN_POINT('',(-0.197223774101,-0.326686423722,0.31));
#5213 = CARTESIAN_POINT('',(-0.197082395222,-0.325736492887,0.31));
#5214 = CARTESIAN_POINT('',(-0.196995451713,-0.324723563861,0.31));
#5215 = CARTESIAN_POINT('',(-0.196954066309,-0.32371762304,0.31));
#5216 = CARTESIAN_POINT('',(-0.196936378826,-0.322453576111,0.31));
#5217 = CARTESIAN_POINT('',(-0.19693167878,-0.321850194339,0.31));
#5218 = CARTESIAN_POINT('',(-0.196944172608,-0.321014549647,0.31));
#5219 = CARTESIAN_POINT('',(-0.196982310175,-0.319983995024,0.31));
#5220 = CARTESIAN_POINT('',(-0.197046225916,-0.318828637432,0.31));
#5221 = CARTESIAN_POINT('',(-0.197127738833,-0.317651337811,0.31));
#5222 = CARTESIAN_POINT('',(-0.197210352492,-0.316587711073,0.31));
#5223 = CARTESIAN_POINT('',(-0.197367927357,-0.31449683093,0.31));
#5224 = CARTESIAN_POINT('',(-0.197466054972,-0.313252741074,0.31));
#5225 = CARTESIAN_POINT('',(-0.19755943833,-0.312043562559,0.31));
#5226 = CARTESIAN_POINT('',(-0.197647443544,-0.310854957258,0.31));
#5227 = CARTESIAN_POINT('',(-0.197729706435,-0.309674827426,0.31));
#5228 = CARTESIAN_POINT('',(-0.197804890356,-0.308488346974,0.31));
#5229 = CARTESIAN_POINT('',(-0.197871497796,-0.307281739515,0.31));
#5230 = CARTESIAN_POINT('',(-0.197995876588,-0.304705606365,0.31));
#5231 = CARTESIAN_POINT('',(-0.198051735105,-0.303333520559,0.31));
#5232 = CARTESIAN_POINT('',(-0.198098338275,-0.30193416199,0.31));
#5233 = CARTESIAN_POINT('',(-0.198135731805,-0.300503251385,0.31));
#5234 = CARTESIAN_POINT('',(-0.19816398311,-0.299036902312,0.31));
#5235 = CARTESIAN_POINT('',(-0.198183184283,-0.297531909541,0.31));
#5236 = CARTESIAN_POINT('',(-0.198193455079,-0.295986037399,0.31));
#5237 = CARTESIAN_POINT('',(-0.198196299265,-0.292956930595,0.31));
#5238 = CARTESIAN_POINT('',(-0.198190377586,-0.29147844463,0.31));
#5239 = CARTESIAN_POINT('',(-0.198177559227,-0.289960010103,0.31));
#5240 = CARTESIAN_POINT('',(-0.198159202485,-0.288390277368,0.31));
#5241 = CARTESIAN_POINT('',(-0.198136470299,-0.286751366625,0.31));
#5242 = CARTESIAN_POINT('',(-0.198110476899,-0.285017297158,0.31));
#5243 = CARTESIAN_POINT('',(-0.198083756416,-0.283148866464,0.31));
#5244 = CARTESIAN_POINT('',(-0.198046410699,-0.279425863677,0.31));
#5245 = CARTESIAN_POINT('',(-0.198036109871,-0.277634658188,0.31));
#5246 = CARTESIAN_POINT('',(-0.198031996272,-0.275655448973,0.31));
#5247 = CARTESIAN_POINT('',(-0.198031286691,-0.273469214224,0.31));
#5248 = CARTESIAN_POINT('',(-0.198028569359,-0.271093824154,0.31));
#5249 = CARTESIAN_POINT('',(-0.19801580395,-0.268584040998,0.31));
#5250 = CARTESIAN_POINT('',(-0.197982321578,-0.266031519015,0.31));
#5251 = CARTESIAN_POINT('',(-0.197810803417,-0.259763273763,0.31));
#5252 = CARTESIAN_POINT('',(-0.197637166229,-0.255965260296,0.31));
#5253 = CARTESIAN_POINT('',(-0.19739795373,-0.252016076587,0.31));
#5254 = CARTESIAN_POINT('',(-0.197041948808,-0.248354506607,0.31));
#5255 = CARTESIAN_POINT('',(-0.196636779107,-0.244832392329,0.31));
#5256 = CARTESIAN_POINT('',(-0.196118567447,-0.241079509162,0.31));
#5257 = CARTESIAN_POINT('',(-0.195591828962,-0.237104561799,0.31));
#5258 = CARTESIAN_POINT('',(-0.194577918752,-0.230104867952,0.31));
#5259 = CARTESIAN_POINT('',(-0.194167970777,-0.227385012073,0.31));
#5260 = CARTESIAN_POINT('',(-0.193734540682,-0.22468865585,0.31));
#5261 = CARTESIAN_POINT('',(-0.193275604949,-0.222039796339,0.31));
#5262 = CARTESIAN_POINT('',(-0.19279199486,-0.219444780172,0.31));
#5263 = CARTESIAN_POINT('',(-0.192287396494,-0.216892303555,0.31));
#5264 = CARTESIAN_POINT('',(-0.191768350728,-0.214353412263,0.31));
#5265 = CARTESIAN_POINT('',(-0.190497784503,-0.208118345669,0.31));
#5266 = CARTESIAN_POINT('',(-0.189782027636,-0.204543982256,0.31));
#5267 = CARTESIAN_POINT('',(-0.189060375055,-0.200945822543,0.31));
#5268 = CARTESIAN_POINT('',(-0.188316356313,-0.197285193175,0.31));
#5269 = CARTESIAN_POINT('',(-0.187553638097,-0.193597336309,0.31));
#5270 = CARTESIAN_POINT('',(-0.18679602423,-0.18999140961,0.31));
#5271 = CARTESIAN_POINT('',(-0.186087455671,-0.186650486255,0.31));
#5272 = CARTESIAN_POINT('',(-0.185492010511,-0.183831554932,0.31));
#5273 = PCURVE('',#41,#5274);
#5274 = DEFINITIONAL_REPRESENTATION('',(#5275),#5439);
#5275 = B_SPLINE_CURVE_WITH_KNOTS('',8,(#5276,#5277,#5278,#5279,#5280,
    #5281,#5282,#5283,#5284,#5285,#5286,#5287,#5288,#5289,#5290,#5291,
    #5292,#5293,#5294,#5295,#5296,#5297,#5298,#5299,#5300,#5301,#5302,
    #5303,#5304,#5305,#5306,#5307,#5308,#5309,#5310,#5311,#5312,#5313,
    #5314,#5315,#5316,#5317,#5318,#5319,#5320,#5321,#5322,#5323,#5324,
    #5325,#5326,#5327,#5328,#5329,#5330,#5331,#5332,#5333,#5334,#5335,
    #5336,#5337,#5338,#5339,#5340,#5341,#5342,#5343,#5344,#5345,#5346,
    #5347,#5348,#5349,#5350,#5351,#5352,#5353,#5354,#5355,#5356,#5357,
    #5358,#5359,#5360,#5361,#5362,#5363,#5364,#5365,#5366,#5367,#5368,
    #5369,#5370,#5371,#5372,#5373,#5374,#5375,#5376,#5377,#5378,#5379,
    #5380,#5381,#5382,#5383,#5384,#5385,#5386,#5387,#5388,#5389,#5390,
    #5391,#5392,#5393,#5394,#5395,#5396,#5397,#5398,#5399,#5400,#5401,
    #5402,#5403,#5404,#5405,#5406,#5407,#5408,#5409,#5410,#5411,#5412,
    #5413,#5414,#5415,#5416,#5417,#5418,#5419,#5420,#5421,#5422,#5423,
    #5424,#5425,#5426,#5427,#5428,#5429,#5430,#5431,#5432,#5433,#5434,
    #5435,#5436,#5437,#5438),.UNSPECIFIED.,.F.,.F.,(9,7,7,7,7,7,7,7,7,7,
    7,7,7,7,7,7,7,7,7,7,7,7,7,9),(0.,0.273719089964,0.53227828344,
    0.634090374483,0.713309294647,0.890355193693,0.920886359563,
    0.936505823773,0.945112603385,0.947381833688,0.950152601996,
    0.958790267221,0.971296657524,0.982807602809,0.986653609287,
    0.988802110559,0.989679486122,0.991149247741,0.992765466605,
    0.994232707653,0.995412191936,0.997229931965,0.998372560882,1.),
  .UNSPECIFIED.);
#5276 = CARTESIAN_POINT('',(0.637220799087,0.890711505062));
#5277 = CARTESIAN_POINT('',(0.624984481508,0.890603094942));
#5278 = CARTESIAN_POINT('',(0.612711506039,0.890442172521));
#5279 = CARTESIAN_POINT('',(0.600377440061,0.890226543231));
#5280 = CARTESIAN_POINT('',(0.587957101828,0.88995261948));
#5281 = CARTESIAN_POINT('',(0.575425422115,0.889615367367));
#5282 = CARTESIAN_POINT('',(0.562754545967,0.889207750462));
#5283 = CARTESIAN_POINT('',(0.549907174572,0.888719670643));
#5284 = CARTESIAN_POINT('',(0.524469610916,0.887585445388));
#5285 = CARTESIAN_POINT('',(0.511901207115,0.886949061267));
#5286 = CARTESIAN_POINT('',(0.49907450859,0.886215657799));
#5287 = CARTESIAN_POINT('',(0.485949730613,0.885376724092));
#5288 = CARTESIAN_POINT('',(0.47247934402,0.884422398404));
#5289 = CARTESIAN_POINT('',(0.458622166344,0.883352875071));
#5290 = CARTESIAN_POINT('',(0.444377083568,0.882182293663));
#5291 = CARTESIAN_POINT('',(0.424098430111,0.880411451599));
#5292 = CARTESIAN_POINT('',(0.418322959148,0.87989580779));
#5293 = CARTESIAN_POINT('',(0.412508431026,0.879363832829));
#5294 = CARTESIAN_POINT('',(0.40665137885,0.878819398124));
#5295 = CARTESIAN_POINT('',(0.400753579125,0.878265899024));
#5296 = CARTESIAN_POINT('',(0.394817824278,0.877707648069));
#5297 = CARTESIAN_POINT('',(0.388841716802,0.877151578919));
#5298 = CARTESIAN_POINT('',(0.378148315862,0.876175881468));
#5299 = CARTESIAN_POINT('',(0.373445877077,0.875753372842));
#5300 = CARTESIAN_POINT('',(0.36872123304,0.875338097813));
#5301 = CARTESIAN_POINT('',(0.363975613463,0.874932509491));
#5302 = CARTESIAN_POINT('',(0.359210742879,0.874538664835));
#5303 = CARTESIAN_POINT('',(0.354428921811,0.874158153768));
#5304 = CARTESIAN_POINT('',(0.349633107948,0.873792028284));
#5305 = CARTESIAN_POINT('',(0.334085848903,0.872655620563));
#5306 = CARTESIAN_POINT('',(0.323289196334,0.871944105503));
#5307 = CARTESIAN_POINT('',(0.312492120569,0.871274450881));
#5308 = CARTESIAN_POINT('',(0.301739444798,0.870627590378));
#5309 = CARTESIAN_POINT('',(0.291065981353,0.870009338049));
#5310 = CARTESIAN_POINT('',(0.280507427104,0.869374634979));
#5311 = CARTESIAN_POINT('',(0.27008324611,0.868746847975));
#5312 = CARTESIAN_POINT('',(0.258058218106,0.867898210848));
#5313 = CARTESIAN_POINT('',(0.25629446065,0.867770622202));
#5314 = CARTESIAN_POINT('',(0.254535807492,0.867639332087));
#5315 = CARTESIAN_POINT('',(0.252782392066,0.867503770442));
#5316 = CARTESIAN_POINT('',(0.251034407259,0.867363200872));
#5317 = CARTESIAN_POINT('',(0.249292209701,0.86721619102));
#5318 = CARTESIAN_POINT('',(0.24755642406,0.867060082934));
#5319 = CARTESIAN_POINT('',(0.244943825661,0.866803687648));
#5320 = CARTESIAN_POINT('',(0.244062515639,0.866712023484));
#5321 = CARTESIAN_POINT('',(0.24318314546,0.8666169761));
#5322 = CARTESIAN_POINT('',(0.242305484608,0.86651826316));
#5323 = CARTESIAN_POINT('',(0.241430043852,0.866413814836));
#5324 = CARTESIAN_POINT('',(0.240558075247,0.866299773801));
#5325 = CARTESIAN_POINT('',(0.239691572135,0.866170495236));
#5326 = CARTESIAN_POINT('',(0.238360319198,0.865934818827));
#5327 = CARTESIAN_POINT('',(0.238066144194,0.865887304262));
#5328 = CARTESIAN_POINT('',(0.23782813004,0.865829179046));
#5329 = CARTESIAN_POINT('',(0.237535473262,0.865748014314));
#5330 = CARTESIAN_POINT('',(0.237128837356,0.865646937705));
#5331 = CARTESIAN_POINT('',(0.23664000916,0.865525794646));
#5332 = CARTESIAN_POINT('',(0.236231555219,0.865362309627));
#5333 = CARTESIAN_POINT('',(0.236237776106,0.865022307607));
#5334 = CARTESIAN_POINT('',(0.236270860349,0.864971068673));
#5335 = CARTESIAN_POINT('',(0.236312017657,0.864924587648));
#5336 = CARTESIAN_POINT('',(0.236363096748,0.864869004665));
#5337 = CARTESIAN_POINT('',(0.236453644396,0.86479253558));
#5338 = CARTESIAN_POINT('',(0.236643041567,0.864686464527));
#5339 = CARTESIAN_POINT('',(0.23702263954,0.864546136478));
#5340 = CARTESIAN_POINT('',(0.238566815895,0.864159264922));
#5341 = CARTESIAN_POINT('',(0.239669468767,0.863952634171));
#5342 = CARTESIAN_POINT('',(0.240869703928,0.863766465388));
#5343 = CARTESIAN_POINT('',(0.242062357539,0.863604994377));
#5344 = CARTESIAN_POINT('',(0.243194624403,0.863465081331));
#5345 = CARTESIAN_POINT('',(0.244267429712,0.863339007263));
#5346 = CARTESIAN_POINT('',(0.2453368008,0.863217270433));
#5347 = CARTESIAN_POINT('',(0.250188932454,0.86269893734));
#5348 = CARTESIAN_POINT('',(0.253888777598,0.862364668724));
#5349 = CARTESIAN_POINT('',(0.257610728559,0.862047724948));
#5350 = CARTESIAN_POINT('',(0.261353847163,0.861746936362));
#5351 = CARTESIAN_POINT('',(0.265116924626,0.861457297658));
#5352 = CARTESIAN_POINT('',(0.268898719129,0.861171316199));
#5353 = CARTESIAN_POINT('',(0.272698895215,0.860890306787));
#5354 = CARTESIAN_POINT('',(0.282044586769,0.860205891731));
#5355 = CARTESIAN_POINT('',(0.287608391392,0.85980462976));
#5356 = CARTESIAN_POINT('',(0.2932046831,0.859401463968));
#5357 = CARTESIAN_POINT('',(0.298829524045,0.85899238043));
#5358 = CARTESIAN_POINT('',(0.304478462097,0.858574106551));
#5359 = CARTESIAN_POINT('',(0.310146472613,0.858143403262));
#5360 = CARTESIAN_POINT('',(0.315827900223,0.857696357229));
#5361 = CARTESIAN_POINT('',(0.326752125306,0.85679629375));
#5362 = CARTESIAN_POINT('',(0.331984769866,0.856347197283));
#5363 = CARTESIAN_POINT('',(0.337218729862,0.855876620382));
#5364 = CARTESIAN_POINT('',(0.342451314352,0.855375374445));
#5365 = CARTESIAN_POINT('',(0.347680479975,0.854844163481));
#5366 = CARTESIAN_POINT('',(0.352890156465,0.854258962561));
#5367 = CARTESIAN_POINT('',(0.358069025228,0.853620882549));
#5368 = CARTESIAN_POINT('',(0.36488693774,0.852604098552));
#5369 = CARTESIAN_POINT('',(0.366567168883,0.852338762638));
#5370 = CARTESIAN_POINT('',(0.368233839359,0.8520567891));
#5371 = CARTESIAN_POINT('',(0.36990046289,0.851755742546));
#5372 = CARTESIAN_POINT('',(0.371554796997,0.851426854806));
#5373 = CARTESIAN_POINT('',(0.373176173606,0.85106387741));
#5374 = CARTESIAN_POINT('',(0.374740565762,0.850662766946));
#5375 = CARTESIAN_POINT('',(0.376950162418,0.849917076284));
#5376 = CARTESIAN_POINT('',(0.377790102619,0.849593803495));
#5377 = CARTESIAN_POINT('',(0.378540499373,0.849231221272));
#5378 = CARTESIAN_POINT('',(0.379077395704,0.848846433002));
#5379 = CARTESIAN_POINT('',(0.379326840111,0.8484564005));
#5380 = CARTESIAN_POINT('',(0.379284566063,0.848078316761));
#5381 = CARTESIAN_POINT('',(0.379018927061,0.84773089727));
#5382 = CARTESIAN_POINT('',(0.378509324063,0.847316404626));
#5383 = CARTESIAN_POINT('',(0.378257274792,0.847119801131));
#5384 = CARTESIAN_POINT('',(0.377800273792,0.846861065399));
#5385 = CARTESIAN_POINT('',(0.377101802312,0.84655882364));
#5386 = CARTESIAN_POINT('',(0.376189488493,0.84623604225));
#5387 = CARTESIAN_POINT('',(0.375155107369,0.84592002781));
#5388 = CARTESIAN_POINT('',(0.374154580871,0.845642427086));
#5389 = CARTESIAN_POINT('',(0.372157283644,0.845098830449));
#5390 = CARTESIAN_POINT('',(0.370902713149,0.844782526614));
#5391 = CARTESIAN_POINT('',(0.369653604105,0.844476747502));
#5392 = CARTESIAN_POINT('',(0.368405372311,0.844177126778));
#5393 = CARTESIAN_POINT('',(0.367154327826,0.843879238981));
#5394 = CARTESIAN_POINT('',(0.365903004399,0.843575619443));
#5395 = CARTESIAN_POINT('',(0.36465600212,0.843259064967));
#5396 = CARTESIAN_POINT('',(0.362032159748,0.842572795957));
#5397 = CARTESIAN_POINT('',(0.360658495211,0.842200979659));
#5398 = CARTESIAN_POINT('',(0.359284652556,0.841816088521));
#5399 = CARTESIAN_POINT('',(0.357910570458,0.841417949086));
#5400 = CARTESIAN_POINT('',(0.356536491247,0.841006983122));
#5401 = CARTESIAN_POINT('',(0.355162628785,0.840584298452));
#5402 = CARTESIAN_POINT('',(0.353788836335,0.840151779793));
#5403 = CARTESIAN_POINT('',(0.351166415205,0.839313100319));
#5404 = CARTESIAN_POINT('',(0.349914700801,0.838907699439));
#5405 = CARTESIAN_POINT('',(0.34866408442,0.838495445058));
#5406 = CARTESIAN_POINT('',(0.347417455507,0.838073303799));
#5407 = CARTESIAN_POINT('',(0.346172587067,0.837636568436));
#5408 = CARTESIAN_POINT('',(0.344924318739,0.837178699371));
#5409 = CARTESIAN_POINT('',(0.343671975621,0.836690179968));
#5410 = CARTESIAN_POINT('',(0.341435250864,0.83572727978));
#5411 = CARTESIAN_POINT('',(0.340445171506,0.835267412379));
#5412 = CARTESIAN_POINT('',(0.339456382542,0.834763319916));
#5413 = CARTESIAN_POINT('',(0.338465356115,0.834210263017));
#5414 = CARTESIAN_POINT('',(0.337470438763,0.833612226559));
#5415 = CARTESIAN_POINT('',(0.336471851413,0.832981919673));
#5416 = CARTESIAN_POINT('',(0.335471689383,0.832340775744));
#5417 = CARTESIAN_POINT('',(0.332936232528,0.830760641066));
#5418 = CARTESIAN_POINT('',(0.331285500783,0.829797792819));
#5419 = CARTESIAN_POINT('',(0.329891095791,0.828804004362));
#5420 = CARTESIAN_POINT('',(0.327486977469,0.827848872871));
#5421 = CARTESIAN_POINT('',(0.325862284944,0.826948066081));
#5422 = CARTESIAN_POINT('',(0.323815643769,0.82597673105));
#5423 = CARTESIAN_POINT('',(0.323446442642,0.825004423216));
#5424 = CARTESIAN_POINT('',(0.32300286999,0.823299192077));
#5425 = CARTESIAN_POINT('',(0.322926144891,0.822639848044));
#5426 = CARTESIAN_POINT('',(0.322714192692,0.821982182188));
#5427 = CARTESIAN_POINT('',(0.32224121942,0.821327945007));
#5428 = CARTESIAN_POINT('',(0.321485347161,0.820677792174));
#5429 = CARTESIAN_POINT('',(0.320528614054,0.820031284538));
#5430 = CARTESIAN_POINT('',(0.319556974298,0.819386888119));
#5431 = CARTESIAN_POINT('',(0.317868026727,0.817823427187));
#5432 = CARTESIAN_POINT('',(0.317459233834,0.816942885341));
#5433 = CARTESIAN_POINT('',(0.317318439535,0.816063692183));
#5434 = CARTESIAN_POINT('',(0.317222251341,0.815169974693));
#5435 = CARTESIAN_POINT('',(0.317039364202,0.814266643222));
#5436 = CARTESIAN_POINT('',(0.316730560514,0.813379391489));
#5437 = CARTESIAN_POINT('',(0.316348710112,0.812554696587));
#5438 = CARTESIAN_POINT('',(0.316038770274,0.811859818977));
#5439 = ( GEOMETRIC_REPRESENTATION_CONTEXT(2) 
PARAMETRIC_REPRESENTATION_CONTEXT() REPRESENTATION_CONTEXT('2D SPACE',''
  ) );
#5440 = PCURVE('',#5441,#5446);
#5441 = PLANE('',#5442);
#5442 = AXIS2_PLACEMENT_3D('',#5443,#5444,#5445);
#5443 = CARTESIAN_POINT('',(-2.8E-02,-0.3,0.31));
#5444 = DIRECTION('',(0.,0.,-1.));
#5445 = DIRECTION('',(-1.,3.30423521479E-16,0.));
#5446 = DEFINITIONAL_REPRESENTATION('',(#5447),#5611);
#5447 = B_SPLINE_CURVE_WITH_KNOTS('',8,(#5448,#5449,#5450,#5451,#5452,
    #5453,#5454,#5455,#5456,#5457,#5458,#5459,#5460,#5461,#5462,#5463,
    #5464,#5465,#5466,#5467,#5468,#5469,#5470,#5471,#5472,#5473,#5474,
    #5475,#5476,#5477,#5478,#5479,#5480,#5481,#5482,#5483,#5484,#5485,
    #5486,#5487,#5488,#5489,#5490,#5491,#5492,#5493,#5494,#5495,#5496,
    #5497,#5498,#5499,#5500,#5501,#5502,#5503,#5504,#5505,#5506,#5507,
    #5508,#5509,#5510,#5511,#5512,#5513,#5514,#5515,#5516,#5517,#5518,
    #5519,#5520,#5521,#5522,#5523,#5524,#5525,#5526,#5527,#5528,#5529,
    #5530,#5531,#5532,#5533,#5534,#5535,#5536,#5537,#5538,#5539,#5540,
    #5541,#5542,#5543,#5544,#5545,#5546,#5547,#5548,#5549,#5550,#5551,
    #5552,#5553,#5554,#5555,#5556,#5557,#5558,#5559,#5560,#5561,#5562,
    #5563,#5564,#5565,#5566,#5567,#5568,#5569,#5570,#5571,#5572,#5573,
    #5574,#5575,#5576,#5577,#5578,#5579,#5580,#5581,#5582,#5583,#5584,
    #5585,#5586,#5587,#5588,#5589,#5590,#5591,#5592,#5593,#5594,#5595,
    #5596,#5597,#5598,#5599,#5600,#5601,#5602,#5603,#5604,#5605,#5606,
    #5607,#5608,#5609,#5610),.UNSPECIFIED.,.F.,.F.,(9,7,7,7,7,7,7,7,7,7,
    7,7,7,7,7,7,7,7,7,7,7,7,7,9),(0.,0.273719089964,0.53227828344,
    0.634090374483,0.713309294647,0.890355193693,0.920886359563,
    0.936505823773,0.945112603385,0.947381833688,0.950152601996,
    0.958790267221,0.971296657524,0.982807602809,0.986653609287,
    0.988802110559,0.989679486122,0.991149247741,0.992765466605,
    0.994232707653,0.995412191936,0.997229931965,0.998372560882,1.),
  .UNSPECIFIED.);
#5448 = CARTESIAN_POINT('',(-1.328798182598E-15,-8.411176762799E-02));
#5449 = CARTESIAN_POINT('',(1.157893052502E-02,-8.386915968009E-02));
#5450 = CARTESIAN_POINT('',(2.311149450642E-02,-8.350929653534E-02));
#5451 = CARTESIAN_POINT('',(3.457540961899E-02,-8.302765639705E-02));
#5452 = CARTESIAN_POINT('',(4.594253568917E-02,-8.2418202541E-02));
#5453 = CARTESIAN_POINT('',(5.71799924795E-02,-8.167159980157E-02));
#5454 = CARTESIAN_POINT('',(6.824703872317E-02,-8.077603977433E-02));
#5455 = CARTESIAN_POINT('',(7.908771240857E-02,-7.972067473507E-02));
#5456 = CARTESIAN_POINT('',(9.956746534783E-02,-7.735016077409E-02));
#5457 = CARTESIAN_POINT('',(0.10924188579,-7.605315044055E-02));
#5458 = CARTESIAN_POINT('',(0.118568611046,-7.460585967359E-02));
#5459 = CARTESIAN_POINT('',(0.127453902247,-7.300092871804E-02));
#5460 = CARTESIAN_POINT('',(0.135764102076,-7.123623157945E-02));
#5461 = CARTESIAN_POINT('',(0.143352233709,-6.931295216374E-02));
#5462 = CARTESIAN_POINT('',(0.15011020566,-6.721739132061E-02));
#5463 = CARTESIAN_POINT('',(0.158354841834,-6.395958927447E-02));
#5464 = CARTESIAN_POINT('',(0.160552936274,-6.300198848395E-02));
#5465 = CARTESIAN_POINT('',(0.162622898684,-6.199908009008E-02));
#5466 = CARTESIAN_POINT('',(0.164550683182,-6.096075372529E-02));
#5467 = CARTESIAN_POINT('',(0.166330298383,-5.989179230618E-02));
#5468 = CARTESIAN_POINT('',(0.167957568173,-5.879812382361E-02));
#5469 = CARTESIAN_POINT('',(0.169420189314,-5.769558219867E-02));
#5470 = CARTESIAN_POINT('',(0.171716735941,-5.573746988082E-02));
#5471 = CARTESIAN_POINT('',(0.172617960706,-5.488151455118E-02));
#5472 = CARTESIAN_POINT('',(0.173411505945,-5.403237095957E-02));
#5473 = CARTESIAN_POINT('',(0.174093598719,-5.319558708002E-02));
#5474 = CARTESIAN_POINT('',(0.174660817759,-5.237611989998E-02));
#5475 = CARTESIAN_POINT('',(0.175110279413,-5.157809628484E-02));
#5476 = CARTESIAN_POINT('',(0.17543982359,-5.080457384248E-02));
#5477 = CARTESIAN_POINT('',(0.176113898282,-4.83872278653E-02));
#5478 = CARTESIAN_POINT('',(0.175974484736,-4.684773847785E-02));
#5479 = CARTESIAN_POINT('',(0.175223170144,-4.541005943442E-02));
#5480 = CARTESIAN_POINT('',(0.173868091306,-4.405726854143E-02));
#5481 = CARTESIAN_POINT('',(0.171933601963,-4.279020871066E-02));
#5482 = CARTESIAN_POINT('',(0.169454323328,-4.156749722556E-02));
#5483 = CARTESIAN_POINT('',(0.16647223315,-4.040428060489E-02));
#5484 = CARTESIAN_POINT('',(0.162439472749,-3.900368525664E-02));
#5485 = CARTESIAN_POINT('',(0.16183269739,-3.879681792658E-02));
#5486 = CARTESIAN_POINT('',(0.161212511053,-3.858827894096E-02));
#5487 = CARTESIAN_POINT('',(0.160579130972,-3.837756431229E-02));
#5488 = CARTESIAN_POINT('',(0.159932788939,-3.816403233729E-02));
#5489 = CARTESIAN_POINT('',(0.159273740389,-3.794646104598E-02));
#5490 = CARTESIAN_POINT('',(0.158602273498,-3.77226056506E-02));
#5491 = CARTESIAN_POINT('',(0.157569017699,-3.736912065727E-02));
#5492 = CARTESIAN_POINT('',(0.157216456337,-3.724577885892E-02));
#5493 = CARTESIAN_POINT('',(0.156860769246,-3.711994540036E-02));
#5494 = CARTESIAN_POINT('',(0.156501875104,-3.699136448756E-02));
#5495 = CARTESIAN_POINT('',(0.156139876214,-3.685830973179E-02));
#5496 = CARTESIAN_POINT('',(0.155775058502,-3.671758414955E-02));
#5497 = CARTESIAN_POINT('',(0.15540789152,-3.656452016266E-02));
#5498 = CARTESIAN_POINT('',(0.154835774144,-3.629845575196E-02));
#5499 = CARTESIAN_POINT('',(0.154708613956,-3.624359695966E-02));
#5500 = CARTESIAN_POINT('',(0.154604395297,-3.618258280918E-02));
#5501 = CARTESIAN_POINT('',(0.154475514954,-3.609937847789E-02));
#5502 = CARTESIAN_POINT('',(0.15429632705,-3.599373127538E-02));
#5503 = CARTESIAN_POINT('',(0.154079551005,-3.586716718611E-02));
#5504 = CARTESIAN_POINT('',(0.153892679503,-3.570898741209E-02));
#5505 = CARTESIAN_POINT('',(0.153869563374,-3.542248813696E-02));
#5506 = CARTESIAN_POINT('',(0.153880000376,-3.538089397075E-02));
#5507 = CARTESIAN_POINT('',(0.153893846051,-3.534374128517E-02));
#5508 = CARTESIAN_POINT('',(0.153911109145,-3.529941195802E-02));
#5509 = CARTESIAN_POINT('',(0.153943968927,-3.52393995603E-02));
#5510 = CARTESIAN_POINT('',(0.154017085564,-3.515929803989E-02));
#5511 = CARTESIAN_POINT('',(0.154167910499,-3.505979040514E-02));
#5512 = CARTESIAN_POINT('',(0.154787765918,-3.481069671632E-02));
#5513 = CARTESIAN_POINT('',(0.155232549897,-3.469176283457E-02));
#5514 = CARTESIAN_POINT('',(0.155712326605,-3.45954991666E-02));
#5515 = CARTESIAN_POINT('',(0.15618320027,-3.45202233859E-02));
#5516 = CARTESIAN_POINT('',(0.156624822793,-3.446050169882E-02));
#5517 = CARTESIAN_POINT('',(0.157038815036,-3.440974310722E-02));
#5518 = CARTESIAN_POINT('',(0.157447188109,-3.436279367111E-02));
#5519 = CARTESIAN_POINT('',(0.159273581752,-3.418054445553E-02));
#5520 = CARTESIAN_POINT('',(0.160607512492,-3.409752033995E-02));
#5521 = CARTESIAN_POINT('',(0.161885802797,-3.403494471552E-02));
#5522 = CARTESIAN_POINT('',(0.163106138065,-3.399188885468E-02));
#5523 = CARTESIAN_POINT('',(0.164265898436,-3.396414837749E-02));
#5524 = CARTESIAN_POINT('',(0.165362331832,-3.394538789851E-02));
#5525 = CARTESIAN_POINT('',(0.166393785442,-3.393669933141E-02));
#5526 = CARTESIAN_POINT('',(0.168754410473,-3.393249605203E-02));
#5527 = CARTESIAN_POINT('',(0.17000978727,-3.394514308444E-02));
#5528 = CARTESIAN_POINT('',(0.171118044662,-3.396765311662E-02));
#5529 = CARTESIAN_POINT('',(0.172073563633,-3.399604178492E-02));
#5530 = CARTESIAN_POINT('',(0.172871408952,-3.402647475946E-02));
#5531 = CARTESIAN_POINT('',(0.173507409917,-3.405413193253E-02));
#5532 = CARTESIAN_POINT('',(0.173978241097,-3.407207160699E-02));
#5533 = CARTESIAN_POINT('',(0.174560626946,-3.406827511519E-02));
#5534 = CARTESIAN_POINT('',(0.174697283707,-3.404911108523E-02));
#5535 = CARTESIAN_POINT('',(0.174691083851,-3.400715672784E-02));
#5536 = CARTESIAN_POINT('',(0.174539847454,-3.392121445919E-02));
#5537 = CARTESIAN_POINT('',(0.174243509753,-3.379671605172E-02));
#5538 = CARTESIAN_POINT('',(0.173798682025,-3.357068348096E-02));
#5539 = CARTESIAN_POINT('',(0.173209093152,-3.324777058072E-02));
#5540 = CARTESIAN_POINT('',(0.172221117541,-3.24314871893E-02));
#5541 = CARTESIAN_POINT('',(0.171959708729,-3.219778494837E-02));
#5542 = CARTESIAN_POINT('',(0.171682396087,-3.192271024747E-02));
#5543 = CARTESIAN_POINT('',(0.17138682061,-3.160415438815E-02));
#5544 = CARTESIAN_POINT('',(0.171072562404,-3.121576525436E-02));
#5545 = CARTESIAN_POINT('',(0.170741331671,-3.073551921882E-02));
#5546 = CARTESIAN_POINT('',(0.170397047163,-3.014594168707E-02));
#5547 = CARTESIAN_POINT('',(0.169852812146,-2.88505250737E-02));
#5548 = CARTESIAN_POINT('',(0.169633309248,-2.825508260038E-02));
#5549 = CARTESIAN_POINT('',(0.169414102031,-2.753210514735E-02));
#5550 = CARTESIAN_POINT('',(0.169223774101,-2.66864237215E-02));
#5551 = CARTESIAN_POINT('',(0.169082395222,-2.573649288687E-02));
#5552 = CARTESIAN_POINT('',(0.168995451713,-2.472356386107E-02));
#5553 = CARTESIAN_POINT('',(0.168954066309,-2.371762303964E-02));
#5554 = CARTESIAN_POINT('',(0.168936378826,-2.245357611127E-02));
#5555 = CARTESIAN_POINT('',(0.16893167878,-2.185019433941E-02));
#5556 = CARTESIAN_POINT('',(0.168944172608,-2.101454964724E-02));
#5557 = CARTESIAN_POINT('',(0.168982310175,-1.998399502376E-02));
#5558 = CARTESIAN_POINT('',(0.169046225916,-1.882863743246E-02));
#5559 = CARTESIAN_POINT('',(0.169127738833,-1.765133781135E-02));
#5560 = CARTESIAN_POINT('',(0.169210352492,-1.658771107292E-02));
#5561 = CARTESIAN_POINT('',(0.169367927357,-1.449683093021E-02));
#5562 = CARTESIAN_POINT('',(0.169466054972,-1.325274107445E-02));
#5563 = CARTESIAN_POINT('',(0.16955943833,-1.204356255856E-02));
#5564 = CARTESIAN_POINT('',(0.169647443544,-1.085495725828E-02));
#5565 = CARTESIAN_POINT('',(0.169729706435,-9.674827426201E-03));
#5566 = CARTESIAN_POINT('',(0.169804890356,-8.488346974198E-03));
#5567 = CARTESIAN_POINT('',(0.169871497796,-7.281739515308E-03));
#5568 = CARTESIAN_POINT('',(0.169995876588,-4.705606365114E-03));
#5569 = CARTESIAN_POINT('',(0.170051735105,-3.333520558675E-03));
#5570 = CARTESIAN_POINT('',(0.170098338275,-1.934161989512E-03));
#5571 = CARTESIAN_POINT('',(0.170135731805,-5.032513845411E-04));
#5572 = CARTESIAN_POINT('',(0.17016398311,9.630976876815E-04));
#5573 = CARTESIAN_POINT('',(0.170183184283,2.468090458589E-03));
#5574 = CARTESIAN_POINT('',(0.170193455079,4.013962601231E-03));
#5575 = CARTESIAN_POINT('',(0.170196299265,7.043069405067E-03));
#5576 = CARTESIAN_POINT('',(0.170190377586,8.52155536964E-03));
#5577 = CARTESIAN_POINT('',(0.170177559227,1.003998989733E-02));
#5578 = CARTESIAN_POINT('',(0.170159202485,1.16097226321E-02));
#5579 = CARTESIAN_POINT('',(0.170136470299,1.324863337502E-02));
#5580 = CARTESIAN_POINT('',(0.170110476899,1.498270284216E-02));
#5581 = CARTESIAN_POINT('',(0.170083756416,1.685113353567E-02));
#5582 = CARTESIAN_POINT('',(0.170046410699,2.057413632346E-02));
#5583 = CARTESIAN_POINT('',(0.170036109871,2.236534181249E-02));
#5584 = CARTESIAN_POINT('',(0.170031996272,2.434455102676E-02));
#5585 = CARTESIAN_POINT('',(0.170031286691,2.653078577559E-02));
#5586 = CARTESIAN_POINT('',(0.170028569359,2.890617584575E-02));
#5587 = CARTESIAN_POINT('',(0.17001580395,3.141595900153E-02));
#5588 = CARTESIAN_POINT('',(0.169982321578,3.396848098468E-02));
#5589 = CARTESIAN_POINT('',(0.169810803417,4.023672623732E-02));
#5590 = CARTESIAN_POINT('',(0.169637166229,4.403473970364E-02));
#5591 = CARTESIAN_POINT('',(0.16939795373,4.79839234134E-02));
#5592 = CARTESIAN_POINT('',(0.169041948808,5.164549339335E-02));
#5593 = CARTESIAN_POINT('',(0.168636779107,5.516760767139E-02));
#5594 = CARTESIAN_POINT('',(0.168118567447,5.89204908382E-02));
#5595 = CARTESIAN_POINT('',(0.167591828962,6.289543820108E-02));
#5596 = CARTESIAN_POINT('',(0.166577918752,6.989513204844E-02));
#5597 = CARTESIAN_POINT('',(0.166167970777,7.261498792652E-02));
#5598 = CARTESIAN_POINT('',(0.165734540682,7.531134415042E-02));
#5599 = CARTESIAN_POINT('',(0.165275604949,7.796020366127E-02));
#5600 = CARTESIAN_POINT('',(0.16479199486,8.055521982754E-02));
#5601 = CARTESIAN_POINT('',(0.164287396494,8.310769644502E-02));
#5602 = CARTESIAN_POINT('',(0.163768350728,8.564658773687E-02));
#5603 = CARTESIAN_POINT('',(0.162497784503,9.188165433075E-02));
#5604 = CARTESIAN_POINT('',(0.161782027636,9.545601774384E-02));
#5605 = CARTESIAN_POINT('',(0.161060375055,9.905417745721E-02));
#5606 = CARTESIAN_POINT('',(0.160316356313,0.102714806825));
#5607 = CARTESIAN_POINT('',(0.159553638097,0.106402663691));
#5608 = CARTESIAN_POINT('',(0.15879602423,0.11000859039));
#5609 = CARTESIAN_POINT('',(0.158087455671,0.113349513745));
#5610 = CARTESIAN_POINT('',(0.157492010511,0.116168445068));
#5611 = ( GEOMETRIC_REPRESENTATION_CONTEXT(2) 
PARAMETRIC_REPRESENTATION_CONTEXT() REPRESENTATION_CONTEXT('2D SPACE',''
  ) );
#5612 = FACE_BOUND('',#5613,.F.);
#5613 = EDGE_LOOP('',(#5614,#5745));
#5614 = ORIENTED_EDGE('',*,*,#5615,.F.);
#5615 = EDGE_CURVE('',#5616,#5618,#5620,.T.);
#5616 = VERTEX_POINT('',#5617);
#5617 = CARTESIAN_POINT('',(-9.025575893013E-02,-0.381136835396,0.31));
#5618 = VERTEX_POINT('',#5619);
#5619 = CARTESIAN_POINT('',(-0.153288693977,-0.373152206146,0.31));
#5620 = SURFACE_CURVE('',#5621,(#5634,#5650),.PCURVE_S1.);
#5621 = B_SPLINE_CURVE_WITH_KNOTS('',6,(#5622,#5623,#5624,#5625,#5626,
    #5627,#5628,#5629,#5630,#5631,#5632,#5633),.UNSPECIFIED.,.F.,.F.,(7,
    5,7),(0.,0.397848650926,1.),.UNSPECIFIED.);
#5622 = CARTESIAN_POINT('',(-9.025575893013E-02,-0.381136835396,0.31));
#5623 = CARTESIAN_POINT('',(-9.46942088246E-02,-0.381213199694,
    0.309130163223));
#5624 = CARTESIAN_POINT('',(-9.906622338316E-02,-0.381195420842,
    0.308411172243));
#5625 = CARTESIAN_POINT('',(-0.103382041929,-0.381084326125,
    0.307839886687));
#5626 = CARTESIAN_POINT('',(-0.107650931989,-0.380879780825,
    0.307412964163));
#5627 = CARTESIAN_POINT('',(-0.111881189289,-0.380580688214,
    0.307126860255));
#5628 = CARTESIAN_POINT('',(-0.122435316694,-0.379586037109,
    0.30675219166));
#5629 = CARTESIAN_POINT('',(-0.128716097002,-0.378766950855,
    0.306841340713));
#5630 = CARTESIAN_POINT('',(-0.134949070891,-0.377717442029,
    0.307228330399));
#5631 = CARTESIAN_POINT('',(-0.141142203892,-0.376438721344,
    0.307909168585));
#5632 = CARTESIAN_POINT('',(-0.147276925125,-0.374917346566,
    0.308852945526));
#5633 = CARTESIAN_POINT('',(-0.153288693977,-0.373152206146,0.31));
#5634 = PCURVE('',#41,#5635);
#5635 = DEFINITIONAL_REPRESENTATION('',(#5636),#5649);
#5636 = B_SPLINE_CURVE_WITH_KNOTS('',6,(#5637,#5638,#5639,#5640,#5641,
    #5642,#5643,#5644,#5645,#5646,#5647,#5648),.UNSPECIFIED.,.F.,.F.,(7,
    5,7),(0.,0.397848650926,1.),.UNSPECIFIED.);
#5637 = CARTESIAN_POINT('',(0.569336196866,0.889367994228));
#5638 = CARTESIAN_POINT('',(0.564167407142,0.88940299937));
#5639 = CARTESIAN_POINT('',(0.559018299206,0.889394774525));
#5640 = CARTESIAN_POINT('',(0.553878881346,0.889343983352));
#5641 = CARTESIAN_POINT('',(0.548736317165,0.889250374514));
#5642 = CARTESIAN_POINT('',(0.543574925577,0.889112781677));
#5643 = CARTESIAN_POINT('',(0.530507565038,0.888651199944));
#5644 = CARTESIAN_POINT('',(0.522553856257,0.888267018119));
#5645 = CARTESIAN_POINT('',(0.514448169315,0.887772354504));
#5646 = CARTESIAN_POINT('',(0.506092334149,0.887144120926));
#5647 = CARTESIAN_POINT('',(0.49734851676,0.886366782585));
#5648 = CARTESIAN_POINT('',(0.488076899484,0.885429936035));
#5649 = ( GEOMETRIC_REPRESENTATION_CONTEXT(2) 
PARAMETRIC_REPRESENTATION_CONTEXT() REPRESENTATION_CONTEXT('2D SPACE',''
  ) );
#5650 = PCURVE('',#5651,#5730);
#5651 = ( BOUNDED_SURFACE() B_SPLINE_SURFACE(12,5,(
    (#5652,#5653,#5654,#5655,#5656,#5657)
    ,(#5658,#5659,#5660,#5661,#5662,#5663)
    ,(#5664,#5665,#5666,#5667,#5668,#5669)
    ,(#5670,#5671,#5672,#5673,#5674,#5675)
    ,(#5676,#5677,#5678,#5679,#5680,#5681)
    ,(#5682,#5683,#5684,#5685,#5686,#5687)
    ,(#5688,#5689,#5690,#5691,#5692,#5693)
    ,(#5694,#5695,#5696,#5697,#5698,#5699)
    ,(#5700,#5701,#5702,#5703,#5704,#5705)
    ,(#5706,#5707,#5708,#5709,#5710,#5711)
    ,(#5712,#5713,#5714,#5715,#5716,#5717)
    ,(#5718,#5719,#5720,#5721,#5722,#5723)
    ,(#5724,#5725,#5726,#5727,#5728,#5729
)),.UNSPECIFIED.,.T.,.F.,.F.) B_SPLINE_SURFACE_WITH_KNOTS((13,13),(6,6),
  (0.,1.),(0.,1.),.PIECEWISE_BEZIER_KNOTS.) 
GEOMETRIC_REPRESENTATION_ITEM() RATIONAL_B_SPLINE_SURFACE((
    (1.,1.,1.,1.,1.,1.)
    ,(1.,1.,1.,1.,1.,1.)
    ,(1.,1.,1.,1.,1.,1.)
    ,(1.,1.,1.,1.,1.,1.)
    ,(1.,1.,1.,1.,1.,1.)
    ,(1.,1.,1.,1.,1.,1.)
    ,(1.,1.,1.,1.,1.,1.)
    ,(1.,1.,1.,1.,1.,1.)
    ,(1.,1.,1.,1.,1.,1.)
    ,(1.,1.,1.,1.,1.,1.)
    ,(1.,1.,1.,1.,1.,1.)
    ,(1.,1.,1.,1.,1.,1.)
,(1.,1.,1.,1.,1.,1.))) REPRESENTATION_ITEM('') SURFACE() );
#5652 = CARTESIAN_POINT('',(-2.8E-02,-0.3,0.31));
#5653 = CARTESIAN_POINT('',(-0.255541063469,-0.3,0.125910582382));
#5654 = CARTESIAN_POINT('',(0.254720341149,-0.3,0.360830564991));
#5655 = CARTESIAN_POINT('',(-0.28968450821,-0.3,-1.361075432102E-02));
#5656 = CARTESIAN_POINT('',(4.017303747266E-02,-0.3,8.510601747851E-02)
  );
#5657 = CARTESIAN_POINT('',(-2.176E-02,-0.3,0.));
#5658 = CARTESIAN_POINT('',(-2.8E-02,-0.25601770285,0.31));
#5659 = CARTESIAN_POINT('',(-0.255541063469,-0.37515792508,
    0.125910582382));
#5660 = CARTESIAN_POINT('',(0.254720341149,-0.107985678387,
    0.360830564991));
#5661 = CARTESIAN_POINT('',(-0.28968450821,-0.393035390942,
    -1.361075432102E-02));
#5662 = CARTESIAN_POINT('',(4.017303747268E-02,-0.2203223839,
    8.510601747851E-02));
#5663 = CARTESIAN_POINT('',(-2.176E-02,-0.25275044649,0.));
#5664 = CARTESIAN_POINT('',(-5.312276723975E-02,-0.212036311823,0.31));
#5665 = CARTESIAN_POINT('',(-0.212610721482,-0.450314301756,
    0.125910582382));
#5666 = CARTESIAN_POINT('',(0.145041415282,8.402468734369E-02,
    0.360830564991));
#5667 = CARTESIAN_POINT('',(-0.236542525568,-0.486068865167,
    -1.361075432102E-02));
#5668 = CARTESIAN_POINT('',(-5.338960153509E-03,-0.14064640932,
    8.510601747851E-02));
#5669 = CARTESIAN_POINT('',(-4.874902994897E-02,-0.205501866416,0.));
#5670 = CARTESIAN_POINT('',(-0.103366656475,-0.183831554932,0.31));
#5671 = CARTESIAN_POINT('',(-0.12675284894,-0.498511216031,
    0.125910582382));
#5672 = CARTESIAN_POINT('',(-7.430925377561E-02,0.207158711978,
    0.360830564991));
#5673 = CARTESIAN_POINT('',(-0.130262040459,-0.545730155137,
    -1.361075432102E-02));
#5674 = CARTESIAN_POINT('',(-9.635997490764E-02,-8.955112923186E-02,
    8.510601747851E-02));
#5675 = CARTESIAN_POINT('',(-0.102725322385,-0.175201899012,0.));
#5676 = CARTESIAN_POINT('',(-0.167721744738,-0.187235735659,0.31));
#5677 = CARTESIAN_POINT('',(-1.678144645018E-02,-0.492694076486,
    0.125910582382));
#5678 = CARTESIAN_POINT('',(-0.355265443332,0.192297017721,
    0.360830564991));
#5679 = CARTESIAN_POINT('',(5.867747743799E-03,-0.53852931968,
    -1.361075432102E-02));
#5680 = CARTESIAN_POINT('',(-0.212944608929,-9.571808782021E-02,
    8.510601747851E-02));
#5681 = CARTESIAN_POINT('',(-0.171861074347,-0.178858961737,0.));
#5682 = CARTESIAN_POINT('',(-0.22410540915,-0.229219763198,0.31));
#5683 = CARTESIAN_POINT('',(7.956821011656E-02,-0.420950838846,
    0.125910582382));
#5684 = CARTESIAN_POINT('',(-0.601420641522,9.006578411057E-03,
    0.360830564991));
#5685 = CARTESIAN_POINT('',(0.125135648718,-0.449720851989,
    -1.361075432102E-02));
#5686 = CARTESIAN_POINT('',(-0.315088340803,-0.171775671105,
    8.510601747851E-02));
#5687 = CARTESIAN_POINT('',(-0.232433239544,-0.22396180275,0.));
#5688 = CARTESIAN_POINT('',(-0.24736684612,-0.3,0.31));
#5689 = CARTESIAN_POINT('',(0.119317869653,-0.300000000001,
    0.125910582382));
#5690 = CARTESIAN_POINT('',(-0.702973523689,-0.299999999999,
    0.360830564991));
#5691 = CARTESIAN_POINT('',(0.174340374774,-0.300000000001,
    -1.361075432102E-02));
#5692 = CARTESIAN_POINT('',(-0.357228382706,-0.3,8.510601747851E-02));
#5693 = CARTESIAN_POINT('',(-0.257422668975,-0.3,0.));
#5694 = CARTESIAN_POINT('',(-0.22410540915,-0.370780236802,0.31));
#5695 = CARTESIAN_POINT('',(7.956821011658E-02,-0.179049161152,
    0.125910582382));
#5696 = CARTESIAN_POINT('',(-0.601420641522,-0.609006578414,
    0.360830564991));
#5697 = CARTESIAN_POINT('',(0.125135648719,-0.150279148009,
    -1.361075432102E-02));
#5698 = CARTESIAN_POINT('',(-0.315088340803,-0.428224328895,
    8.510601747851E-02));
#5699 = CARTESIAN_POINT('',(-0.232433239544,-0.37603819725,0.));
#5700 = CARTESIAN_POINT('',(-0.167721744738,-0.412764264341,0.31));
#5701 = CARTESIAN_POINT('',(-1.678144645016E-02,-0.107305923515,
    0.125910582382));
#5702 = CARTESIAN_POINT('',(-0.355265443332,-0.792297017719,
    0.360830564991));
#5703 = CARTESIAN_POINT('',(5.867747743651E-03,-6.147068032129E-02,
    -1.361075432102E-02));
#5704 = CARTESIAN_POINT('',(-0.212944608929,-0.50428191218,
    8.510601747851E-02));
#5705 = CARTESIAN_POINT('',(-0.171861074347,-0.421141038263,0.));
#5706 = CARTESIAN_POINT('',(-0.103366656475,-0.416168445068,0.31));
#5707 = CARTESIAN_POINT('',(-0.12675284894,-0.101488783968,
    0.125910582382));
#5708 = CARTESIAN_POINT('',(-7.430925377566E-02,-0.80715871198,
    0.360830564991));
#5709 = CARTESIAN_POINT('',(-0.130262040458,-5.426984486266E-02,
    -1.361075432102E-02));
#5710 = CARTESIAN_POINT('',(-9.635997490771E-02,-0.510448870768,
    8.510601747851E-02));
#5711 = CARTESIAN_POINT('',(-0.102725322385,-0.424798100988,0.));
#5712 = CARTESIAN_POINT('',(-5.312276723975E-02,-0.387963688177,0.31));
#5713 = CARTESIAN_POINT('',(-0.212610721482,-0.149685698244,
    0.125910582382));
#5714 = CARTESIAN_POINT('',(0.145041415282,-0.684024687343,
    0.360830564991));
#5715 = CARTESIAN_POINT('',(-0.236542525569,-0.113931134833,
    -1.361075432102E-02));
#5716 = CARTESIAN_POINT('',(-5.338960153475E-03,-0.45935359068,
    8.510601747851E-02));
#5717 = CARTESIAN_POINT('',(-4.874902994898E-02,-0.394498133584,0.));
#5718 = CARTESIAN_POINT('',(-2.8E-02,-0.34398229715,0.31));
#5719 = CARTESIAN_POINT('',(-0.255541063469,-0.224842074919,
    0.125910582382));
#5720 = CARTESIAN_POINT('',(0.254720341149,-0.492014321613,
    0.360830564991));
#5721 = CARTESIAN_POINT('',(-0.28968450821,-0.206964609058,
    -1.361075432102E-02));
#5722 = CARTESIAN_POINT('',(4.017303747267E-02,-0.3796776161,
    8.510601747851E-02));
#5723 = CARTESIAN_POINT('',(-2.176E-02,-0.34724955351,0.));
#5724 = CARTESIAN_POINT('',(-2.8E-02,-0.3,0.31));
#5725 = CARTESIAN_POINT('',(-0.255541063469,-0.3,0.125910582382));
#5726 = CARTESIAN_POINT('',(0.254720341149,-0.3,0.360830564991));
#5727 = CARTESIAN_POINT('',(-0.28968450821,-0.3,-1.361075432102E-02));
#5728 = CARTESIAN_POINT('',(4.017303747266E-02,-0.3,8.510601747851E-02)
  );
#5729 = CARTESIAN_POINT('',(-2.176E-02,-0.3,0.));
#5730 = DEFINITIONAL_REPRESENTATION('',(#5731),#5744);
#5731 = B_SPLINE_CURVE_WITH_KNOTS('',6,(#5732,#5733,#5734,#5735,#5736,
    #5737,#5738,#5739,#5740,#5741,#5742,#5743),.UNSPECIFIED.,.F.,.F.,(7,
    5,7),(0.,0.397848650926,1.),.UNSPECIFIED.);
#5732 = CARTESIAN_POINT('',(0.791673418684,0.));
#5733 = CARTESIAN_POINT('',(0.783513190215,9.450106680851E-04));
#5734 = CARTESIAN_POINT('',(0.775269595485,1.735916432586E-03));
#5735 = CARTESIAN_POINT('',(0.766964653412,2.369999704988E-03));
#5736 = CARTESIAN_POINT('',(0.758620822598,2.846503507988E-03));
#5737 = CARTESIAN_POINT('',(0.750261001334,3.166631475498E-03));
#5738 = CARTESIAN_POINT('',(0.729266621322,3.586266700395E-03));
#5739 = CARTESIAN_POINT('',(0.716646450983,3.487091493909E-03));
#5740 = CARTESIAN_POINT('',(0.704120442522,3.051515030996E-03));
#5741 = CARTESIAN_POINT('',(0.691789121426,2.288500204809E-03));
#5742 = CARTESIAN_POINT('',(0.679782049643,1.246193242214E-03));
#5743 = CARTESIAN_POINT('',(0.668218527602,0.));
#5744 = ( GEOMETRIC_REPRESENTATION_CONTEXT(2) 
PARAMETRIC_REPRESENTATION_CONTEXT() REPRESENTATION_CONTEXT('2D SPACE',''
  ) );
#5745 = ORIENTED_EDGE('',*,*,#5746,.T.);
#5746 = EDGE_CURVE('',#5616,#5618,#5747,.T.);
#5747 = SURFACE_CURVE('',#5748,(#5912,#6079),.PCURVE_S1.);
#5748 = B_SPLINE_CURVE_WITH_KNOTS('',8,(#5749,#5750,#5751,#5752,#5753,
    #5754,#5755,#5756,#5757,#5758,#5759,#5760,#5761,#5762,#5763,#5764,
    #5765,#5766,#5767,#5768,#5769,#5770,#5771,#5772,#5773,#5774,#5775,
    #5776,#5777,#5778,#5779,#5780,#5781,#5782,#5783,#5784,#5785,#5786,
    #5787,#5788,#5789,#5790,#5791,#5792,#5793,#5794,#5795,#5796,#5797,
    #5798,#5799,#5800,#5801,#5802,#5803,#5804,#5805,#5806,#5807,#5808,
    #5809,#5810,#5811,#5812,#5813,#5814,#5815,#5816,#5817,#5818,#5819,
    #5820,#5821,#5822,#5823,#5824,#5825,#5826,#5827,#5828,#5829,#5830,
    #5831,#5832,#5833,#5834,#5835,#5836,#5837,#5838,#5839,#5840,#5841,
    #5842,#5843,#5844,#5845,#5846,#5847,#5848,#5849,#5850,#5851,#5852,
    #5853,#5854,#5855,#5856,#5857,#5858,#5859,#5860,#5861,#5862,#5863,
    #5864,#5865,#5866,#5867,#5868,#5869,#5870,#5871,#5872,#5873,#5874,
    #5875,#5876,#5877,#5878,#5879,#5880,#5881,#5882,#5883,#5884,#5885,
    #5886,#5887,#5888,#5889,#5890,#5891,#5892,#5893,#5894,#5895,#5896,
    #5897,#5898,#5899,#5900,#5901,#5902,#5903,#5904,#5905,#5906,#5907,
    #5908,#5909,#5910,#5911),.UNSPECIFIED.,.F.,.F.,(9,7,7,7,7,7,7,7,7,7,
    7,7,7,7,7,7,7,7,7,7,7,7,7,9),(0.,0.273719089964,0.53227828344,
    0.634090374483,0.713309294647,0.890355193693,0.920886359563,
    0.936505823773,0.945112603385,0.947381833688,0.950152601996,
    0.958790267221,0.971296657524,0.982807602809,0.986653609287,
    0.988802110559,0.989679486122,0.991149247741,0.992765466605,
    0.994232707653,0.995412191936,0.997229931965,0.998372560882,1.),
  .UNSPECIFIED.);
#5749 = CARTESIAN_POINT('',(-2.8E-02,-0.384111767628,0.31));
#5750 = CARTESIAN_POINT('',(-3.957893052502E-02,-0.38386915968,0.31));
#5751 = CARTESIAN_POINT('',(-5.111149450642E-02,-0.383509296535,0.31));
#5752 = CARTESIAN_POINT('',(-6.257540961899E-02,-0.383027656397,0.31));
#5753 = CARTESIAN_POINT('',(-7.394253568917E-02,-0.382418202541,0.31));
#5754 = CARTESIAN_POINT('',(-8.51799924795E-02,-0.381671599802,0.31));
#5755 = CARTESIAN_POINT('',(-9.624703872317E-02,-0.380776039774,0.31));
#5756 = CARTESIAN_POINT('',(-0.107087712409,-0.379720674735,0.31));
#5757 = CARTESIAN_POINT('',(-0.127567465348,-0.377350160774,0.31));
#5758 = CARTESIAN_POINT('',(-0.13724188579,-0.376053150441,0.31));
#5759 = CARTESIAN_POINT('',(-0.146568611046,-0.374605859674,0.31));
#5760 = CARTESIAN_POINT('',(-0.155453902247,-0.373000928718,0.31));
#5761 = CARTESIAN_POINT('',(-0.163764102076,-0.371236231579,0.31));
#5762 = CARTESIAN_POINT('',(-0.171352233709,-0.369312952164,0.31));
#5763 = CARTESIAN_POINT('',(-0.17811020566,-0.367217391321,0.31));
#5764 = CARTESIAN_POINT('',(-0.186354841834,-0.363959589274,0.31));
#5765 = CARTESIAN_POINT('',(-0.188552936274,-0.363001988484,0.31));
#5766 = CARTESIAN_POINT('',(-0.190622898684,-0.36199908009,0.31));
#5767 = CARTESIAN_POINT('',(-0.192550683182,-0.360960753725,0.31));
#5768 = CARTESIAN_POINT('',(-0.194330298383,-0.359891792306,0.31));
#5769 = CARTESIAN_POINT('',(-0.195957568173,-0.358798123824,0.31));
#5770 = CARTESIAN_POINT('',(-0.197420189314,-0.357695582199,0.31));
#5771 = CARTESIAN_POINT('',(-0.199716735941,-0.355737469881,0.31));
#5772 = CARTESIAN_POINT('',(-0.200617960706,-0.354881514551,0.31));
#5773 = CARTESIAN_POINT('',(-0.201411505945,-0.35403237096,0.31));
#5774 = CARTESIAN_POINT('',(-0.202093598719,-0.35319558708,0.31));
#5775 = CARTESIAN_POINT('',(-0.202660817759,-0.3523761199,0.31));
#5776 = CARTESIAN_POINT('',(-0.203110279413,-0.351578096285,0.31));
#5777 = CARTESIAN_POINT('',(-0.20343982359,-0.350804573842,0.31));
#5778 = CARTESIAN_POINT('',(-0.204113898282,-0.348387227865,0.31));
#5779 = CARTESIAN_POINT('',(-0.203974484736,-0.346847738478,0.31));
#5780 = CARTESIAN_POINT('',(-0.203223170144,-0.345410059434,0.31));
#5781 = CARTESIAN_POINT('',(-0.201868091306,-0.344057268541,0.31));
#5782 = CARTESIAN_POINT('',(-0.199933601963,-0.342790208711,0.31));
#5783 = CARTESIAN_POINT('',(-0.197454323328,-0.341567497226,0.31));
#5784 = CARTESIAN_POINT('',(-0.19447223315,-0.340404280605,0.31));
#5785 = CARTESIAN_POINT('',(-0.190439472749,-0.339003685257,0.31));
#5786 = CARTESIAN_POINT('',(-0.18983269739,-0.338796817927,0.31));
#5787 = CARTESIAN_POINT('',(-0.189212511053,-0.338588278941,0.31));
#5788 = CARTESIAN_POINT('',(-0.188579130972,-0.338377564312,0.31));
#5789 = CARTESIAN_POINT('',(-0.187932788939,-0.338164032337,0.31));
#5790 = CARTESIAN_POINT('',(-0.187273740389,-0.337946461046,0.31));
#5791 = CARTESIAN_POINT('',(-0.186602273498,-0.337722605651,0.31));
#5792 = CARTESIAN_POINT('',(-0.185569017699,-0.337369120657,0.31));
#5793 = CARTESIAN_POINT('',(-0.185216456337,-0.337245778859,0.31));
#5794 = CARTESIAN_POINT('',(-0.184860769246,-0.3371199454,0.31));
#5795 = CARTESIAN_POINT('',(-0.184501875104,-0.336991364488,0.31));
#5796 = CARTESIAN_POINT('',(-0.184139876214,-0.336858309732,0.31));
#5797 = CARTESIAN_POINT('',(-0.183775058502,-0.33671758415,0.31));
#5798 = CARTESIAN_POINT('',(-0.18340789152,-0.336564520163,0.31));
#5799 = CARTESIAN_POINT('',(-0.182835774144,-0.336298455752,0.31));
#5800 = CARTESIAN_POINT('',(-0.182708613956,-0.33624359696,0.31));
#5801 = CARTESIAN_POINT('',(-0.182604395297,-0.336182582809,0.31));
#5802 = CARTESIAN_POINT('',(-0.182475514954,-0.336099378478,0.31));
#5803 = CARTESIAN_POINT('',(-0.18229632705,-0.335993731275,0.31));
#5804 = CARTESIAN_POINT('',(-0.182079551005,-0.335867167186,0.31));
#5805 = CARTESIAN_POINT('',(-0.181892679503,-0.335708987412,0.31));
#5806 = CARTESIAN_POINT('',(-0.181869563374,-0.335422488137,0.31));
#5807 = CARTESIAN_POINT('',(-0.181880000376,-0.335380893971,0.31));
#5808 = CARTESIAN_POINT('',(-0.181893846051,-0.335343741285,0.31));
#5809 = CARTESIAN_POINT('',(-0.181911109145,-0.335299411958,0.31));
#5810 = CARTESIAN_POINT('',(-0.181943968927,-0.33523939956,0.31));
#5811 = CARTESIAN_POINT('',(-0.182017085564,-0.33515929804,0.31));
#5812 = CARTESIAN_POINT('',(-0.182167910499,-0.335059790405,0.31));
#5813 = CARTESIAN_POINT('',(-0.182787765918,-0.334810696716,0.31));
#5814 = CARTESIAN_POINT('',(-0.183232549897,-0.334691762835,0.31));
#5815 = CARTESIAN_POINT('',(-0.183712326605,-0.334595499167,0.31));
#5816 = CARTESIAN_POINT('',(-0.18418320027,-0.334520223386,0.31));
#5817 = CARTESIAN_POINT('',(-0.184624822793,-0.334460501699,0.31));
#5818 = CARTESIAN_POINT('',(-0.185038815036,-0.334409743107,0.31));
#5819 = CARTESIAN_POINT('',(-0.185447188109,-0.334362793671,0.31));
#5820 = CARTESIAN_POINT('',(-0.187273581752,-0.334180544456,0.31));
#5821 = CARTESIAN_POINT('',(-0.188607512492,-0.33409752034,0.31));
#5822 = CARTESIAN_POINT('',(-0.189885802797,-0.334034944716,0.31));
#5823 = CARTESIAN_POINT('',(-0.191106138065,-0.333991888855,0.31));
#5824 = CARTESIAN_POINT('',(-0.192265898436,-0.333964148377,0.31));
#5825 = CARTESIAN_POINT('',(-0.193362331832,-0.333945387899,0.31));
#5826 = CARTESIAN_POINT('',(-0.194393785442,-0.333936699331,0.31));
#5827 = CARTESIAN_POINT('',(-0.196754410473,-0.333932496052,0.31));
#5828 = CARTESIAN_POINT('',(-0.19800978727,-0.333945143084,0.31));
#5829 = CARTESIAN_POINT('',(-0.199118044662,-0.333967653117,0.31));
#5830 = CARTESIAN_POINT('',(-0.200073563633,-0.333996041785,0.31));
#5831 = CARTESIAN_POINT('',(-0.200871408952,-0.334026474759,0.31));
#5832 = CARTESIAN_POINT('',(-0.201507409917,-0.334054131933,0.31));
#5833 = CARTESIAN_POINT('',(-0.201978241097,-0.334072071607,0.31));
#5834 = CARTESIAN_POINT('',(-0.202560626946,-0.334068275115,0.31));
#5835 = CARTESIAN_POINT('',(-0.202697283707,-0.334049111085,0.31));
#5836 = CARTESIAN_POINT('',(-0.202691083851,-0.334007156728,0.31));
#5837 = CARTESIAN_POINT('',(-0.202539847454,-0.333921214459,0.31));
#5838 = CARTESIAN_POINT('',(-0.202243509753,-0.333796716052,0.31));
#5839 = CARTESIAN_POINT('',(-0.201798682025,-0.333570683481,0.31));
#5840 = CARTESIAN_POINT('',(-0.201209093152,-0.333247770581,0.31));
#5841 = CARTESIAN_POINT('',(-0.200221117541,-0.332431487189,0.31));
#5842 = CARTESIAN_POINT('',(-0.199959708729,-0.332197784948,0.31));
#5843 = CARTESIAN_POINT('',(-0.199682396087,-0.331922710247,0.31));
#5844 = CARTESIAN_POINT('',(-0.19938682061,-0.331604154388,0.31));
#5845 = CARTESIAN_POINT('',(-0.199072562404,-0.331215765254,0.31));
#5846 = CARTESIAN_POINT('',(-0.198741331671,-0.330735519219,0.31));
#5847 = CARTESIAN_POINT('',(-0.198397047163,-0.330145941687,0.31));
#5848 = CARTESIAN_POINT('',(-0.197852812146,-0.328850525074,0.31));
#5849 = CARTESIAN_POINT('',(-0.197633309248,-0.3282550826,0.31));
#5850 = CARTESIAN_POINT('',(-0.197414102031,-0.327532105147,0.31));
#5851 = CARTESIAN_POINT('',(-0.197223774101,-0.326686423722,0.31));
#5852 = CARTESIAN_POINT('',(-0.197082395222,-0.325736492887,0.31));
#5853 = CARTESIAN_POINT('',(-0.196995451713,-0.324723563861,0.31));
#5854 = CARTESIAN_POINT('',(-0.196954066309,-0.32371762304,0.31));
#5855 = CARTESIAN_POINT('',(-0.196936378826,-0.322453576111,0.31));
#5856 = CARTESIAN_POINT('',(-0.19693167878,-0.321850194339,0.31));
#5857 = CARTESIAN_POINT('',(-0.196944172608,-0.321014549647,0.31));
#5858 = CARTESIAN_POINT('',(-0.196982310175,-0.319983995024,0.31));
#5859 = CARTESIAN_POINT('',(-0.197046225916,-0.318828637432,0.31));
#5860 = CARTESIAN_POINT('',(-0.197127738833,-0.317651337811,0.31));
#5861 = CARTESIAN_POINT('',(-0.197210352492,-0.316587711073,0.31));
#5862 = CARTESIAN_POINT('',(-0.197367927357,-0.31449683093,0.31));
#5863 = CARTESIAN_POINT('',(-0.197466054972,-0.313252741074,0.31));
#5864 = CARTESIAN_POINT('',(-0.19755943833,-0.312043562559,0.31));
#5865 = CARTESIAN_POINT('',(-0.197647443544,-0.310854957258,0.31));
#5866 = CARTESIAN_POINT('',(-0.197729706435,-0.309674827426,0.31));
#5867 = CARTESIAN_POINT('',(-0.197804890356,-0.308488346974,0.31));
#5868 = CARTESIAN_POINT('',(-0.197871497796,-0.307281739515,0.31));
#5869 = CARTESIAN_POINT('',(-0.197995876588,-0.304705606365,0.31));
#5870 = CARTESIAN_POINT('',(-0.198051735105,-0.303333520559,0.31));
#5871 = CARTESIAN_POINT('',(-0.198098338275,-0.30193416199,0.31));
#5872 = CARTESIAN_POINT('',(-0.198135731805,-0.300503251385,0.31));
#5873 = CARTESIAN_POINT('',(-0.19816398311,-0.299036902312,0.31));
#5874 = CARTESIAN_POINT('',(-0.198183184283,-0.297531909541,0.31));
#5875 = CARTESIAN_POINT('',(-0.198193455079,-0.295986037399,0.31));
#5876 = CARTESIAN_POINT('',(-0.198196299265,-0.292956930595,0.31));
#5877 = CARTESIAN_POINT('',(-0.198190377586,-0.29147844463,0.31));
#5878 = CARTESIAN_POINT('',(-0.198177559227,-0.289960010103,0.31));
#5879 = CARTESIAN_POINT('',(-0.198159202485,-0.288390277368,0.31));
#5880 = CARTESIAN_POINT('',(-0.198136470299,-0.286751366625,0.31));
#5881 = CARTESIAN_POINT('',(-0.198110476899,-0.285017297158,0.31));
#5882 = CARTESIAN_POINT('',(-0.198083756416,-0.283148866464,0.31));
#5883 = CARTESIAN_POINT('',(-0.198046410699,-0.279425863677,0.31));
#5884 = CARTESIAN_POINT('',(-0.198036109871,-0.277634658188,0.31));
#5885 = CARTESIAN_POINT('',(-0.198031996272,-0.275655448973,0.31));
#5886 = CARTESIAN_POINT('',(-0.198031286691,-0.273469214224,0.31));
#5887 = CARTESIAN_POINT('',(-0.198028569359,-0.271093824154,0.31));
#5888 = CARTESIAN_POINT('',(-0.19801580395,-0.268584040998,0.31));
#5889 = CARTESIAN_POINT('',(-0.197982321578,-0.266031519015,0.31));
#5890 = CARTESIAN_POINT('',(-0.197810803417,-0.259763273763,0.31));
#5891 = CARTESIAN_POINT('',(-0.197637166229,-0.255965260296,0.31));
#5892 = CARTESIAN_POINT('',(-0.19739795373,-0.252016076587,0.31));
#5893 = CARTESIAN_POINT('',(-0.197041948808,-0.248354506607,0.31));
#5894 = CARTESIAN_POINT('',(-0.196636779107,-0.244832392329,0.31));
#5895 = CARTESIAN_POINT('',(-0.196118567447,-0.241079509162,0.31));
#5896 = CARTESIAN_POINT('',(-0.195591828962,-0.237104561799,0.31));
#5897 = CARTESIAN_POINT('',(-0.194577918752,-0.230104867952,0.31));
#5898 = CARTESIAN_POINT('',(-0.194167970777,-0.227385012073,0.31));
#5899 = CARTESIAN_POINT('',(-0.193734540682,-0.22468865585,0.31));
#5900 = CARTESIAN_POINT('',(-0.193275604949,-0.222039796339,0.31));
#5901 = CARTESIAN_POINT('',(-0.19279199486,-0.219444780172,0.31));
#5902 = CARTESIAN_POINT('',(-0.192287396494,-0.216892303555,0.31));
#5903 = CARTESIAN_POINT('',(-0.191768350728,-0.214353412263,0.31));
#5904 = CARTESIAN_POINT('',(-0.190497784503,-0.208118345669,0.31));
#5905 = CARTESIAN_POINT('',(-0.189782027636,-0.204543982256,0.31));
#5906 = CARTESIAN_POINT('',(-0.189060375055,-0.200945822543,0.31));
#5907 = CARTESIAN_POINT('',(-0.188316356313,-0.197285193175,0.31));
#5908 = CARTESIAN_POINT('',(-0.187553638097,-0.193597336309,0.31));
#5909 = CARTESIAN_POINT('',(-0.18679602423,-0.18999140961,0.31));
#5910 = CARTESIAN_POINT('',(-0.186087455671,-0.186650486255,0.31));
#5911 = CARTESIAN_POINT('',(-0.185492010511,-0.183831554932,0.31));
#5912 = PCURVE('',#41,#5913);
#5913 = DEFINITIONAL_REPRESENTATION('',(#5914),#6078);
#5914 = B_SPLINE_CURVE_WITH_KNOTS('',8,(#5915,#5916,#5917,#5918,#5919,
    #5920,#5921,#5922,#5923,#5924,#5925,#5926,#5927,#5928,#5929,#5930,
    #5931,#5932,#5933,#5934,#5935,#5936,#5937,#5938,#5939,#5940,#5941,
    #5942,#5943,#5944,#5945,#5946,#5947,#5948,#5949,#5950,#5951,#5952,
    #5953,#5954,#5955,#5956,#5957,#5958,#5959,#5960,#5961,#5962,#5963,
    #5964,#5965,#5966,#5967,#5968,#5969,#5970,#5971,#5972,#5973,#5974,
    #5975,#5976,#5977,#5978,#5979,#5980,#5981,#5982,#5983,#5984,#5985,
    #5986,#5987,#5988,#5989,#5990,#5991,#5992,#5993,#5994,#5995,#5996,
    #5997,#5998,#5999,#6000,#6001,#6002,#6003,#6004,#6005,#6006,#6007,
    #6008,#6009,#6010,#6011,#6012,#6013,#6014,#6015,#6016,#6017,#6018,
    #6019,#6020,#6021,#6022,#6023,#6024,#6025,#6026,#6027,#6028,#6029,
    #6030,#6031,#6032,#6033,#6034,#6035,#6036,#6037,#6038,#6039,#6040,
    #6041,#6042,#6043,#6044,#6045,#6046,#6047,#6048,#6049,#6050,#6051,
    #6052,#6053,#6054,#6055,#6056,#6057,#6058,#6059,#6060,#6061,#6062,
    #6063,#6064,#6065,#6066,#6067,#6068,#6069,#6070,#6071,#6072,#6073,
    #6074,#6075,#6076,#6077),.UNSPECIFIED.,.F.,.F.,(9,7,7,7,7,7,7,7,7,7,
    7,7,7,7,7,7,7,7,7,7,7,7,7,9),(0.,0.273719089964,0.53227828344,
    0.634090374483,0.713309294647,0.890355193693,0.920886359563,
    0.936505823773,0.945112603385,0.947381833688,0.950152601996,
    0.958790267221,0.971296657524,0.982807602809,0.986653609287,
    0.988802110559,0.989679486122,0.991149247741,0.992765466605,
    0.994232707653,0.995412191936,0.997229931965,0.998372560882,1.),
  .UNSPECIFIED.);
#5915 = CARTESIAN_POINT('',(0.637220799087,0.890711505062));
#5916 = CARTESIAN_POINT('',(0.624984481508,0.890603094942));
#5917 = CARTESIAN_POINT('',(0.612711506039,0.890442172521));
#5918 = CARTESIAN_POINT('',(0.600377440061,0.890226543231));
#5919 = CARTESIAN_POINT('',(0.587957101828,0.88995261948));
#5920 = CARTESIAN_POINT('',(0.575425422115,0.889615367367));
#5921 = CARTESIAN_POINT('',(0.562754545967,0.889207750462));
#5922 = CARTESIAN_POINT('',(0.549907174572,0.888719670643));
#5923 = CARTESIAN_POINT('',(0.524469610916,0.887585445388));
#5924 = CARTESIAN_POINT('',(0.511901207115,0.886949061267));
#5925 = CARTESIAN_POINT('',(0.49907450859,0.886215657799));
#5926 = CARTESIAN_POINT('',(0.485949730613,0.885376724092));
#5927 = CARTESIAN_POINT('',(0.47247934402,0.884422398404));
#5928 = CARTESIAN_POINT('',(0.458622166344,0.883352875071));
#5929 = CARTESIAN_POINT('',(0.444377083568,0.882182293663));
#5930 = CARTESIAN_POINT('',(0.424098430111,0.880411451599));
#5931 = CARTESIAN_POINT('',(0.418322959148,0.87989580779));
#5932 = CARTESIAN_POINT('',(0.412508431026,0.879363832829));
#5933 = CARTESIAN_POINT('',(0.40665137885,0.878819398124));
#5934 = CARTESIAN_POINT('',(0.400753579125,0.878265899024));
#5935 = CARTESIAN_POINT('',(0.394817824278,0.877707648069));
#5936 = CARTESIAN_POINT('',(0.388841716802,0.877151578919));
#5937 = CARTESIAN_POINT('',(0.378148315862,0.876175881468));
#5938 = CARTESIAN_POINT('',(0.373445877077,0.875753372842));
#5939 = CARTESIAN_POINT('',(0.36872123304,0.875338097813));
#5940 = CARTESIAN_POINT('',(0.363975613463,0.874932509491));
#5941 = CARTESIAN_POINT('',(0.359210742879,0.874538664835));
#5942 = CARTESIAN_POINT('',(0.354428921811,0.874158153768));
#5943 = CARTESIAN_POINT('',(0.349633107948,0.873792028284));
#5944 = CARTESIAN_POINT('',(0.334085848903,0.872655620563));
#5945 = CARTESIAN_POINT('',(0.323289196334,0.871944105503));
#5946 = CARTESIAN_POINT('',(0.312492120569,0.871274450881));
#5947 = CARTESIAN_POINT('',(0.301739444798,0.870627590378));
#5948 = CARTESIAN_POINT('',(0.291065981353,0.870009338049));
#5949 = CARTESIAN_POINT('',(0.280507427104,0.869374634979));
#5950 = CARTESIAN_POINT('',(0.27008324611,0.868746847975));
#5951 = CARTESIAN_POINT('',(0.258058218106,0.867898210848));
#5952 = CARTESIAN_POINT('',(0.25629446065,0.867770622202));
#5953 = CARTESIAN_POINT('',(0.254535807492,0.867639332087));
#5954 = CARTESIAN_POINT('',(0.252782392066,0.867503770442));
#5955 = CARTESIAN_POINT('',(0.251034407259,0.867363200872));
#5956 = CARTESIAN_POINT('',(0.249292209701,0.86721619102));
#5957 = CARTESIAN_POINT('',(0.24755642406,0.867060082934));
#5958 = CARTESIAN_POINT('',(0.244943825661,0.866803687648));
#5959 = CARTESIAN_POINT('',(0.244062515639,0.866712023484));
#5960 = CARTESIAN_POINT('',(0.24318314546,0.8666169761));
#5961 = CARTESIAN_POINT('',(0.242305484608,0.86651826316));
#5962 = CARTESIAN_POINT('',(0.241430043852,0.866413814836));
#5963 = CARTESIAN_POINT('',(0.240558075247,0.866299773801));
#5964 = CARTESIAN_POINT('',(0.239691572135,0.866170495236));
#5965 = CARTESIAN_POINT('',(0.238360319198,0.865934818827));
#5966 = CARTESIAN_POINT('',(0.238066144194,0.865887304262));
#5967 = CARTESIAN_POINT('',(0.23782813004,0.865829179046));
#5968 = CARTESIAN_POINT('',(0.237535473262,0.865748014314));
#5969 = CARTESIAN_POINT('',(0.237128837356,0.865646937705));
#5970 = CARTESIAN_POINT('',(0.23664000916,0.865525794646));
#5971 = CARTESIAN_POINT('',(0.236231555219,0.865362309627));
#5972 = CARTESIAN_POINT('',(0.236237776106,0.865022307607));
#5973 = CARTESIAN_POINT('',(0.236270860349,0.864971068673));
#5974 = CARTESIAN_POINT('',(0.236312017657,0.864924587648));
#5975 = CARTESIAN_POINT('',(0.236363096748,0.864869004665));
#5976 = CARTESIAN_POINT('',(0.236453644396,0.86479253558));
#5977 = CARTESIAN_POINT('',(0.236643041567,0.864686464527));
#5978 = CARTESIAN_POINT('',(0.23702263954,0.864546136478));
#5979 = CARTESIAN_POINT('',(0.238566815895,0.864159264922));
#5980 = CARTESIAN_POINT('',(0.239669468767,0.863952634171));
#5981 = CARTESIAN_POINT('',(0.240869703928,0.863766465388));
#5982 = CARTESIAN_POINT('',(0.242062357539,0.863604994377));
#5983 = CARTESIAN_POINT('',(0.243194624403,0.863465081331));
#5984 = CARTESIAN_POINT('',(0.244267429712,0.863339007263));
#5985 = CARTESIAN_POINT('',(0.2453368008,0.863217270433));
#5986 = CARTESIAN_POINT('',(0.250188932454,0.86269893734));
#5987 = CARTESIAN_POINT('',(0.253888777598,0.862364668724));
#5988 = CARTESIAN_POINT('',(0.257610728559,0.862047724948));
#5989 = CARTESIAN_POINT('',(0.261353847163,0.861746936362));
#5990 = CARTESIAN_POINT('',(0.265116924626,0.861457297658));
#5991 = CARTESIAN_POINT('',(0.268898719129,0.861171316199));
#5992 = CARTESIAN_POINT('',(0.272698895215,0.860890306787));
#5993 = CARTESIAN_POINT('',(0.282044586769,0.860205891731));
#5994 = CARTESIAN_POINT('',(0.287608391392,0.85980462976));
#5995 = CARTESIAN_POINT('',(0.2932046831,0.859401463968));
#5996 = CARTESIAN_POINT('',(0.298829524045,0.85899238043));
#5997 = CARTESIAN_POINT('',(0.304478462097,0.858574106551));
#5998 = CARTESIAN_POINT('',(0.310146472613,0.858143403262));
#5999 = CARTESIAN_POINT('',(0.315827900223,0.857696357229));
#6000 = CARTESIAN_POINT('',(0.326752125306,0.85679629375));
#6001 = CARTESIAN_POINT('',(0.331984769866,0.856347197283));
#6002 = CARTESIAN_POINT('',(0.337218729862,0.855876620382));
#6003 = CARTESIAN_POINT('',(0.342451314352,0.855375374445));
#6004 = CARTESIAN_POINT('',(0.347680479975,0.854844163481));
#6005 = CARTESIAN_POINT('',(0.352890156465,0.854258962561));
#6006 = CARTESIAN_POINT('',(0.358069025228,0.853620882549));
#6007 = CARTESIAN_POINT('',(0.36488693774,0.852604098552));
#6008 = CARTESIAN_POINT('',(0.366567168883,0.852338762638));
#6009 = CARTESIAN_POINT('',(0.368233839359,0.8520567891));
#6010 = CARTESIAN_POINT('',(0.36990046289,0.851755742546));
#6011 = CARTESIAN_POINT('',(0.371554796997,0.851426854806));
#6012 = CARTESIAN_POINT('',(0.373176173606,0.85106387741));
#6013 = CARTESIAN_POINT('',(0.374740565762,0.850662766946));
#6014 = CARTESIAN_POINT('',(0.376950162418,0.849917076284));
#6015 = CARTESIAN_POINT('',(0.377790102619,0.849593803495));
#6016 = CARTESIAN_POINT('',(0.378540499373,0.849231221272));
#6017 = CARTESIAN_POINT('',(0.379077395704,0.848846433002));
#6018 = CARTESIAN_POINT('',(0.379326840111,0.8484564005));
#6019 = CARTESIAN_POINT('',(0.379284566063,0.848078316761));
#6020 = CARTESIAN_POINT('',(0.379018927061,0.84773089727));
#6021 = CARTESIAN_POINT('',(0.378509324063,0.847316404626));
#6022 = CARTESIAN_POINT('',(0.378257274792,0.847119801131));
#6023 = CARTESIAN_POINT('',(0.377800273792,0.846861065399));
#6024 = CARTESIAN_POINT('',(0.377101802312,0.84655882364));
#6025 = CARTESIAN_POINT('',(0.376189488493,0.84623604225));
#6026 = CARTESIAN_POINT('',(0.375155107369,0.84592002781));
#6027 = CARTESIAN_POINT('',(0.374154580871,0.845642427086));
#6028 = CARTESIAN_POINT('',(0.372157283644,0.845098830449));
#6029 = CARTESIAN_POINT('',(0.370902713149,0.844782526614));
#6030 = CARTESIAN_POINT('',(0.369653604105,0.844476747502));
#6031 = CARTESIAN_POINT('',(0.368405372311,0.844177126778));
#6032 = CARTESIAN_POINT('',(0.367154327826,0.843879238981));
#6033 = CARTESIAN_POINT('',(0.365903004399,0.843575619443));
#6034 = CARTESIAN_POINT('',(0.36465600212,0.843259064967));
#6035 = CARTESIAN_POINT('',(0.362032159748,0.842572795957));
#6036 = CARTESIAN_POINT('',(0.360658495211,0.842200979659));
#6037 = CARTESIAN_POINT('',(0.359284652556,0.841816088521));
#6038 = CARTESIAN_POINT('',(0.357910570458,0.841417949086));
#6039 = CARTESIAN_POINT('',(0.356536491247,0.841006983122));
#6040 = CARTESIAN_POINT('',(0.355162628785,0.840584298452));
#6041 = CARTESIAN_POINT('',(0.353788836335,0.840151779793));
#6042 = CARTESIAN_POINT('',(0.351166415205,0.839313100319));
#6043 = CARTESIAN_POINT('',(0.349914700801,0.838907699439));
#6044 = CARTESIAN_POINT('',(0.34866408442,0.838495445058));
#6045 = CARTESIAN_POINT('',(0.347417455507,0.838073303799));
#6046 = CARTESIAN_POINT('',(0.346172587067,0.837636568436));
#6047 = CARTESIAN_POINT('',(0.344924318739,0.837178699371));
#6048 = CARTESIAN_POINT('',(0.343671975621,0.836690179968));
#6049 = CARTESIAN_POINT('',(0.341435250864,0.83572727978));
#6050 = CARTESIAN_POINT('',(0.340445171506,0.835267412379));
#6051 = CARTESIAN_POINT('',(0.339456382542,0.834763319916));
#6052 = CARTESIAN_POINT('',(0.338465356115,0.834210263017));
#6053 = CARTESIAN_POINT('',(0.337470438763,0.833612226559));
#6054 = CARTESIAN_POINT('',(0.336471851413,0.832981919673));
#6055 = CARTESIAN_POINT('',(0.335471689383,0.832340775744));
#6056 = CARTESIAN_POINT('',(0.332936232528,0.830760641066));
#6057 = CARTESIAN_POINT('',(0.331285500783,0.829797792819));
#6058 = CARTESIAN_POINT('',(0.329891095791,0.828804004362));
#6059 = CARTESIAN_POINT('',(0.327486977469,0.827848872871));
#6060 = CARTESIAN_POINT('',(0.325862284944,0.826948066081));
#6061 = CARTESIAN_POINT('',(0.323815643769,0.82597673105));
#6062 = CARTESIAN_POINT('',(0.323446442642,0.825004423216));
#6063 = CARTESIAN_POINT('',(0.32300286999,0.823299192077));
#6064 = CARTESIAN_POINT('',(0.322926144891,0.822639848044));
#6065 = CARTESIAN_POINT('',(0.322714192692,0.821982182188));
#6066 = CARTESIAN_POINT('',(0.32224121942,0.821327945007));
#6067 = CARTESIAN_POINT('',(0.321485347161,0.820677792174));
#6068 = CARTESIAN_POINT('',(0.320528614054,0.820031284538));
#6069 = CARTESIAN_POINT('',(0.319556974298,0.819386888119));
#6070 = CARTESIAN_POINT('',(0.317868026727,0.817823427187));
#6071 = CARTESIAN_POINT('',(0.317459233834,0.816942885341));
#6072 = CARTESIAN_POINT('',(0.317318439535,0.816063692183));
#6073 = CARTESIAN_POINT('',(0.317222251341,0.815169974693));
#6074 = CARTESIAN_POINT('',(0.317039364202,0.814266643222));
#6075 = CARTESIAN_POINT('',(0.316730560514,0.813379391489));
#6076 = CARTESIAN_POINT('',(0.316348710112,0.812554696587));
#6077 = CARTESIAN_POINT('',(0.316038770274,0.811859818977));
#6078 = ( GEOMETRIC_REPRESENTATION_CONTEXT(2) 
PARAMETRIC_REPRESENTATION_CONTEXT() REPRESENTATION_CONTEXT('2D SPACE',''
  ) );
#6079 = PCURVE('',#6080,#6085);
#6080 = PLANE('',#6081);
#6081 = AXIS2_PLACEMENT_3D('',#6082,#6083,#6084);
#6082 = CARTESIAN_POINT('',(-2.8E-02,-0.3,0.31));
#6083 = DIRECTION('',(0.,0.,-1.));
#6084 = DIRECTION('',(-1.,3.30423521479E-16,0.));
#6085 = DEFINITIONAL_REPRESENTATION('',(#6086),#6250);
#6086 = B_SPLINE_CURVE_WITH_KNOTS('',8,(#6087,#6088,#6089,#6090,#6091,
    #6092,#6093,#6094,#6095,#6096,#6097,#6098,#6099,#6100,#6101,#6102,
    #6103,#6104,#6105,#6106,#6107,#6108,#6109,#6110,#6111,#6112,#6113,
    #6114,#6115,#6116,#6117,#6118,#6119,#6120,#6121,#6122,#6123,#6124,
    #6125,#6126,#6127,#6128,#6129,#6130,#6131,#6132,#6133,#6134,#6135,
    #6136,#6137,#6138,#6139,#6140,#6141,#6142,#6143,#6144,#6145,#6146,
    #6147,#6148,#6149,#6150,#6151,#6152,#6153,#6154,#6155,#6156,#6157,
    #6158,#6159,#6160,#6161,#6162,#6163,#6164,#6165,#6166,#6167,#6168,
    #6169,#6170,#6171,#6172,#6173,#6174,#6175,#6176,#6177,#6178,#6179,
    #6180,#6181,#6182,#6183,#6184,#6185,#6186,#6187,#6188,#6189,#6190,
    #6191,#6192,#6193,#6194,#6195,#6196,#6197,#6198,#6199,#6200,#6201,
    #6202,#6203,#6204,#6205,#6206,#6207,#6208,#6209,#6210,#6211,#6212,
    #6213,#6214,#6215,#6216,#6217,#6218,#6219,#6220,#6221,#6222,#6223,
    #6224,#6225,#6226,#6227,#6228,#6229,#6230,#6231,#6232,#6233,#6234,
    #6235,#6236,#6237,#6238,#6239,#6240,#6241,#6242,#6243,#6244,#6245,
    #6246,#6247,#6248,#6249),.UNSPECIFIED.,.F.,.F.,(9,7,7,7,7,7,7,7,7,7,
    7,7,7,7,7,7,7,7,7,7,7,7,7,9),(0.,0.273719089964,0.53227828344,
    0.634090374483,0.713309294647,0.890355193693,0.920886359563,
    0.936505823773,0.945112603385,0.947381833688,0.950152601996,
    0.958790267221,0.971296657524,0.982807602809,0.986653609287,
    0.988802110559,0.989679486122,0.991149247741,0.992765466605,
    0.994232707653,0.995412191936,0.997229931965,0.998372560882,1.),
  .UNSPECIFIED.);
#6087 = CARTESIAN_POINT('',(-1.328798182598E-15,-8.411176762799E-02));
#6088 = CARTESIAN_POINT('',(1.157893052502E-02,-8.386915968009E-02));
#6089 = CARTESIAN_POINT('',(2.311149450642E-02,-8.350929653534E-02));
#6090 = CARTESIAN_POINT('',(3.457540961899E-02,-8.302765639705E-02));
#6091 = CARTESIAN_POINT('',(4.594253568917E-02,-8.2418202541E-02));
#6092 = CARTESIAN_POINT('',(5.71799924795E-02,-8.167159980157E-02));
#6093 = CARTESIAN_POINT('',(6.824703872317E-02,-8.077603977433E-02));
#6094 = CARTESIAN_POINT('',(7.908771240857E-02,-7.972067473507E-02));
#6095 = CARTESIAN_POINT('',(9.956746534783E-02,-7.735016077409E-02));
#6096 = CARTESIAN_POINT('',(0.10924188579,-7.605315044055E-02));
#6097 = CARTESIAN_POINT('',(0.118568611046,-7.460585967359E-02));
#6098 = CARTESIAN_POINT('',(0.127453902247,-7.300092871804E-02));
#6099 = CARTESIAN_POINT('',(0.135764102076,-7.123623157945E-02));
#6100 = CARTESIAN_POINT('',(0.143352233709,-6.931295216374E-02));
#6101 = CARTESIAN_POINT('',(0.15011020566,-6.721739132061E-02));
#6102 = CARTESIAN_POINT('',(0.158354841834,-6.395958927447E-02));
#6103 = CARTESIAN_POINT('',(0.160552936274,-6.300198848395E-02));
#6104 = CARTESIAN_POINT('',(0.162622898684,-6.199908009008E-02));
#6105 = CARTESIAN_POINT('',(0.164550683182,-6.096075372529E-02));
#6106 = CARTESIAN_POINT('',(0.166330298383,-5.989179230618E-02));
#6107 = CARTESIAN_POINT('',(0.167957568173,-5.879812382361E-02));
#6108 = CARTESIAN_POINT('',(0.169420189314,-5.769558219867E-02));
#6109 = CARTESIAN_POINT('',(0.171716735941,-5.573746988082E-02));
#6110 = CARTESIAN_POINT('',(0.172617960706,-5.488151455118E-02));
#6111 = CARTESIAN_POINT('',(0.173411505945,-5.403237095957E-02));
#6112 = CARTESIAN_POINT('',(0.174093598719,-5.319558708002E-02));
#6113 = CARTESIAN_POINT('',(0.174660817759,-5.237611989998E-02));
#6114 = CARTESIAN_POINT('',(0.175110279413,-5.157809628484E-02));
#6115 = CARTESIAN_POINT('',(0.17543982359,-5.080457384248E-02));
#6116 = CARTESIAN_POINT('',(0.176113898282,-4.83872278653E-02));
#6117 = CARTESIAN_POINT('',(0.175974484736,-4.684773847785E-02));
#6118 = CARTESIAN_POINT('',(0.175223170144,-4.541005943442E-02));
#6119 = CARTESIAN_POINT('',(0.173868091306,-4.405726854143E-02));
#6120 = CARTESIAN_POINT('',(0.171933601963,-4.279020871066E-02));
#6121 = CARTESIAN_POINT('',(0.169454323328,-4.156749722556E-02));
#6122 = CARTESIAN_POINT('',(0.16647223315,-4.040428060489E-02));
#6123 = CARTESIAN_POINT('',(0.162439472749,-3.900368525664E-02));
#6124 = CARTESIAN_POINT('',(0.16183269739,-3.879681792658E-02));
#6125 = CARTESIAN_POINT('',(0.161212511053,-3.858827894096E-02));
#6126 = CARTESIAN_POINT('',(0.160579130972,-3.837756431229E-02));
#6127 = CARTESIAN_POINT('',(0.159932788939,-3.816403233729E-02));
#6128 = CARTESIAN_POINT('',(0.159273740389,-3.794646104598E-02));
#6129 = CARTESIAN_POINT('',(0.158602273498,-3.77226056506E-02));
#6130 = CARTESIAN_POINT('',(0.157569017699,-3.736912065727E-02));
#6131 = CARTESIAN_POINT('',(0.157216456337,-3.724577885892E-02));
#6132 = CARTESIAN_POINT('',(0.156860769246,-3.711994540036E-02));
#6133 = CARTESIAN_POINT('',(0.156501875104,-3.699136448756E-02));
#6134 = CARTESIAN_POINT('',(0.156139876214,-3.685830973179E-02));
#6135 = CARTESIAN_POINT('',(0.155775058502,-3.671758414955E-02));
#6136 = CARTESIAN_POINT('',(0.15540789152,-3.656452016266E-02));
#6137 = CARTESIAN_POINT('',(0.154835774144,-3.629845575196E-02));
#6138 = CARTESIAN_POINT('',(0.154708613956,-3.624359695966E-02));
#6139 = CARTESIAN_POINT('',(0.154604395297,-3.618258280918E-02));
#6140 = CARTESIAN_POINT('',(0.154475514954,-3.609937847789E-02));
#6141 = CARTESIAN_POINT('',(0.15429632705,-3.599373127538E-02));
#6142 = CARTESIAN_POINT('',(0.154079551005,-3.586716718611E-02));
#6143 = CARTESIAN_POINT('',(0.153892679503,-3.570898741209E-02));
#6144 = CARTESIAN_POINT('',(0.153869563374,-3.542248813696E-02));
#6145 = CARTESIAN_POINT('',(0.153880000376,-3.538089397075E-02));
#6146 = CARTESIAN_POINT('',(0.153893846051,-3.534374128517E-02));
#6147 = CARTESIAN_POINT('',(0.153911109145,-3.529941195802E-02));
#6148 = CARTESIAN_POINT('',(0.153943968927,-3.52393995603E-02));
#6149 = CARTESIAN_POINT('',(0.154017085564,-3.515929803989E-02));
#6150 = CARTESIAN_POINT('',(0.154167910499,-3.505979040514E-02));
#6151 = CARTESIAN_POINT('',(0.154787765918,-3.481069671632E-02));
#6152 = CARTESIAN_POINT('',(0.155232549897,-3.469176283457E-02));
#6153 = CARTESIAN_POINT('',(0.155712326605,-3.45954991666E-02));
#6154 = CARTESIAN_POINT('',(0.15618320027,-3.45202233859E-02));
#6155 = CARTESIAN_POINT('',(0.156624822793,-3.446050169882E-02));
#6156 = CARTESIAN_POINT('',(0.157038815036,-3.440974310722E-02));
#6157 = CARTESIAN_POINT('',(0.157447188109,-3.436279367111E-02));
#6158 = CARTESIAN_POINT('',(0.159273581752,-3.418054445553E-02));
#6159 = CARTESIAN_POINT('',(0.160607512492,-3.409752033995E-02));
#6160 = CARTESIAN_POINT('',(0.161885802797,-3.403494471552E-02));
#6161 = CARTESIAN_POINT('',(0.163106138065,-3.399188885468E-02));
#6162 = CARTESIAN_POINT('',(0.164265898436,-3.396414837749E-02));
#6163 = CARTESIAN_POINT('',(0.165362331832,-3.394538789851E-02));
#6164 = CARTESIAN_POINT('',(0.166393785442,-3.393669933141E-02));
#6165 = CARTESIAN_POINT('',(0.168754410473,-3.393249605203E-02));
#6166 = CARTESIAN_POINT('',(0.17000978727,-3.394514308444E-02));
#6167 = CARTESIAN_POINT('',(0.171118044662,-3.396765311662E-02));
#6168 = CARTESIAN_POINT('',(0.172073563633,-3.399604178492E-02));
#6169 = CARTESIAN_POINT('',(0.172871408952,-3.402647475946E-02));
#6170 = CARTESIAN_POINT('',(0.173507409917,-3.405413193253E-02));
#6171 = CARTESIAN_POINT('',(0.173978241097,-3.407207160699E-02));
#6172 = CARTESIAN_POINT('',(0.174560626946,-3.406827511519E-02));
#6173 = CARTESIAN_POINT('',(0.174697283707,-3.404911108523E-02));
#6174 = CARTESIAN_POINT('',(0.174691083851,-3.400715672784E-02));
#6175 = CARTESIAN_POINT('',(0.174539847454,-3.392121445919E-02));
#6176 = CARTESIAN_POINT('',(0.174243509753,-3.379671605172E-02));
#6177 = CARTESIAN_POINT('',(0.173798682025,-3.357068348096E-02));
#6178 = CARTESIAN_POINT('',(0.173209093152,-3.324777058072E-02));
#6179 = CARTESIAN_POINT('',(0.172221117541,-3.24314871893E-02));
#6180 = CARTESIAN_POINT('',(0.171959708729,-3.219778494837E-02));
#6181 = CARTESIAN_POINT('',(0.171682396087,-3.192271024747E-02));
#6182 = CARTESIAN_POINT('',(0.17138682061,-3.160415438815E-02));
#6183 = CARTESIAN_POINT('',(0.171072562404,-3.121576525436E-02));
#6184 = CARTESIAN_POINT('',(0.170741331671,-3.073551921882E-02));
#6185 = CARTESIAN_POINT('',(0.170397047163,-3.014594168707E-02));
#6186 = CARTESIAN_POINT('',(0.169852812146,-2.88505250737E-02));
#6187 = CARTESIAN_POINT('',(0.169633309248,-2.825508260038E-02));
#6188 = CARTESIAN_POINT('',(0.169414102031,-2.753210514735E-02));
#6189 = CARTESIAN_POINT('',(0.169223774101,-2.66864237215E-02));
#6190 = CARTESIAN_POINT('',(0.169082395222,-2.573649288687E-02));
#6191 = CARTESIAN_POINT('',(0.168995451713,-2.472356386107E-02));
#6192 = CARTESIAN_POINT('',(0.168954066309,-2.371762303964E-02));
#6193 = CARTESIAN_POINT('',(0.168936378826,-2.245357611127E-02));
#6194 = CARTESIAN_POINT('',(0.16893167878,-2.185019433941E-02));
#6195 = CARTESIAN_POINT('',(0.168944172608,-2.101454964724E-02));
#6196 = CARTESIAN_POINT('',(0.168982310175,-1.998399502376E-02));
#6197 = CARTESIAN_POINT('',(0.169046225916,-1.882863743246E-02));
#6198 = CARTESIAN_POINT('',(0.169127738833,-1.765133781135E-02));
#6199 = CARTESIAN_POINT('',(0.169210352492,-1.658771107292E-02));
#6200 = CARTESIAN_POINT('',(0.169367927357,-1.449683093021E-02));
#6201 = CARTESIAN_POINT('',(0.169466054972,-1.325274107445E-02));
#6202 = CARTESIAN_POINT('',(0.16955943833,-1.204356255856E-02));
#6203 = CARTESIAN_POINT('',(0.169647443544,-1.085495725828E-02));
#6204 = CARTESIAN_POINT('',(0.169729706435,-9.674827426201E-03));
#6205 = CARTESIAN_POINT('',(0.169804890356,-8.488346974198E-03));
#6206 = CARTESIAN_POINT('',(0.169871497796,-7.281739515308E-03));
#6207 = CARTESIAN_POINT('',(0.169995876588,-4.705606365114E-03));
#6208 = CARTESIAN_POINT('',(0.170051735105,-3.333520558675E-03));
#6209 = CARTESIAN_POINT('',(0.170098338275,-1.934161989512E-03));
#6210 = CARTESIAN_POINT('',(0.170135731805,-5.032513845411E-04));
#6211 = CARTESIAN_POINT('',(0.17016398311,9.630976876815E-04));
#6212 = CARTESIAN_POINT('',(0.170183184283,2.468090458589E-03));
#6213 = CARTESIAN_POINT('',(0.170193455079,4.013962601231E-03));
#6214 = CARTESIAN_POINT('',(0.170196299265,7.043069405067E-03));
#6215 = CARTESIAN_POINT('',(0.170190377586,8.52155536964E-03));
#6216 = CARTESIAN_POINT('',(0.170177559227,1.003998989733E-02));
#6217 = CARTESIAN_POINT('',(0.170159202485,1.16097226321E-02));
#6218 = CARTESIAN_POINT('',(0.170136470299,1.324863337502E-02));
#6219 = CARTESIAN_POINT('',(0.170110476899,1.498270284216E-02));
#6220 = CARTESIAN_POINT('',(0.170083756416,1.685113353567E-02));
#6221 = CARTESIAN_POINT('',(0.170046410699,2.057413632346E-02));
#6222 = CARTESIAN_POINT('',(0.170036109871,2.236534181249E-02));
#6223 = CARTESIAN_POINT('',(0.170031996272,2.434455102676E-02));
#6224 = CARTESIAN_POINT('',(0.170031286691,2.653078577559E-02));
#6225 = CARTESIAN_POINT('',(0.170028569359,2.890617584575E-02));
#6226 = CARTESIAN_POINT('',(0.17001580395,3.141595900153E-02));
#6227 = CARTESIAN_POINT('',(0.169982321578,3.396848098468E-02));
#6228 = CARTESIAN_POINT('',(0.169810803417,4.023672623732E-02));
#6229 = CARTESIAN_POINT('',(0.169637166229,4.403473970364E-02));
#6230 = CARTESIAN_POINT('',(0.16939795373,4.79839234134E-02));
#6231 = CARTESIAN_POINT('',(0.169041948808,5.164549339335E-02));
#6232 = CARTESIAN_POINT('',(0.168636779107,5.516760767139E-02));
#6233 = CARTESIAN_POINT('',(0.168118567447,5.89204908382E-02));
#6234 = CARTESIAN_POINT('',(0.167591828962,6.289543820108E-02));
#6235 = CARTESIAN_POINT('',(0.166577918752,6.989513204844E-02));
#6236 = CARTESIAN_POINT('',(0.166167970777,7.261498792652E-02));
#6237 = CARTESIAN_POINT('',(0.165734540682,7.531134415042E-02));
#6238 = CARTESIAN_POINT('',(0.165275604949,7.796020366127E-02));
#6239 = CARTESIAN_POINT('',(0.16479199486,8.055521982754E-02));
#6240 = CARTESIAN_POINT('',(0.164287396494,8.310769644502E-02));
#6241 = CARTESIAN_POINT('',(0.163768350728,8.564658773687E-02));
#6242 = CARTESIAN_POINT('',(0.162497784503,9.188165433075E-02));
#6243 = CARTESIAN_POINT('',(0.161782027636,9.545601774384E-02));
#6244 = CARTESIAN_POINT('',(0.161060375055,9.905417745721E-02));
#6245 = CARTESIAN_POINT('',(0.160316356313,0.102714806825));
#6246 = CARTESIAN_POINT('',(0.159553638097,0.106402663691));
#6247 = CARTESIAN_POINT('',(0.15879602423,0.11000859039));
#6248 = CARTESIAN_POINT('',(0.158087455671,0.113349513745));
#6249 = CARTESIAN_POINT('',(0.157492010511,0.116168445068));
#6250 = ( GEOMETRIC_REPRESENTATION_CONTEXT(2) 
PARAMETRIC_REPRESENTATION_CONTEXT() REPRESENTATION_CONTEXT('2D SPACE',''
  ) );
#6251 = FACE_BOUND('',#6252,.F.);
#6252 = EDGE_LOOP('',(#6253,#6384));
#6253 = ORIENTED_EDGE('',*,*,#6254,.F.);
#6254 = EDGE_CURVE('',#6255,#6257,#6259,.T.);
#6255 = VERTEX_POINT('',#6256);
#6256 = CARTESIAN_POINT('',(0.153288656129,-0.373152214739,0.31));
#6257 = VERTEX_POINT('',#6258);
#6258 = CARTESIAN_POINT('',(9.025570163075E-02,-0.381136839065,0.31));
#6259 = SURFACE_CURVE('',#6260,(#6273,#6289),.PCURVE_S1.);
#6260 = B_SPLINE_CURVE_WITH_KNOTS('',6,(#6261,#6262,#6263,#6264,#6265,
    #6266,#6267,#6268,#6269,#6270,#6271,#6272),.UNSPECIFIED.,.F.,.F.,(7,
    5,7),(0.,0.6002041674,1.),.UNSPECIFIED.);
#6261 = CARTESIAN_POINT('',(0.153288656129,-0.373152214739,0.31));
#6262 = CARTESIAN_POINT('',(0.147296329235,-0.374911641975,
    0.308856657751));
#6263 = CARTESIAN_POINT('',(0.141181827327,-0.376428893069,
    0.307915284854));
#6264 = CARTESIAN_POINT('',(0.135009086122,-0.377705026154,
    0.307234941997));
#6265 = CARTESIAN_POINT('',(0.128796661947,-0.378753374587,
    0.306846383042));
#6266 = CARTESIAN_POINT('',(0.122536810225,-0.379572769256,
    0.306753665269));
#6267 = CARTESIAN_POINT('',(0.111984629136,-0.380573351294,
    0.307119897518));
#6268 = CARTESIAN_POINT('',(0.107734426615,-0.380875768357,
    0.307404630802));
#6269 = CARTESIAN_POINT('',(0.103445335486,-0.38108269411,0.307831511754
    ));
#6270 = CARTESIAN_POINT('',(9.910895151252E-02,-0.381195249764,
    0.308404139151));
#6271 = CARTESIAN_POINT('',(9.471587316703E-02,-0.381213577219,
    0.309125906092));
#6272 = CARTESIAN_POINT('',(9.025570163075E-02,-0.381136839065,0.31));
#6273 = PCURVE('',#41,#6274);
#6274 = DEFINITIONAL_REPRESENTATION('',(#6275),#6288);
#6275 = B_SPLINE_CURVE_WITH_KNOTS('',6,(#6276,#6277,#6278,#6279,#6280,
    #6281,#6282,#6283,#6284,#6285,#6286,#6287),.UNSPECIFIED.,.F.,.F.,(7,
    5,7),(0.,0.6002041674,1.),.UNSPECIFIED.);
#6276 = CARTESIAN_POINT('',(0.845256377936,0.885429940595));
#6277 = CARTESIAN_POINT('',(0.836014743941,0.886363757424));
#6278 = CARTESIAN_POINT('',(0.827297488996,0.887139090277));
#6279 = CARTESIAN_POINT('',(0.818966136921,0.88776626726));
#6280 = CARTESIAN_POINT('',(0.810884271032,0.888260604882));
#6281 = CARTESIAN_POINT('',(0.802954303145,0.888644983625));
#6282 = CARTESIAN_POINT('',(0.78988461475,0.889109407321));
#6283 = CARTESIAN_POINT('',(0.784697597396,0.889248538373));
#6284 = CARTESIAN_POINT('',(0.779529825011,0.889343236552));
#6285 = CARTESIAN_POINT('',(0.774365353178,0.889394695003));
#6286 = CARTESIAN_POINT('',(0.769191143579,0.889403172992));
#6287 = CARTESIAN_POINT('',(0.763997063995,0.88936799591));
#6288 = ( GEOMETRIC_REPRESENTATION_CONTEXT(2) 
PARAMETRIC_REPRESENTATION_CONTEXT() REPRESENTATION_CONTEXT('2D SPACE',''
  ) );
#6289 = PCURVE('',#6290,#6369);
#6290 = ( BOUNDED_SURFACE() B_SPLINE_SURFACE(12,5,(
    (#6291,#6292,#6293,#6294,#6295,#6296)
    ,(#6297,#6298,#6299,#6300,#6301,#6302)
    ,(#6303,#6304,#6305,#6306,#6307,#6308)
    ,(#6309,#6310,#6311,#6312,#6313,#6314)
    ,(#6315,#6316,#6317,#6318,#6319,#6320)
    ,(#6321,#6322,#6323,#6324,#6325,#6326)
    ,(#6327,#6328,#6329,#6330,#6331,#6332)
    ,(#6333,#6334,#6335,#6336,#6337,#6338)
    ,(#6339,#6340,#6341,#6342,#6343,#6344)
    ,(#6345,#6346,#6347,#6348,#6349,#6350)
    ,(#6351,#6352,#6353,#6354,#6355,#6356)
    ,(#6357,#6358,#6359,#6360,#6361,#6362)
    ,(#6363,#6364,#6365,#6366,#6367,#6368
)),.UNSPECIFIED.,.T.,.F.,.F.) B_SPLINE_SURFACE_WITH_KNOTS((13,13),(6,6),
  (0.,1.),(0.,1.),.PIECEWISE_BEZIER_KNOTS.) 
GEOMETRIC_REPRESENTATION_ITEM() RATIONAL_B_SPLINE_SURFACE((
    (1.,1.,1.,1.,1.,1.)
    ,(1.,1.,1.,1.,1.,1.)
    ,(1.,1.,1.,1.,1.,1.)
    ,(1.,1.,1.,1.,1.,1.)
    ,(1.,1.,1.,1.,1.,1.)
    ,(1.,1.,1.,1.,1.,1.)
    ,(1.,1.,1.,1.,1.,1.)
    ,(1.,1.,1.,1.,1.,1.)
    ,(1.,1.,1.,1.,1.,1.)
    ,(1.,1.,1.,1.,1.,1.)
    ,(1.,1.,1.,1.,1.,1.)
    ,(1.,1.,1.,1.,1.,1.)
,(1.,1.,1.,1.,1.,1.))) REPRESENTATION_ITEM('') SURFACE() );
#6291 = CARTESIAN_POINT('',(0.196,-0.3,0.31));
#6292 = CARTESIAN_POINT('',(-3.154106346905E-02,-0.3,0.125910582382));
#6293 = CARTESIAN_POINT('',(0.478720341149,-0.3,0.360830564991));
#6294 = CARTESIAN_POINT('',(-6.568450821015E-02,-0.3,-1.361075432102E-02
    ));
#6295 = CARTESIAN_POINT('',(0.264173037473,-0.3,8.510601747851E-02));
#6296 = CARTESIAN_POINT('',(0.20224,-0.3,0.));
#6297 = CARTESIAN_POINT('',(0.196,-0.25601770285,0.31));
#6298 = CARTESIAN_POINT('',(-3.154106346915E-02,-0.37515792508,
    0.125910582382));
#6299 = CARTESIAN_POINT('',(0.478720341149,-0.107985678387,
    0.360830564991));
#6300 = CARTESIAN_POINT('',(-6.568450821023E-02,-0.393035390942,
    -1.361075432102E-02));
#6301 = CARTESIAN_POINT('',(0.264173037473,-0.2203223839,
    8.510601747851E-02));
#6302 = CARTESIAN_POINT('',(0.20224,-0.25275044649,0.));
#6303 = CARTESIAN_POINT('',(0.17087723276,-0.212036311823,0.31));
#6304 = CARTESIAN_POINT('',(1.1389278518E-02,-0.450314301756,
    0.125910582382));
#6305 = CARTESIAN_POINT('',(0.369041415282,8.402468734369E-02,
    0.360830564991));
#6306 = CARTESIAN_POINT('',(-1.254252556849E-02,-0.486068865167,
    -1.361075432102E-02));
#6307 = CARTESIAN_POINT('',(0.218661039846,-0.14064640932,
    8.510601747851E-02));
#6308 = CARTESIAN_POINT('',(0.175250970051,-0.205501866416,0.));
#6309 = CARTESIAN_POINT('',(0.120633343525,-0.183831554932,0.31));
#6310 = CARTESIAN_POINT('',(9.724715106003E-02,-0.498511216031,
    0.125910582382));
#6311 = CARTESIAN_POINT('',(0.149690746224,0.207158711978,0.360830564991
    ));
#6312 = CARTESIAN_POINT('',(9.37379595415E-02,-0.545730155137,
    -1.361075432102E-02));
#6313 = CARTESIAN_POINT('',(0.127640025092,-8.955112923186E-02,
    8.510601747851E-02));
#6314 = CARTESIAN_POINT('',(0.121274677615,-0.175201899012,0.));
#6315 = CARTESIAN_POINT('',(5.627825526215E-02,-0.187235735659,0.31));
#6316 = CARTESIAN_POINT('',(0.20721855355,-0.492694076486,0.125910582382
    ));
#6317 = CARTESIAN_POINT('',(-0.131265443332,0.192297017721,
    0.360830564991));
#6318 = CARTESIAN_POINT('',(0.229867747744,-0.53852931968,
    -1.361075432102E-02));
#6319 = CARTESIAN_POINT('',(1.105539107068E-02,-9.571808782021E-02,
    8.510601747851E-02));
#6320 = CARTESIAN_POINT('',(5.213892565312E-02,-0.178858961737,0.));
#6321 = CARTESIAN_POINT('',(-1.054091499925E-04,-0.229219763198,0.31));
#6322 = CARTESIAN_POINT('',(0.303568210117,-0.420950838846,
    0.125910582382));
#6323 = CARTESIAN_POINT('',(-0.377420641522,9.006578411057E-03,
    0.360830564991));
#6324 = CARTESIAN_POINT('',(0.349135648718,-0.449720851989,
    -1.361075432102E-02));
#6325 = CARTESIAN_POINT('',(-9.108834080277E-02,-0.171775671105,
    8.510601747851E-02));
#6326 = CARTESIAN_POINT('',(-8.433239544083E-03,-0.22396180275,0.));
#6327 = CARTESIAN_POINT('',(-2.336684612043E-02,-0.3,0.31));
#6328 = CARTESIAN_POINT('',(0.343317869653,-0.300000000001,
    0.125910582382));
#6329 = CARTESIAN_POINT('',(-0.478973523689,-0.299999999999,
    0.360830564991));
#6330 = CARTESIAN_POINT('',(0.398340374774,-0.300000000001,
    -1.361075432102E-02));
#6331 = CARTESIAN_POINT('',(-0.133228382706,-0.3,8.510601747851E-02));
#6332 = CARTESIAN_POINT('',(-3.3422668975E-02,-0.3,0.));
#6333 = CARTESIAN_POINT('',(-1.054091499936E-04,-0.370780236802,0.31));
#6334 = CARTESIAN_POINT('',(0.303568210117,-0.179049161152,
    0.125910582382));
#6335 = CARTESIAN_POINT('',(-0.377420641522,-0.609006578414,
    0.360830564991));
#6336 = CARTESIAN_POINT('',(0.349135648719,-0.150279148009,
    -1.361075432102E-02));
#6337 = CARTESIAN_POINT('',(-9.108834080282E-02,-0.428224328895,
    8.510601747851E-02));
#6338 = CARTESIAN_POINT('',(-8.433239544062E-03,-0.37603819725,0.));
#6339 = CARTESIAN_POINT('',(5.627825526215E-02,-0.412764264341,0.31));
#6340 = CARTESIAN_POINT('',(0.20721855355,-0.107305923515,0.125910582382
    ));
#6341 = CARTESIAN_POINT('',(-0.131265443332,-0.792297017719,
    0.360830564991));
#6342 = CARTESIAN_POINT('',(0.229867747744,-6.147068032129E-02,
    -1.361075432102E-02));
#6343 = CARTESIAN_POINT('',(1.105539107076E-02,-0.50428191218,
    8.510601747851E-02));
#6344 = CARTESIAN_POINT('',(5.213892565309E-02,-0.421141038263,0.));
#6345 = CARTESIAN_POINT('',(0.120633343525,-0.416168445068,0.31));
#6346 = CARTESIAN_POINT('',(9.724715106001E-02,-0.101488783968,
    0.125910582382));
#6347 = CARTESIAN_POINT('',(0.149690746224,-0.80715871198,0.360830564991
    ));
#6348 = CARTESIAN_POINT('',(9.373795954161E-02,-5.426984486266E-02,
    -1.361075432102E-02));
#6349 = CARTESIAN_POINT('',(0.127640025092,-0.510448870768,
    8.510601747851E-02));
#6350 = CARTESIAN_POINT('',(0.121274677615,-0.424798100988,0.));
#6351 = CARTESIAN_POINT('',(0.17087723276,-0.387963688177,0.31));
#6352 = CARTESIAN_POINT('',(1.1389278518E-02,-0.149685698244,
    0.125910582382));
#6353 = CARTESIAN_POINT('',(0.369041415282,-0.684024687343,
    0.360830564991));
#6354 = CARTESIAN_POINT('',(-1.254252556856E-02,-0.113931134833,
    -1.361075432102E-02));
#6355 = CARTESIAN_POINT('',(0.218661039847,-0.45935359068,
    8.510601747851E-02));
#6356 = CARTESIAN_POINT('',(0.175250970051,-0.394498133584,0.));
#6357 = CARTESIAN_POINT('',(0.196,-0.34398229715,0.31));
#6358 = CARTESIAN_POINT('',(-3.154106346915E-02,-0.224842074919,
    0.125910582382));
#6359 = CARTESIAN_POINT('',(0.478720341149,-0.492014321613,
    0.360830564991));
#6360 = CARTESIAN_POINT('',(-6.568450821021E-02,-0.206964609058,
    -1.361075432102E-02));
#6361 = CARTESIAN_POINT('',(0.264173037473,-0.3796776161,
    8.510601747851E-02));
#6362 = CARTESIAN_POINT('',(0.20224,-0.34724955351,0.));
#6363 = CARTESIAN_POINT('',(0.196,-0.3,0.31));
#6364 = CARTESIAN_POINT('',(-3.154106346904E-02,-0.3,0.125910582382));
#6365 = CARTESIAN_POINT('',(0.478720341149,-0.3,0.360830564991));
#6366 = CARTESIAN_POINT('',(-6.568450821015E-02,-0.3,-1.361075432102E-02
    ));
#6367 = CARTESIAN_POINT('',(0.264173037473,-0.3,8.510601747851E-02));
#6368 = CARTESIAN_POINT('',(0.20224,-0.3,0.));
#6369 = DEFINITIONAL_REPRESENTATION('',(#6370),#6383);
#6370 = B_SPLINE_CURVE_WITH_KNOTS('',6,(#6371,#6372,#6373,#6374,#6375,
    #6376,#6377,#6378,#6379,#6380,#6381,#6382),.UNSPECIFIED.,.F.,.F.,(7,
    5,7),(0.,0.6002041674,1.),.UNSPECIFIED.);
#6371 = CARTESIAN_POINT('',(0.831781392232,0.));
#6372 = CARTESIAN_POINT('',(0.820255264304,1.242160288536E-03));
#6373 = CARTESIAN_POINT('',(0.808288410783,2.281745229627E-03));
#6374 = CARTESIAN_POINT('',(0.795999050758,3.044106479105E-03));
#6375 = CARTESIAN_POINT('',(0.783515430456,3.481415846679E-03));
#6376 = CARTESIAN_POINT('',(0.770937315755,3.58462711106E-03));
#6377 = CARTESIAN_POINT('',(0.749943430808,3.174422508834E-03));
#6378 = CARTESIAN_POINT('',(0.741542388643,2.855805203939E-03));
#6379 = CARTESIAN_POINT('',(0.733157154155,2.379295778205E-03));
#6380 = CARTESIAN_POINT('',(0.724810970718,1.743653280316E-03));
#6381 = CARTESIAN_POINT('',(0.716526629296,9.496357063943E-04));
#6382 = CARTESIAN_POINT('',(0.708326468443,0.));
#6383 = ( GEOMETRIC_REPRESENTATION_CONTEXT(2) 
PARAMETRIC_REPRESENTATION_CONTEXT() REPRESENTATION_CONTEXT('2D SPACE',''
  ) );
#6384 = ORIENTED_EDGE('',*,*,#6385,.T.);
#6385 = EDGE_CURVE('',#6255,#6257,#6386,.T.);
#6386 = SURFACE_CURVE('',#6387,(#6415,#6446),.PCURVE_S1.);
#6387 = B_SPLINE_CURVE_WITH_KNOTS('',6,(#6388,#6389,#6390,#6391,#6392,
    #6393,#6394,#6395,#6396,#6397,#6398,#6399,#6400,#6401,#6402,#6403,
    #6404,#6405,#6406,#6407,#6408,#6409,#6410,#6411,#6412,#6413,#6414),
  .UNSPECIFIED.,.F.,.F.,(7,5,5,5,5,7),(0.,8.901728545756E-02,
    0.283821323861,0.502499778278,0.90837640738,1.),.UNSPECIFIED.);
#6388 = CARTESIAN_POINT('',(0.196,-0.35867571039,0.31));
#6389 = CARTESIAN_POINT('',(0.194610835678,-0.359642606917,0.31));
#6390 = CARTESIAN_POINT('',(0.193089695819,-0.36059737699,0.31));
#6391 = CARTESIAN_POINT('',(0.191443319733,-0.361530807787,0.31));
#6392 = CARTESIAN_POINT('',(0.189677973084,-0.362436260376,0.31));
#6393 = CARTESIAN_POINT('',(0.187799447891,-0.363309669717,0.31));
#6394 = CARTESIAN_POINT('',(0.181466087809,-0.365987513889,0.31));
#6395 = CARTESIAN_POINT('',(0.176599729789,-0.367667498969,0.31));
#6396 = CARTESIAN_POINT('',(0.171210053452,-0.369230829273,0.31));
#6397 = CARTESIAN_POINT('',(0.165345403597,-0.37069096524,0.31));
#6398 = CARTESIAN_POINT('',(0.159077443962,-0.372048974545,0.31));
#6399 = CARTESIAN_POINT('',(0.14505743558,-0.374723466743,0.31));
#6400 = CARTESIAN_POINT('',(0.137216511407,-0.376014679223,0.31));
#6401 = CARTESIAN_POINT('',(0.129038612785,-0.377184850462,0.31));
#6402 = CARTESIAN_POINT('',(0.12060092653,-0.378241866108,0.31));
#6403 = CARTESIAN_POINT('',(0.111961645438,-0.379185334343,0.31));
#6404 = CARTESIAN_POINT('',(8.681980884424E-02,-0.381568872853,0.31));
#6405 = CARTESIAN_POINT('',(6.992532906762E-02,-0.382742578092,0.31));
#6406 = CARTESIAN_POINT('',(5.271794492647E-02,-0.383577797402,0.31));
#6407 = CARTESIAN_POINT('',(3.531368726472E-02,-0.384124098212,0.31));
#6408 = CARTESIAN_POINT('',(1.781803369082E-02,-0.384398643773,0.31));
#6409 = CARTESIAN_POINT('',(-3.634139102177E-03,-0.384403646905,0.31));
#6410 = CARTESIAN_POINT('',(-7.585007821087E-03,-0.384390774745,0.31));
#6411 = CARTESIAN_POINT('',(-1.153482980128E-02,-0.384364111459,0.31));
#6412 = CARTESIAN_POINT('',(-1.54824894584E-02,-0.38432360591,0.31));
#6413 = CARTESIAN_POINT('',(-1.942686853897E-02,-0.384269153369,0.31));
#6414 = CARTESIAN_POINT('',(-2.336684612043E-02,-0.384200595519,0.31));
#6415 = PCURVE('',#41,#6416);
#6416 = DEFINITIONAL_REPRESENTATION('',(#6417),#6445);
#6417 = B_SPLINE_CURVE_WITH_KNOTS('',6,(#6418,#6419,#6420,#6421,#6422,
    #6423,#6424,#6425,#6426,#6427,#6428,#6429,#6430,#6431,#6432,#6433,
    #6434,#6435,#6436,#6437,#6438,#6439,#6440,#6441,#6442,#6443,#6444),
  .UNSPECIFIED.,.F.,.F.,(7,5,5,5,5,7),(0.,8.901728545756E-02,
    0.283821323861,0.502499778278,0.90837640738,1.),.UNSPECIFIED.);
#6418 = CARTESIAN_POINT('',(0.939165535605,0.877650534022));
#6419 = CARTESIAN_POINT('',(0.933888304483,0.878142262124));
#6420 = CARTESIAN_POINT('',(0.928643608211,0.878633592974));
#6421 = CARTESIAN_POINT('',(0.923431830454,0.87911976043));
#6422 = CARTESIAN_POINT('',(0.918253553974,0.879597100369));
#6423 = CARTESIAN_POINT('',(0.913109560633,0.880063050695));
#6424 = CARTESIAN_POINT('',(0.896820968041,0.881507709696));
#6425 = CARTESIAN_POINT('',(0.885809652404,0.882438789226));
#6426 = CARTESIAN_POINT('',(0.875019128456,0.883308538382));
#6427 = CARTESIAN_POINT('',(0.864461592979,0.884112120086));
#6428 = CARTESIAN_POINT('',(0.854126848763,0.884845968329));
#6429 = CARTESIAN_POINT('',(0.832631954985,0.886261875487));
#6430 = CARTESIAN_POINT('',(0.821524407475,0.886926135544));
#6431 = CARTESIAN_POINT('',(0.810642129535,0.887510207092));
#6432 = CARTESIAN_POINT('',(0.799949659812,0.888019072714));
#6433 = CARTESIAN_POINT('',(0.789411865467,0.888463992102));
#6434 = CARTESIAN_POINT('',(0.759672918786,0.889573267987));
#6435 = CARTESIAN_POINT('',(0.740787617801,0.890098652993));
#6436 = CARTESIAN_POINT('',(0.722162862675,0.890473787227));
#6437 = CARTESIAN_POINT('',(0.703716987773,0.890716985086));
#6438 = CARTESIAN_POINT('',(0.685359447624,0.89083965218));
#6439 = CARTESIAN_POINT('',(0.66285412178,0.890841885043));
#6440 = CARTESIAN_POINT('',(0.658709422288,0.890836155738));
#6441 = CARTESIAN_POINT('',(0.654563787922,0.890824257854));
#6442 = CARTESIAN_POINT('',(0.650416227206,0.890806158242));
#6443 = CARTESIAN_POINT('',(0.646265752138,0.890781818655));
#6444 = CARTESIAN_POINT('',(0.64211137819,0.890751195748));
#6445 = ( GEOMETRIC_REPRESENTATION_CONTEXT(2) 
PARAMETRIC_REPRESENTATION_CONTEXT() REPRESENTATION_CONTEXT('2D SPACE',''
  ) );
#6446 = PCURVE('',#6447,#6452);
#6447 = PLANE('',#6448);
#6448 = AXIS2_PLACEMENT_3D('',#6449,#6450,#6451);
#6449 = CARTESIAN_POINT('',(0.196,-0.3,0.31));
#6450 = DIRECTION('',(0.,0.,-1.));
#6451 = DIRECTION('',(-1.,3.30423521479E-16,0.));
#6452 = DEFINITIONAL_REPRESENTATION('',(#6453),#6481);
#6453 = B_SPLINE_CURVE_WITH_KNOTS('',6,(#6454,#6455,#6456,#6457,#6458,
    #6459,#6460,#6461,#6462,#6463,#6464,#6465,#6466,#6467,#6468,#6469,
    #6470,#6471,#6472,#6473,#6474,#6475,#6476,#6477,#6478,#6479,#6480),
  .UNSPECIFIED.,.F.,.F.,(7,5,5,5,5,7),(0.,8.901728545756E-02,
    0.283821323861,0.502499778278,0.90837640738,1.),.UNSPECIFIED.);
#6454 = CARTESIAN_POINT('',(-1.304512053935E-15,-5.867571039024E-02));
#6455 = CARTESIAN_POINT('',(1.389164322493E-03,-5.964260691726E-02));
#6456 = CARTESIAN_POINT('',(2.91030418105E-03,-6.059737699008E-02));
#6457 = CARTESIAN_POINT('',(4.556680267132E-03,-6.153080778652E-02));
#6458 = CARTESIAN_POINT('',(6.322026916386E-03,-6.243626037559E-02));
#6459 = CARTESIAN_POINT('',(8.200552108646E-03,-6.330966971741E-02));
#6460 = CARTESIAN_POINT('',(1.453391219115E-02,-6.598751388869E-02));
#6461 = CARTESIAN_POINT('',(1.940027021101E-02,-6.766749896886E-02));
#6462 = CARTESIAN_POINT('',(2.47899465481E-02,-6.92308292728E-02));
#6463 = CARTESIAN_POINT('',(3.0654596403E-02,-7.069096524018E-02));
#6464 = CARTESIAN_POINT('',(3.692255603773E-02,-7.204897454484E-02));
#6465 = CARTESIAN_POINT('',(5.094256442044E-02,-7.472346674299E-02));
#6466 = CARTESIAN_POINT('',(5.878348859254E-02,-7.601467922333E-02));
#6467 = CARTESIAN_POINT('',(6.696138721522E-02,-7.71848504617E-02));
#6468 = CARTESIAN_POINT('',(7.539907347037E-02,-7.824186610777E-02));
#6469 = CARTESIAN_POINT('',(8.403835456242E-02,-7.918533434296E-02));
#6470 = CARTESIAN_POINT('',(0.109180191156,-8.156887285292E-02));
#6471 = CARTESIAN_POINT('',(0.126074670932,-8.274257809234E-02));
#6472 = CARTESIAN_POINT('',(0.143282055074,-8.357779740212E-02));
#6473 = CARTESIAN_POINT('',(0.160686312735,-8.412409821231E-02));
#6474 = CARTESIAN_POINT('',(0.178181966309,-8.439864377322E-02));
#6475 = CARTESIAN_POINT('',(0.199634139102,-8.44036469052E-02));
#6476 = CARTESIAN_POINT('',(0.203585007821,-8.439077474494E-02));
#6477 = CARTESIAN_POINT('',(0.207534829801,-8.436411145919E-02));
#6478 = CARTESIAN_POINT('',(0.211482489458,-8.432360590968E-02));
#6479 = CARTESIAN_POINT('',(0.215426868539,-8.426915336859E-02));
#6480 = CARTESIAN_POINT('',(0.21936684612,-8.420059551857E-02));
#6481 = ( GEOMETRIC_REPRESENTATION_CONTEXT(2) 
PARAMETRIC_REPRESENTATION_CONTEXT() REPRESENTATION_CONTEXT('2D SPACE',''
  ) );
#6482 = ADVANCED_FACE('',(#6483),#1237,.T.);
#6483 = FACE_BOUND('',#6484,.F.);
#6484 = EDGE_LOOP('',(#6485,#6486));
#6485 = ORIENTED_EDGE('',*,*,#21,.F.);
#6486 = ORIENTED_EDGE('',*,*,#6487,.F.);
#6487 = EDGE_CURVE('',#24,#22,#6488,.T.);
#6488 = SURFACE_CURVE('',#6489,(#6502,#6518),.PCURVE_S1.);
#6489 = B_SPLINE_CURVE_WITH_KNOTS('',11,(#6490,#6491,#6492,#6493,#6494,
    #6495,#6496,#6497,#6498,#6499,#6500,#6501),.UNSPECIFIED.,.F.,.F.,(12
    ,12),(1.,2.),.PIECEWISE_BEZIER_KNOTS.);
#6490 = CARTESIAN_POINT('',(4.25E-02,0.6721,0.552885));
#6491 = CARTESIAN_POINT('',(4.25E-02,0.6721,0.544509085587));
#6492 = CARTESIAN_POINT('',(4.154690636658E-02,0.6721,0.5361335275));
#6493 = CARTESIAN_POINT('',(3.96400659273E-02,0.6721,0.527986839856));
#6494 = CARTESIAN_POINT('',(3.681253532361E-02,0.6721,0.520299474601));
#6495 = CARTESIAN_POINT('',(3.313002968279E-02,0.6721,0.513291426372));
#6496 = CARTESIAN_POINT('',(2.868854964111E-02,0.6721,0.507161661387));
#6497 = CARTESIAN_POINT('',(2.361068671823E-02,0.6721,0.502079370367));
#6498 = CARTESIAN_POINT('',(1.804060704291E-02,0.6721,0.498177045483));
#6499 = CARTESIAN_POINT('',(1.213771342988E-02,0.6721,0.495545381343));
#6500 = CARTESIAN_POINT('',(6.068985808071E-03,0.6721,0.49423));
#6501 = CARTESIAN_POINT('',(1.734723475977E-17,0.6721,0.49423));
#6502 = PCURVE('',#1237,#6503);
#6503 = DEFINITIONAL_REPRESENTATION('',(#6504),#6517);
#6504 = B_SPLINE_CURVE_WITH_KNOTS('',11,(#6505,#6506,#6507,#6508,#6509,
    #6510,#6511,#6512,#6513,#6514,#6515,#6516),.UNSPECIFIED.,.F.,.F.,(12
    ,12),(1.,2.),.PIECEWISE_BEZIER_KNOTS.);
#6505 = CARTESIAN_POINT('',(5.637688250137E-02,4.547863393316E-02));
#6506 = CARTESIAN_POINT('',(4.801219263798E-02,4.504515296357E-02));
#6507 = CARTESIAN_POINT('',(3.969718433771E-02,4.365987404099E-02));
#6508 = CARTESIAN_POINT('',(3.166009928755E-02,4.133397122121E-02));
#6509 = CARTESIAN_POINT('',(2.412936981647E-02,3.811238348862E-02));
#6510 = CARTESIAN_POINT('',(1.732129477482E-02,3.407212334788E-02));
#6511 = CARTESIAN_POINT('',(1.142960539971E-02,2.931935993759E-02));
#6512 = CARTESIAN_POINT('',(6.61692116644E-03,2.398527666591E-02));
#6513 = CARTESIAN_POINT('',(3.008095625932E-03,1.822070336809E-02));
#6514 = CARTESIAN_POINT('',(6.854522282352E-04,1.218952298598E-02));
#6515 = CARTESIAN_POINT('',(-3.140898680019E-04,6.060852769486E-03));
#6516 = CARTESIAN_POINT('',(5.551115123126E-17,3.122502256758E-17));
#6517 = ( GEOMETRIC_REPRESENTATION_CONTEXT(2) 
PARAMETRIC_REPRESENTATION_CONTEXT() REPRESENTATION_CONTEXT('2D SPACE',''
  ) );
#6518 = PCURVE('',#1370,#6519);
#6519 = DEFINITIONAL_REPRESENTATION('',(#6520),#6524);
#6520 = LINE('',#6521,#6522);
#6521 = CARTESIAN_POINT('',(0.,0.));
#6522 = VECTOR('',#6523,1.);
#6523 = DIRECTION('',(1.,0.));
#6524 = ( GEOMETRIC_REPRESENTATION_CONTEXT(2) 
PARAMETRIC_REPRESENTATION_CONTEXT() REPRESENTATION_CONTEXT('2D SPACE',''
  ) );
#6525 = ADVANCED_FACE('',(#6526,#6570,#7370),#1370,.F.);
#6526 = FACE_BOUND('',#6527,.F.);
#6527 = EDGE_LOOP('',(#6528,#6529,#6530,#6569));
#6528 = ORIENTED_EDGE('',*,*,#6487,.T.);
#6529 = ORIENTED_EDGE('',*,*,#2612,.T.);
#6530 = ORIENTED_EDGE('',*,*,#6531,.F.);
#6531 = EDGE_CURVE('',#1259,#2567,#6532,.T.);
#6532 = SURFACE_CURVE('',#6533,(#6546,#6553),.PCURVE_S1.);
#6533 = B_SPLINE_CURVE_WITH_KNOTS('',11,(#6534,#6535,#6536,#6537,#6538,
    #6539,#6540,#6541,#6542,#6543,#6544,#6545),.UNSPECIFIED.,.F.,.F.,(12
    ,12),(1.,2.),.PIECEWISE_BEZIER_KNOTS.);
#6534 = CARTESIAN_POINT('',(6.E-02,-0.6721,0.19904));
#6535 = CARTESIAN_POINT('',(6.E-02,-0.6721,0.195607096028));
#6536 = CARTESIAN_POINT('',(5.865445604694E-02,-0.6721,0.192174338098));
#6537 = CARTESIAN_POINT('',(5.596244601501E-02,-0.6721,0.188835383687));
#6538 = CARTESIAN_POINT('',(5.197063810392E-02,-0.6721,0.185684684501));
#6539 = CARTESIAN_POINT('',(4.6771806611E-02,-0.6721,0.182812406274));
#6540 = CARTESIAN_POINT('',(4.050148184627E-02,-0.6721,0.180300096151));
#6541 = CARTESIAN_POINT('',(3.333273419044E-02,-0.6721,0.178217097666));
#6542 = CARTESIAN_POINT('',(2.546909229587E-02,-0.6721,0.176617713297));
#6543 = CARTESIAN_POINT('',(1.713559543042E-02,-0.6721,0.175539114611));
#6544 = CARTESIAN_POINT('',(8.567979964336E-03,-0.6721,0.175));
#6545 = CARTESIAN_POINT('',(0.,-0.6721,0.175));
#6546 = PCURVE('',#1370,#6547);
#6547 = DEFINITIONAL_REPRESENTATION('',(#6548),#6552);
#6548 = LINE('',#6549,#6550);
#6549 = CARTESIAN_POINT('',(0.,1.));
#6550 = VECTOR('',#6551,1.);
#6551 = DIRECTION('',(1.,0.));
#6552 = ( GEOMETRIC_REPRESENTATION_CONTEXT(2) 
PARAMETRIC_REPRESENTATION_CONTEXT() REPRESENTATION_CONTEXT('2D SPACE',''
  ) );
#6553 = PCURVE('',#2591,#6554);
#6554 = DEFINITIONAL_REPRESENTATION('',(#6555),#6568);
#6555 = B_SPLINE_CURVE_WITH_KNOTS('',11,(#6556,#6557,#6558,#6559,#6560,
    #6561,#6562,#6563,#6564,#6565,#6566,#6567),.UNSPECIFIED.,.F.,.F.,(12
    ,12),(1.,2.),.PIECEWISE_BEZIER_KNOTS.);
#6556 = CARTESIAN_POINT('',(-4.437027501501E-02,4.700213075056E-02));
#6557 = CARTESIAN_POINT('',(-4.581105884532E-02,4.388620847331E-02));
#6558 = CARTESIAN_POINT('',(-4.603047999625E-02,4.0205696295E-02));
#6559 = CARTESIAN_POINT('',(-4.498839360738E-02,3.604521669197E-02));
#6560 = CARTESIAN_POINT('',(-4.268751749222E-02,3.151008660994E-02));
#6561 = CARTESIAN_POINT('',(-3.917421711002E-02,2.672108342223E-02));
#6562 = CARTESIAN_POINT('',(-3.453728320594E-02,2.180910634822E-02));
#6563 = CARTESIAN_POINT('',(-2.890470211982E-02,1.690973333232E-02));
#6564 = CARTESIAN_POINT('',(-2.243841876324E-02,1.215767338313E-02));
#6565 = CARTESIAN_POINT('',(-1.532709226517E-02,7.681114373136E-03));
#6566 = CARTESIAN_POINT('',(-7.776844285988E-03,3.595966298612E-03));
#6567 = CARTESIAN_POINT('',(0.,0.));
#6568 = ( GEOMETRIC_REPRESENTATION_CONTEXT(2) 
PARAMETRIC_REPRESENTATION_CONTEXT() REPRESENTATION_CONTEXT('2D SPACE',''
  ) );
#6569 = ORIENTED_EDGE('',*,*,#1258,.F.);
#6570 = FACE_BOUND('',#6571,.F.);
#6571 = EDGE_LOOP('',(#6572));
#6572 = ORIENTED_EDGE('',*,*,#6573,.F.);
#6573 = EDGE_CURVE('',#6574,#6574,#6576,.T.);
#6574 = VERTEX_POINT('',#6575);
#6575 = CARTESIAN_POINT('',(0.15421492233,0.3,0.224879018676));
#6576 = SURFACE_CURVE('',#6577,(#6813,#7052),.PCURVE_S1.);
#6577 = B_SPLINE_CURVE_WITH_KNOTS('',8,(#6578,#6579,#6580,#6581,#6582,
    #6583,#6584,#6585,#6586,#6587,#6588,#6589,#6590,#6591,#6592,#6593,
    #6594,#6595,#6596,#6597,#6598,#6599,#6600,#6601,#6602,#6603,#6604,
    #6605,#6606,#6607,#6608,#6609,#6610,#6611,#6612,#6613,#6614,#6615,
    #6616,#6617,#6618,#6619,#6620,#6621,#6622,#6623,#6624,#6625,#6626,
    #6627,#6628,#6629,#6630,#6631,#6632,#6633,#6634,#6635,#6636,#6637,
    #6638,#6639,#6640,#6641,#6642,#6643,#6644,#6645,#6646,#6647,#6648,
    #6649,#6650,#6651,#6652,#6653,#6654,#6655,#6656,#6657,#6658,#6659,
    #6660,#6661,#6662,#6663,#6664,#6665,#6666,#6667,#6668,#6669,#6670,
    #6671,#6672,#6673,#6674,#6675,#6676,#6677,#6678,#6679,#6680,#6681,
    #6682,#6683,#6684,#6685,#6686,#6687,#6688,#6689,#6690,#6691,#6692,
    #6693,#6694,#6695,#6696,#6697,#6698,#6699,#6700,#6701,#6702,#6703,
    #6704,#6705,#6706,#6707,#6708,#6709,#6710,#6711,#6712,#6713,#6714,
    #6715,#6716,#6717,#6718,#6719,#6720,#6721,#6722,#6723,#6724,#6725,
    #6726,#6727,#6728,#6729,#6730,#6731,#6732,#6733,#6734,#6735,#6736,
    #6737,#6738,#6739,#6740,#6741,#6742,#6743,#6744,#6745,#6746,#6747,
    #6748,#6749,#6750,#6751,#6752,#6753,#6754,#6755,#6756,#6757,#6758,
    #6759,#6760,#6761,#6762,#6763,#6764,#6765,#6766,#6767,#6768,#6769,
    #6770,#6771,#6772,#6773,#6774,#6775,#6776,#6777,#6778,#6779,#6780,
    #6781,#6782,#6783,#6784,#6785,#6786,#6787,#6788,#6789,#6790,#6791,
    #6792,#6793,#6794,#6795,#6796,#6797,#6798,#6799,#6800,#6801,#6802,
    #6803,#6804,#6805,#6806,#6807,#6808,#6809,#6810,#6811,#6812),
  .UNSPECIFIED.,.T.,.F.,(9,7,7,7,7,8,7,7,7,7,7,7,8,7,7,7,7,7,7,7,7,7,7,7
    ,7,7,7,7,7,7,7,7,7,9),(0.,2.78666157169E-02,7.540548656206E-02,
    9.017628193166E-02,0.105434127757,0.121202825923,0.14906944164,
    0.16718586084,0.265481663734,0.329108243145,0.399172476106,
    0.452597129419,0.508548241543,0.53641485726,0.549518180257,
    0.560098926925,0.572161928975,0.577775271774,0.582028702172,
    0.586521185945,0.602190894896,0.609189574884,0.63080256029,
    0.653547691215,0.67304128718,0.694399403415,0.735509795568,
    0.782421215633,0.862931902594,0.89757971765,0.922174021048,
    0.946020075425,0.984117711858,1.),.UNSPECIFIED.);
#6578 = CARTESIAN_POINT('',(0.15421492233,0.3,0.224879018676));
#6579 = CARTESIAN_POINT('',(0.154259611804,0.300998601253,0.224840801686
    ));
#6580 = CARTESIAN_POINT('',(0.154289433911,0.301998663511,0.224788437283
    ));
#6581 = CARTESIAN_POINT('',(0.154303547909,0.303000342747,0.224722774942
    ));
#6582 = CARTESIAN_POINT('',(0.154301050341,0.304003692134,0.224644711539
    ));
#6583 = CARTESIAN_POINT('',(0.154280975037,0.305008662044,0.224555191357
    ));
#6584 = CARTESIAN_POINT('',(0.154242293112,0.306015100051,0.224455206081
    ));
#6585 = CARTESIAN_POINT('',(0.154183912967,0.307022750929,0.224345794802
    ));
#6586 = CARTESIAN_POINT('',(0.153969465557,0.309751703007,0.224027137077
    ));
#6587 = CARTESIAN_POINT('',(0.153773617184,0.311473166958,0.223802305088
    ));
#6588 = CARTESIAN_POINT('',(0.153528128215,0.313196552186,0.223544558861
    ));
#6589 = CARTESIAN_POINT('',(0.153245300115,0.314924247911,0.223244530923
    ));
#6590 = CARTESIAN_POINT('',(0.152938630524,0.316659620865,0.222892808458
    ));
#6591 = CARTESIAN_POINT('',(0.152622701007,0.318406507256,0.222480266237
    ));
#6592 = CARTESIAN_POINT('',(0.152313064809,0.320168704747,0.221998399558
    ));
#6593 = CARTESIAN_POINT('',(0.151936955373,0.322502756331,0.221266039998
    ));
#6594 = CARTESIAN_POINT('',(0.151850213037,0.323057582581,0.2210849209)
  );
#6595 = CARTESIAN_POINT('',(0.151764451257,0.323613828751,0.220897407958
    ));
#6596 = CARTESIAN_POINT('',(0.1516781446,0.324171354743,0.220704591691)
  );
#6597 = CARTESIAN_POINT('',(0.151589698534,0.324729994778,0.22050754508)
  );
#6598 = CARTESIAN_POINT('',(0.151497449433,0.325289557399,0.220307323562
    ));
#6599 = CARTESIAN_POINT('',(0.151399664575,0.325849825466,0.220104965029
    ));
#6600 = CARTESIAN_POINT('',(0.151185919358,0.326989774876,0.21969131887)
  );
#6601 = CARTESIAN_POINT('',(0.151069525013,0.327569312751,0.219480045774
    ));
#6602 = CARTESIAN_POINT('',(0.150943228211,0.328148996102,0.2192688045)
  );
#6603 = CARTESIAN_POINT('',(0.150804875835,0.32872837538,0.219058851283)
  );
#6604 = CARTESIAN_POINT('',(0.150652292544,0.329306725166,0.21885156464)
  );
#6605 = CARTESIAN_POINT('',(0.150483280773,0.329883044172,0.218648445367
    ));
#6606 = CARTESIAN_POINT('',(0.150295620735,0.330456055242,0.218451116538
    ));
#6607 = CARTESIAN_POINT('',(0.149871577342,0.33161138796,0.218065162492)
  );
#6608 = CARTESIAN_POINT('',(0.149633882625,0.332193448453,0.217876995349
    ));
#6609 = CARTESIAN_POINT('',(0.14937181077,0.332768456117,0.217698755042)
  );
#6610 = CARTESIAN_POINT('',(0.149083497412,0.33333400684,0.217532493678)
  );
#6611 = CARTESIAN_POINT('',(0.148767648639,0.333887400995,0.217380178281
    ));
#6612 = CARTESIAN_POINT('',(0.148423800317,0.334425821323,0.217243486567
    ));
#6613 = CARTESIAN_POINT('',(0.148052577413,0.334946510803,0.21712360272)
  );
#6614 = CARTESIAN_POINT('',(0.147655953318,0.335446950541,0.217021013161
    ));
#6615 = CARTESIAN_POINT('',(0.147242491256,0.335968439835,0.216914188264
    ));
#6616 = CARTESIAN_POINT('',(0.146802185057,0.336468945389,0.216825151565
    ));
#6617 = CARTESIAN_POINT('',(0.146332218138,0.336941038365,0.216759822883
    ));
#6618 = CARTESIAN_POINT('',(0.145846676142,0.337395307043,0.216704660611
    ));
#6619 = CARTESIAN_POINT('',(0.145341547431,0.337825024317,0.216665932249
    ));
#6620 = CARTESIAN_POINT('',(0.144825249358,0.338237721096,0.216634918427
    ));
#6621 = CARTESIAN_POINT('',(0.14429719008,0.338632311657,0.216612688436)
  );
#6622 = CARTESIAN_POINT('',(0.143409951652,0.339258412264,0.216585754959
    ));
#6623 = CARTESIAN_POINT('',(0.143056406176,0.339498476289,0.216577739405
    ));
#6624 = CARTESIAN_POINT('',(0.142699310975,0.339732385597,0.216571838622
    ));
#6625 = CARTESIAN_POINT('',(0.142339044203,0.339960547102,0.216567628806
    ));
#6626 = CARTESIAN_POINT('',(0.141975931224,0.340183335751,0.216564729379
    ));
#6627 = CARTESIAN_POINT('',(0.141610244616,0.34040109452,0.216562802993)
  );
#6628 = CARTESIAN_POINT('',(0.141242204163,0.340614134421,0.216561555524
    ));
#6629 = CARTESIAN_POINT('',(0.138863202823,0.341954553441,0.216556287434
    ));
#6630 = CARTESIAN_POINT('',(0.136789795654,0.342956368943,0.216564014351
    ));
#6631 = CARTESIAN_POINT('',(0.134682110479,0.343872429148,0.216542190465
    ));
#6632 = CARTESIAN_POINT('',(0.132548109945,0.344723363112,0.216473747004
    ));
#6633 = CARTESIAN_POINT('',(0.130390845236,0.34552145735,0.216348477899)
  );
#6634 = CARTESIAN_POINT('',(0.128212494763,0.346273951126,0.216159362493
    ));
#6635 = CARTESIAN_POINT('',(0.126014083368,0.346982115854,0.215904028419
    ));
#6636 = CARTESIAN_POINT('',(0.122366844212,0.348072258821,0.215374163434
    ));
#6637 = CARTESIAN_POINT('',(0.12092602764,0.348481362338,0.215138143239)
  );
#6638 = CARTESIAN_POINT('',(0.119478168095,0.348870972778,0.214873987276
    ));
#6639 = CARTESIAN_POINT('',(0.11802336172,0.349239783751,0.214582225732)
  );
#6640 = CARTESIAN_POINT('',(0.11656166003,0.349586118721,0.214263538057)
  );
#6641 = CARTESIAN_POINT('',(0.115093260496,0.349908119156,0.213918554784
    ));
#6642 = CARTESIAN_POINT('',(0.113618415553,0.350203406294,0.213548171443
    ));
#6643 = CARTESIAN_POINT('',(0.110505823777,0.35075980303,0.212720719065)
  );
#6644 = CARTESIAN_POINT('',(0.108866620889,0.351014727087,0.212258481162
    ));
#6645 = CARTESIAN_POINT('',(0.107219597936,0.351228883089,0.211769363033
    ));
#6646 = CARTESIAN_POINT('',(0.105565391257,0.351398713312,0.211254519061
    ));
#6647 = CARTESIAN_POINT('',(0.103905126939,0.351521207922,0.210714555831
    ));
#6648 = CARTESIAN_POINT('',(0.102240420819,0.351593904967,0.210149532131
    ));
#6649 = CARTESIAN_POINT('',(0.100573378479,0.351614890387,0.209558958954
    ));
#6650 = CARTESIAN_POINT('',(9.763564708281E-02,0.351558323251,
    0.208471236361));
#6651 = CARTESIAN_POINT('',(9.636490807685E-02,0.351503140344,
    0.207985134128));
#6652 = CARTESIAN_POINT('',(9.509546604543E-02,0.351416593701,
    0.207483106243));
#6653 = CARTESIAN_POINT('',(9.382864503419E-02,0.351298380881,
    0.206964471296));
#6654 = CARTESIAN_POINT('',(9.256600532301E-02,0.351148552582,
    0.206428253015));
#6655 = CARTESIAN_POINT('',(9.130934342595E-02,0.350967512641,
    0.205873180269));
#6656 = CARTESIAN_POINT('',(9.006069209129E-02,0.350756018036,
    0.205297687066));
#6657 = CARTESIAN_POINT('',(8.752540558721E-02,0.350262964712,
    0.204073822353));
#6658 = CARTESIAN_POINT('',(8.623974506874E-02,0.349978641933,
    0.203423302893));
#6659 = CARTESIAN_POINT('',(8.496838984987E-02,0.349664068614,
    0.202745657725));
#6660 = CARTESIAN_POINT('',(8.371427063743E-02,0.349320855258,
    0.202038528266));
#6661 = CARTESIAN_POINT('',(8.248019774142E-02,0.3489503648,
    0.201299893798));
#6662 = CARTESIAN_POINT('',(8.126886107493E-02,0.34855371261,
    0.200528071467));
#6663 = CARTESIAN_POINT('',(8.008283015421E-02,0.348131766494,
    0.199721716286));
#6664 = CARTESIAN_POINT('',(7.892455409863E-02,0.347685146689,
    0.198879821133));
#6665 = CARTESIAN_POINT('',(7.765226454616E-02,0.34719449009,
    0.197955254951));
#6666 = CARTESIAN_POINT('',(7.641309233525E-02,0.34667400711,
    0.196987618619));
#6667 = CARTESIAN_POINT('',(7.521000329828E-02,0.346123830268,
    0.19597663172));
#6668 = CARTESIAN_POINT('',(7.404521334777E-02,0.345543763404,
    0.194922180666));
#6669 = CARTESIAN_POINT('',(7.29197219599E-02,0.344932403828,
    0.193825147179));
#6670 = CARTESIAN_POINT('',(7.183284565806E-02,0.344286264476,
    0.192688236782));
#6671 = CARTESIAN_POINT('',(7.078175149645E-02,0.343598896064,
    0.191516807276));
#6672 = CARTESIAN_POINT('',(6.928098915195E-02,0.342512520684,
    0.189756849462));
#6673 = CARTESIAN_POINT('',(6.880771846999E-02,0.342153643118,
    0.189188413257));
#6674 = CARTESIAN_POINT('',(6.834041826719E-02,0.341782045507,
    0.188615339739));
#6675 = CARTESIAN_POINT('',(6.787829306309E-02,0.341396302494,
    0.188038789494));
#6676 = CARTESIAN_POINT('',(6.742040733617E-02,0.34099469387,
    0.187460308602));
#6677 = CARTESIAN_POINT('',(6.696558073273E-02,0.340575004056,
    0.186882004666));
#6678 = CARTESIAN_POINT('',(6.651228327586E-02,0.340134321575,
    0.186306722844));
#6679 = CARTESIAN_POINT('',(6.569212793805E-02,0.33929294574,
    0.185279186377));
#6680 = CARTESIAN_POINT('',(6.532576184892E-02,0.338901235183,
    0.184825013919));
#6681 = CARTESIAN_POINT('',(6.495809034105E-02,0.338491318204,
    0.184377468148));
#6682 = CARTESIAN_POINT('',(6.458792934005E-02,0.338060778129,
    0.183939186021));
#6683 = CARTESIAN_POINT('',(6.42141662137E-02,0.337606984975,
    0.183513940334));
#6684 = CARTESIAN_POINT('',(6.383567332267E-02,0.337126910166,
    0.18310690225));
#6685 = CARTESIAN_POINT('',(6.345122157124E-02,0.336616941248,
    0.18272490383));
#6686 = CARTESIAN_POINT('',(6.261266072229E-02,0.335452185616,
    0.181979770148));
#6687 = CARTESIAN_POINT('',(6.215632697817E-02,0.334786920466,
    0.181626911954));
#6688 = CARTESIAN_POINT('',(6.169486664635E-02,0.334081025926,
    0.18132707256));
#6689 = CARTESIAN_POINT('',(6.123273000464E-02,0.333339695479,
    0.181084037188));
#6690 = CARTESIAN_POINT('',(6.077416508394E-02,0.332568799676,
    0.180897367206));
#6691 = CARTESIAN_POINT('',(6.032303906427E-02,0.331774494483,
    0.18076333763));
#6692 = CARTESIAN_POINT('',(5.988265967086E-02,0.330962829643,
    0.180675874637));
#6693 = CARTESIAN_POINT('',(5.925686524E-02,0.329756167519,
    0.180604986451));
#6694 = CARTESIAN_POINT('',(5.906085229893E-02,0.329370099301,
    0.180590958829));
#6695 = CARTESIAN_POINT('',(5.886771031845E-02,0.328981503217,
    0.18058466202));
#6696 = CARTESIAN_POINT('',(5.867755618913E-02,0.328590668563,
    0.180585335475));
#6697 = CARTESIAN_POINT('',(5.84904711206E-02,0.328197823092,
    0.180592206267));
#6698 = CARTESIAN_POINT('',(5.830650064153E-02,0.327803133008,
    0.180604489096));
#6699 = CARTESIAN_POINT('',(5.812565459962E-02,0.327406702972,
    0.180621386283));
#6700 = CARTESIAN_POINT('',(5.781322288497E-02,0.326706900781,
    0.180657778295));
#6701 = CARTESIAN_POINT('',(5.768032644724E-02,0.326404263458,
    0.18067565513));
#6702 = CARTESIAN_POINT('',(5.754921059566E-02,0.326100685774,
    0.180695374559));
#6703 = CARTESIAN_POINT('',(5.741986417047E-02,0.325796181183,
    0.180716587166));
#6704 = CARTESIAN_POINT('',(5.729227210496E-02,0.325490754944,
    0.180738937846));
#6705 = CARTESIAN_POINT('',(5.716641542549E-02,0.325184404125,
    0.180762065803));
#6706 = CARTESIAN_POINT('',(5.704227125146E-02,0.324877117599,
    0.180785604549));
#6707 = CARTESIAN_POINT('',(5.679047226463E-02,0.324243310425,
    0.180834084666));
#6708 = CARTESIAN_POINT('',(5.666301755942E-02,0.323916694434,
    0.180859020881));
#6709 = CARTESIAN_POINT('',(5.653741625592E-02,0.323588999247,
    0.180883553957));
#6710 = CARTESIAN_POINT('',(5.641363810936E-02,0.323260205602,
    0.180907224868));
#6711 = CARTESIAN_POINT('',(5.629165505394E-02,0.322930303809,
    0.180929552162));
#6712 = CARTESIAN_POINT('',(5.61714412029E-02,0.322599293747,
    0.180950031956));
#6713 = CARTESIAN_POINT('',(5.605297284846E-02,0.322267184866,
    0.18096813794));
#6714 = CARTESIAN_POINT('',(5.55290299635E-02,0.32077184096,
    0.181036341539));
#6715 = CARTESIAN_POINT('',(5.514299520895E-02,0.319596761107,
    0.181055615442));
#6716 = CARTESIAN_POINT('',(5.477941423693E-02,0.318411048526,
    0.181043806275));
#6717 = CARTESIAN_POINT('',(5.443932810751E-02,0.3172164419,
    0.18100508283));
#6718 = CARTESIAN_POINT('',(5.412357567538E-02,0.316014131201,
    0.180944822749));
#6719 = CARTESIAN_POINT('',(5.383284036318E-02,0.314804762202,
    0.180869315779));
#6720 = CARTESIAN_POINT('',(5.356769693485E-02,0.313588440984,
    0.180785467019));
#6721 = CARTESIAN_POINT('',(5.322189596023E-02,0.311818186399,
    0.18066255525));
#6722 = CARTESIAN_POINT('',(5.312035229963E-02,0.31127022377,
    0.180624385145));
#6723 = CARTESIAN_POINT('',(5.302407915848E-02,0.310720831674,
    0.180586649399));
#6724 = CARTESIAN_POINT('',(5.293313057461E-02,0.310170009169,
    0.180550014662));
#6725 = CARTESIAN_POINT('',(5.284756275237E-02,0.309617773244,
    0.180515154696));
#6726 = CARTESIAN_POINT('',(5.276743406256E-02,0.309064158825,
    0.180482750378));
#6727 = CARTESIAN_POINT('',(5.26928050425E-02,0.308509218769,
    0.180453489697));
#6728 = CARTESIAN_POINT('',(5.241038634743E-02,0.306235422947,
    0.180349443427));
#6729 = CARTESIAN_POINT('',(5.225021997682E-02,0.304506267151,
    0.180306560338));
#6730 = CARTESIAN_POINT('',(5.21436217896E-02,0.302770090854,
    0.180293528297));
#6731 = CARTESIAN_POINT('',(5.209070999908E-02,0.301030861723,
    0.180304559179));
#6732 = CARTESIAN_POINT('',(5.209133852633E-02,0.299291980713,
    0.180333966928));
#6733 = CARTESIAN_POINT('',(5.214509700021E-02,0.297556282069,
    0.180376167558));
#6734 = CARTESIAN_POINT('',(5.22513107574E-02,0.295826033327,
    0.180425679149));
#6735 = CARTESIAN_POINT('',(5.257513707408E-02,0.292289588873,
    0.180531343282));
#6736 = CARTESIAN_POINT('',(5.279834060237E-02,0.290484332325,
    0.180587604851));
#6737 = CARTESIAN_POINT('',(5.307833824938E-02,0.288690583712,
    0.180648781278));
#6738 = CARTESIAN_POINT('',(5.341435181649E-02,0.286911949693,
    0.180717626787));
#6739 = CARTESIAN_POINT('',(5.380513808426E-02,0.285152225543,
    0.180796775105));
#6740 = CARTESIAN_POINT('',(5.424898881242E-02,0.283415395152,
    0.180888739464));
#6741 = CARTESIAN_POINT('',(5.474373073992E-02,0.281705631028,
    0.180995912601));
#6742 = CARTESIAN_POINT('',(5.575204431512E-02,0.278588866412,
    0.181227384188));
#6743 = CARTESIAN_POINT('',(5.625279409568E-02,0.277173449784,
    0.181346977895));
#6744 = CARTESIAN_POINT('',(5.678731475692E-02,0.275782904974,
    0.181479115404));
#6745 = CARTESIAN_POINT('',(5.735390230336E-02,0.274418889003,
    0.181623595339));
#6746 = CARTESIAN_POINT('',(5.795080891371E-02,0.273082855345,
    0.181780247416));
#6747 = CARTESIAN_POINT('',(5.857624294085E-02,0.271776053926,
    0.181948932438));
#6748 = CARTESIAN_POINT('',(5.922836891185E-02,0.270499531127,
    0.182129542304));
#6749 = CARTESIAN_POINT('',(6.064700519158E-02,0.267889616277,
    0.18253287637));
#6750 = CARTESIAN_POINT('',(6.141863589508E-02,0.266562354301,
    0.182757919859));
#6751 = CARTESIAN_POINT('',(6.221757837905E-02,0.265273833432,
    0.182997117545));
#6752 = CARTESIAN_POINT('',(6.304149211684E-02,0.264024847835,
    0.183250355727));
#6753 = CARTESIAN_POINT('',(6.388826659919E-02,0.262815694246,
    0.183517443546));
#6754 = CARTESIAN_POINT('',(6.475597061872E-02,0.261646369949,
    0.183798136611));
#6755 = CARTESIAN_POINT('',(6.564280155449E-02,0.260516770757,
    0.184092160623));
#6756 = CARTESIAN_POINT('',(6.828751789673E-02,0.257329048104,
    0.184990209912));
#6757 = CARTESIAN_POINT('',(7.009179382523E-02,0.255378897358,
    0.185629871121));
#6758 = CARTESIAN_POINT('',(7.195076330883E-02,0.253572011193,
    0.186313593528));
#6759 = CARTESIAN_POINT('',(7.384895357006E-02,0.251911760459,
    0.187046340045));
#6760 = CARTESIAN_POINT('',(7.57907862784E-02,0.250381860431,
    0.187811272145));
#6761 = CARTESIAN_POINT('',(7.775627109207E-02,0.248994711864,
    0.188620528145));
#6762 = CARTESIAN_POINT('',(7.974699715895E-02,0.247739541807,
    0.189464210673));
#6763 = CARTESIAN_POINT('',(8.404846568131E-02,0.245337133761,
    0.19134440746));
#6764 = CARTESIAN_POINT('',(8.636474434478E-02,0.244229721113,
    0.192390326438));
#6765 = CARTESIAN_POINT('',(8.869787277625E-02,0.243292303233,
    0.19347608543));
#6766 = CARTESIAN_POINT('',(9.104234611493E-02,0.242522824707,
    0.194596500508));
#6767 = CARTESIAN_POINT('',(9.339372532606E-02,0.241919924225,
    0.195745496283));
#6768 = CARTESIAN_POINT('',(9.574825718643E-02,0.241482691419,
    0.196916332021));
#6769 = CARTESIAN_POINT('',(9.810249426995E-02,0.241210423694,
    0.198101827767));
#6770 = CARTESIAN_POINT('',(0.104486746649,0.240916923008,0.201341690382
    ));
#6771 = CARTESIAN_POINT('',(0.108508549818,0.241215069714,0.203409609555
    ));
#6772 = CARTESIAN_POINT('',(0.112500253043,0.241991845763,0.205462240016
    ));
#6773 = CARTESIAN_POINT('',(0.116443145235,0.243240727335,0.207459478236
    ));
#6774 = CARTESIAN_POINT('',(0.120305025264,0.244944186748,0.209365027156
    ));
#6775 = CARTESIAN_POINT('',(0.124043402016,0.24705742701,0.211151531388)
  );
#6776 = CARTESIAN_POINT('',(0.127617848629,0.249506982599,0.21280133225)
  );
#6777 = CARTESIAN_POINT('',(0.132462095023,0.253395934035,0.214946599473
    ));
#6778 = CARTESIAN_POINT('',(0.133884648662,0.254616096492,0.21556448332)
  );
#6779 = CARTESIAN_POINT('',(0.135268208546,0.255881616744,0.216154902305
    ));
#6780 = CARTESIAN_POINT('',(0.136608847945,0.257188341577,0.216718608816
    ));
#6781 = CARTESIAN_POINT('',(0.137902804848,0.258532590309,0.217256825386
    ));
#6782 = CARTESIAN_POINT('',(0.139146506347,0.259911049138,0.217771083882
    ));
#6783 = CARTESIAN_POINT('',(0.140336593017,0.261320665491,0.218263064687
    ));
#6784 = CARTESIAN_POINT('',(0.142274484423,0.26377917419,0.219069000254)
  );
#6785 = CARTESIAN_POINT('',(0.143050094862,0.264814155835,0.219393432242
    ));
#6786 = CARTESIAN_POINT('',(0.14379713423,0.265862048967,0.219707420073)
  );
#6787 = CARTESIAN_POINT('',(0.144512118903,0.266922850152,0.220013332463
    ));
#6788 = CARTESIAN_POINT('',(0.14519554348,0.267994940274,0.220310781906)
  );
#6789 = CARTESIAN_POINT('',(0.145848762092,0.269076550231,0.220598844958
    ));
#6790 = CARTESIAN_POINT('',(0.146470089496,0.270167388531,0.220878783871
    ));
#6791 = CARTESIAN_POINT('',(0.147632487268,0.272331350313,0.221413207335
    ));
#6792 = CARTESIAN_POINT('',(0.148175212365,0.27340406497,0.221668344692)
  );
#6793 = CARTESIAN_POINT('',(0.148688401364,0.274483346885,0.221915624897
    ));
#6794 = CARTESIAN_POINT('',(0.149171997984,0.275568366023,0.222155150204
    ));
#6795 = CARTESIAN_POINT('',(0.149625945423,0.27665833579,0.222387026212)
  );
#6796 = CARTESIAN_POINT('',(0.150050186356,0.277752513027,0.222611361872
    ));
#6797 = CARTESIAN_POINT('',(0.150444662936,0.278850198011,0.222828269485
    ));
#6798 = CARTESIAN_POINT('',(0.151391945422,0.281708994169,0.223372717343
    ));
#6799 = CARTESIAN_POINT('',(0.151897863486,0.283474163955,0.223689079348
    ));
#6800 = CARTESIAN_POINT('',(0.152335220136,0.285242537918,0.223981582676
    ));
#6801 = CARTESIAN_POINT('',(0.152711453618,0.287011673023,0.224244325484
    ));
#6802 = CARTESIAN_POINT('',(0.153033492306,0.288780288147,0.224471019524
    ));
#6803 = CARTESIAN_POINT('',(0.153307955742,0.29054816313,0.224655137525)
  );
#6804 = CARTESIAN_POINT('',(0.153541355677,0.29231603783,0.224790060592)
  );
#6805 = CARTESIAN_POINT('',(0.153823247835,0.294823174277,0.224902227574
    ));
#6806 = CARTESIAN_POINT('',(0.153900181213,0.295561060111,0.224925566463
    ));
#6807 = CARTESIAN_POINT('',(0.153970724223,0.296299308973,0.22493951635)
  );
#6808 = CARTESIAN_POINT('',(0.154034509482,0.297038048176,0.224944365536
    ));
#6809 = CARTESIAN_POINT('',(0.154091175234,0.297777392042,0.224940416534
    ));
#6810 = CARTESIAN_POINT('',(0.154140365352,0.298517441906,0.224927986065
    ));
#6811 = CARTESIAN_POINT('',(0.154181729339,0.299258286108,0.224907405064
    ));
#6812 = CARTESIAN_POINT('',(0.15421492233,0.3,0.224879018676));
#6813 = PCURVE('',#1370,#6814);
#6814 = DEFINITIONAL_REPRESENTATION('',(#6815),#7051);
#6815 = B_SPLINE_CURVE_WITH_KNOTS('',8,(#6816,#6817,#6818,#6819,#6820,
    #6821,#6822,#6823,#6824,#6825,#6826,#6827,#6828,#6829,#6830,#6831,
    #6832,#6833,#6834,#6835,#6836,#6837,#6838,#6839,#6840,#6841,#6842,
    #6843,#6844,#6845,#6846,#6847,#6848,#6849,#6850,#6851,#6852,#6853,
    #6854,#6855,#6856,#6857,#6858,#6859,#6860,#6861,#6862,#6863,#6864,
    #6865,#6866,#6867,#6868,#6869,#6870,#6871,#6872,#6873,#6874,#6875,
    #6876,#6877,#6878,#6879,#6880,#6881,#6882,#6883,#6884,#6885,#6886,
    #6887,#6888,#6889,#6890,#6891,#6892,#6893,#6894,#6895,#6896,#6897,
    #6898,#6899,#6900,#6901,#6902,#6903,#6904,#6905,#6906,#6907,#6908,
    #6909,#6910,#6911,#6912,#6913,#6914,#6915,#6916,#6917,#6918,#6919,
    #6920,#6921,#6922,#6923,#6924,#6925,#6926,#6927,#6928,#6929,#6930,
    #6931,#6932,#6933,#6934,#6935,#6936,#6937,#6938,#6939,#6940,#6941,
    #6942,#6943,#6944,#6945,#6946,#6947,#6948,#6949,#6950,#6951,#6952,
    #6953,#6954,#6955,#6956,#6957,#6958,#6959,#6960,#6961,#6962,#6963,
    #6964,#6965,#6966,#6967,#6968,#6969,#6970,#6971,#6972,#6973,#6974,
    #6975,#6976,#6977,#6978,#6979,#6980,#6981,#6982,#6983,#6984,#6985,
    #6986,#6987,#6988,#6989,#6990,#6991,#6992,#6993,#6994,#6995,#6996,
    #6997,#6998,#6999,#7000,#7001,#7002,#7003,#7004,#7005,#7006,#7007,
    #7008,#7009,#7010,#7011,#7012,#7013,#7014,#7015,#7016,#7017,#7018,
    #7019,#7020,#7021,#7022,#7023,#7024,#7025,#7026,#7027,#7028,#7029,
    #7030,#7031,#7032,#7033,#7034,#7035,#7036,#7037,#7038,#7039,#7040,
    #7041,#7042,#7043,#7044,#7045,#7046,#7047,#7048,#7049,#7050),
  .UNSPECIFIED.,.F.,.F.,(9,7,7,7,7,8,7,7,7,7,7,7,8,7,7,7,7,7,7,7,7,7,7,7
    ,7,7,7,7,7,7,7,7,7,9),(0.,2.78666157169E-02,7.540548656206E-02,
    9.017628193166E-02,0.105434127757,0.121202825923,0.14906944164,
    0.16718586084,0.265481663734,0.329108243145,0.399172476106,
    0.452597129419,0.508548241543,0.53641485726,0.549518180257,
    0.560098926925,0.572161928975,0.577775271774,0.582028702172,
    0.586521185945,0.602190894896,0.609189574884,0.63080256029,
    0.653547691215,0.67304128718,0.694399403415,0.735509795568,
    0.782421215633,0.862931902594,0.89757971765,0.922174021048,
    0.946020075425,0.984117711858,1.),.UNSPECIFIED.);
#6816 = CARTESIAN_POINT('',(1.681665280966,0.299101989803));
#6817 = CARTESIAN_POINT('',(1.681769248889,0.29885806357));
#6818 = CARTESIAN_POINT('',(1.68192339766,0.298613307349));
#6819 = CARTESIAN_POINT('',(1.682127856835,0.298367605391));
#6820 = CARTESIAN_POINT('',(1.682382793546,0.298120863422));
#6821 = CARTESIAN_POINT('',(1.682688412504,0.297873008649));
#6822 = CARTESIAN_POINT('',(1.683044955995,0.297623989756));
#6823 = CARTESIAN_POINT('',(1.683452703882,0.297373776907));
#6824 = CARTESIAN_POINT('',(1.684695552048,0.296693465453));
#6825 = CARTESIAN_POINT('',(1.685628447575,0.296261419031));
#6826 = CARTESIAN_POINT('',(1.686686491367,0.295827311515));
#6827 = CARTESIAN_POINT('',(1.687842995556,0.29539195516));
#6828 = CARTESIAN_POINT('',(1.689068994064,0.294955970707));
#6829 = CARTESIAN_POINT('',(1.690333483461,0.294519872652));
#6830 = CARTESIAN_POINT('',(1.691603663802,0.294084154514));
#6831 = CARTESIAN_POINT('',(1.69323098765,0.293514285326));
#6832 = CARTESIAN_POINT('',(1.693613410868,0.293379371146));
#6833 = CARTESIAN_POINT('',(1.693995504095,0.293244522212));
#6834 = CARTESIAN_POINT('',(1.694380451132,0.293109634789));
#6835 = CARTESIAN_POINT('',(1.694771564624,0.292974610759));
#6836 = CARTESIAN_POINT('',(1.695172286065,0.292839357621));
#6837 = CARTESIAN_POINT('',(1.695586185792,0.29270378849));
#6838 = CARTESIAN_POINT('',(1.696462017671,0.292427370226));
#6839 = CARTESIAN_POINT('',(1.696924879622,0.292286536979));
#6840 = CARTESIAN_POINT('',(1.697409975633,0.292145200964));
#6841 = CARTESIAN_POINT('',(1.697921645874,0.292003305279));
#6842 = CARTESIAN_POINT('',(1.698464143891,0.291860857505));
#6843 = CARTESIAN_POINT('',(1.699041636607,0.29171792971));
#6844 = CARTESIAN_POINT('',(1.699658204323,0.29157465845));
#6845 = CARTESIAN_POINT('',(1.700999479814,0.291283029558));
#6846 = CARTESIAN_POINT('',(1.701726892921,0.291134654123));
#6847 = CARTESIAN_POINT('',(1.702503769446,0.290986408939));
#6848 = CARTESIAN_POINT('',(1.703332889199,0.290838718));
#6849 = CARTESIAN_POINT('',(1.704215664468,0.290692115795));
#6850 = CARTESIAN_POINT('',(1.705151682081,0.290547224273));
#6851 = CARTESIAN_POINT('',(1.706138245488,0.290404729821));
#6852 = CARTESIAN_POINT('',(1.707169916825,0.290265360233));
#6853 = CARTESIAN_POINT('',(1.70824531366,0.290120115473));
#6854 = CARTESIAN_POINT('',(1.709368508466,0.28997811028));
#6855 = CARTESIAN_POINT('',(1.710542368198,0.289840726363));
#6856 = CARTESIAN_POINT('',(1.711740661148,0.289706878229));
#6857 = CARTESIAN_POINT('',(1.712969280573,0.289577661483));
#6858 = CARTESIAN_POINT('',(1.714213062789,0.28945215183));
#6859 = CARTESIAN_POINT('',(1.715472825662,0.289330518822));
#6860 = CARTESIAN_POINT('',(1.71757219234,0.289135458582));
#6861 = CARTESIAN_POINT('',(1.718404347171,0.289060102234));
#6862 = CARTESIAN_POINT('',(1.71924077309,0.288986176328));
#6863 = CARTESIAN_POINT('',(1.720080814844,0.288913622364));
#6864 = CARTESIAN_POINT('',(1.720923919268,0.288842384445));
#6865 = CARTESIAN_POINT('',(1.72176963529,0.288772409278));
#6866 = CARTESIAN_POINT('',(1.722617613928,0.288703646176));
#6867 = CARTESIAN_POINT('',(1.72807949468,0.288269269135));
#6868 = CARTESIAN_POINT('',(1.732751447565,0.287936606905));
#6869 = CARTESIAN_POINT('',(1.737435920919,0.287630764045));
#6870 = CARTESIAN_POINT('',(1.742124808899,0.287347689809));
#6871 = CARTESIAN_POINT('',(1.746817051117,0.287084807514));
#6872 = CARTESIAN_POINT('',(1.75151143583,0.286840579372));
#6873 = CARTESIAN_POINT('',(1.756207433824,0.286614547902));
#6874 = CARTESIAN_POINT('',(1.763932363811,0.28627264343));
#6875 = CARTESIAN_POINT('',(1.766967365251,0.28614595613));
#6876 = CARTESIAN_POINT('',(1.770000945694,0.286026943075));
#6877 = CARTESIAN_POINT('',(1.773032923704,0.285915776785));
#6878 = CARTESIAN_POINT('',(1.776063139057,0.28581271208));
#6879 = CARTESIAN_POINT('',(1.779091133264,0.285718065921));
#6880 = CARTESIAN_POINT('',(1.782116262366,0.285632256491));
#6881 = CARTESIAN_POINT('',(1.788465983579,0.285471830467));
#6882 = CARTESIAN_POINT('',(1.791790106742,0.285399162403));
#6883 = CARTESIAN_POINT('',(1.795110026128,0.285338631369));
#6884 = CARTESIAN_POINT('',(1.798424411677,0.285290909285));
#6885 = CARTESIAN_POINT('',(1.801731188659,0.28525660591));
#6886 = CARTESIAN_POINT('',(1.805027537673,0.285236268845));
#6887 = CARTESIAN_POINT('',(1.808309894646,0.285230383532));
#6888 = CARTESIAN_POINT('',(1.814062843533,0.285246222186));
#6889 = CARTESIAN_POINT('',(1.816540986184,0.285261691599));
#6890 = CARTESIAN_POINT('',(1.819006586573,0.285285963078));
#6891 = CARTESIAN_POINT('',(1.821457467893,0.285319170539));
#6892 = CARTESIAN_POINT('',(1.823891068745,0.285361400233));
#6893 = CARTESIAN_POINT('',(1.826304443142,0.285412690745));
#6894 = CARTESIAN_POINT('',(1.828694260505,0.285473032994));
#6895 = CARTESIAN_POINT('',(1.833531033727,0.285614984962));
#6896 = CARTESIAN_POINT('',(1.835975385992,0.285697461637));
#6897 = CARTESIAN_POINT('',(1.838384816888,0.285789661292));
#6898 = CARTESIAN_POINT('',(1.840754437572,0.285891479518));
#6899 = CARTESIAN_POINT('',(1.843079515933,0.286002846454));
#6900 = CARTESIAN_POINT('',(1.845355476591,0.286123726792));
#6901 = CARTESIAN_POINT('',(1.847577900898,0.286254119776));
#6902 = CARTESIAN_POINT('',(1.849742526935,0.2863940592));
#6903 = CARTESIAN_POINT('',(1.85212021732,0.286547780937));
#6904 = CARTESIAN_POINT('',(1.854428861847,0.286713040555));
#6905 = CARTESIAN_POINT('',(1.856663272303,0.286889984998));
#6906 = CARTESIAN_POINT('',(1.858819563215,0.287078805482));
#6907 = CARTESIAN_POINT('',(1.860895961565,0.287279897193));
#6908 = CARTESIAN_POINT('',(1.862893616506,0.287494018999));
#6909 = CARTESIAN_POINT('',(1.864817409085,0.287722453149));
#6910 = CARTESIAN_POINT('',(1.86755109901,0.28808224166));
#6911 = CARTESIAN_POINT('',(1.868411144178,0.288200911558));
#6912 = CARTESIAN_POINT('',(1.869258219634,0.288323438818));
#6913 = CARTESIAN_POINT('',(1.87009370348,0.288450097039));
#6914 = CARTESIAN_POINT('',(1.87091921008,0.288581205879));
#6915 = CARTESIAN_POINT('',(1.871736770383,0.288717167654));
#6916 = CARTESIAN_POINT('',(1.87254901226,0.288858503942));
#6917 = CARTESIAN_POINT('',(1.874013674541,0.289124910099));
#6918 = CARTESIAN_POINT('',(1.874666167121,0.289247761509));
#6919 = CARTESIAN_POINT('',(1.875319134297,0.28937490814));
#6920 = CARTESIAN_POINT('',(1.875974595612,0.289506763765));
#6921 = CARTESIAN_POINT('',(1.876634421455,0.289643719639));
#6922 = CARTESIAN_POINT('',(1.877300480093,0.289786169944));
#6923 = CARTESIAN_POINT('',(1.877974784698,0.28993453722));
#6924 = CARTESIAN_POINT('',(1.879440465022,0.290265740965));
#6925 = CARTESIAN_POINT('',(1.88023499515,0.290450533559));
#6926 = CARTESIAN_POINT('',(1.881035426937,0.290642109326));
#6927 = CARTESIAN_POINT('',(1.881834094817,0.290838963078));
#6928 = CARTESIAN_POINT('',(1.882623756032,0.291039687262));
#6929 = CARTESIAN_POINT('',(1.883397875186,0.291243008525));
#6930 = CARTESIAN_POINT('',(1.884150908793,0.291447824269));
#6931 = CARTESIAN_POINT('',(1.885217213597,0.291748825201));
#6932 = CARTESIAN_POINT('',(1.885550631237,0.291844618954));
#6933 = CARTESIAN_POINT('',(1.885878595025,0.291940581142));
#6934 = CARTESIAN_POINT('',(1.88620091847,0.292036688261));
#6935 = CARTESIAN_POINT('',(1.886517476309,0.292132932638));
#6936 = CARTESIAN_POINT('',(1.886828204511,0.292229322426));
#6937 = CARTESIAN_POINT('',(1.887133100277,0.292325881611));
#6938 = CARTESIAN_POINT('',(1.887658874958,0.292495974711));
#6939 = CARTESIAN_POINT('',(1.88788219791,0.292569416405));
#6940 = CARTESIAN_POINT('',(1.888102209326,0.292642991171));
#6941 = CARTESIAN_POINT('',(1.888318934661,0.29271671744));
#6942 = CARTESIAN_POINT('',(1.888532406383,0.292790615997));
#6943 = CARTESIAN_POINT('',(1.888742663983,0.292864709977));
#6944 = CARTESIAN_POINT('',(1.888949753966,0.292939024869));
#6945 = CARTESIAN_POINT('',(1.889369168984,0.293092342836));
#6946 = CARTESIAN_POINT('',(1.88958112571,0.293171371546));
#6947 = CARTESIAN_POINT('',(1.889789664322,0.293250708833));
#6948 = CARTESIAN_POINT('',(1.889994846698,0.293330387895));
#6949 = CARTESIAN_POINT('',(1.890196732308,0.29341044093));
#6950 = CARTESIAN_POINT('',(1.890395378215,0.293490899141));
#6951 = CARTESIAN_POINT('',(1.890590839072,0.293571792732));
#6952 = CARTESIAN_POINT('',(1.891453995418,0.293936922562));
#6953 = CARTESIAN_POINT('',(1.892086333319,0.294226178222));
#6954 = CARTESIAN_POINT('',(1.892677841263,0.294520126828));
#6955 = CARTESIAN_POINT('',(1.893226528254,0.294818016005));
#6956 = CARTESIAN_POINT('',(1.893730677508,0.295119151591));
#6957 = CARTESIAN_POINT('',(1.894188772104,0.295422917157));
#6958 = CARTESIAN_POINT('',(1.894599420624,0.295728793529));
#6959 = CARTESIAN_POINT('',(1.895122901316,0.296173757));
#6960 = CARTESIAN_POINT('',(1.895274770993,0.296311461361));
#6961 = CARTESIAN_POINT('',(1.895416761745,0.296449449593));
#6962 = CARTESIAN_POINT('',(1.895548739423,0.296587675276));
#6963 = CARTESIAN_POINT('',(1.895670565821,0.29672608736));
#6964 = CARTESIAN_POINT('',(1.895782098673,0.296864630173));
#6965 = CARTESIAN_POINT('',(1.895883191657,0.297003243413));
#6966 = CARTESIAN_POINT('',(1.896253282079,0.297569944114));
#6967 = CARTESIAN_POINT('',(1.896431842048,0.297998032984));
#6968 = CARTESIAN_POINT('',(1.896511321923,0.298425427405));
#6969 = CARTESIAN_POINT('',(1.896494167003,0.298851561187));
#6970 = CARTESIAN_POINT('',(1.896383320264,0.299276003303));
#6971 = CARTESIAN_POINT('',(1.896182222361,0.299698457895));
#6972 = CARTESIAN_POINT('',(1.895894811626,0.300118764274));
#6973 = CARTESIAN_POINT('',(1.895136719584,0.300976930101));
#6974 = CARTESIAN_POINT('',(1.894657545665,0.301414483003));
#6975 = CARTESIAN_POINT('',(1.894078178982,0.301849216578));
#6976 = CARTESIAN_POINT('',(1.89338998479,0.3022807082));
#6977 = CARTESIAN_POINT('',(1.892585516913,0.302708451655));
#6978 = CARTESIAN_POINT('',(1.891658517754,0.303131857148));
#6979 = CARTESIAN_POINT('',(1.890603918289,0.303550251296));
#6980 = CARTESIAN_POINT('',(1.8884014072,0.304316512895));
#6981 = CARTESIAN_POINT('',(1.887288564246,0.304665922215));
#6982 = CARTESIAN_POINT('',(1.88608287956,0.305011084978));
#6983 = CARTESIAN_POINT('',(1.884787912593,0.30535198626));
#6984 = CARTESIAN_POINT('',(1.883407211893,0.305688616326));
#6985 = CARTESIAN_POINT('',(1.881944315106,0.306020970633));
#6986 = CARTESIAN_POINT('',(1.880402748974,0.306349049827));
#6987 = CARTESIAN_POINT('',(1.877014538161,0.307027670472));
#6988 = CARTESIAN_POINT('',(1.875153328404,0.307377210024));
#6989 = CARTESIAN_POINT('',(1.873205497075,0.307721901574));
#6990 = CARTESIAN_POINT('',(1.871176202494,0.30806156162));
#6991 = CARTESIAN_POINT('',(1.869071784667,0.308395656803));
#6992 = CARTESIAN_POINT('',(1.866898885658,0.308723560732));
#6993 = CARTESIAN_POINT('',(1.864663569967,0.309044810815));
#6994 = CARTESIAN_POINT('',(1.857957186243,0.309964788467));
#6995 = CARTESIAN_POINT('',(1.853331299127,0.310544011558));
#6996 = CARTESIAN_POINT('',(1.848538184829,0.311098209713));
#6997 = CARTESIAN_POINT('',(1.843593503792,0.311615149714));
#6998 = CARTESIAN_POINT('',(1.838568570367,0.312112345293));
#6999 = CARTESIAN_POINT('',(1.833447955859,0.312564976696));
#7000 = CARTESIAN_POINT('',(1.828279658263,0.312982618132));
#7001 = CARTESIAN_POINT('',(1.81714150988,0.313788913423));
#7002 = CARTESIAN_POINT('',(1.811165300235,0.314166111518));
#7003 = CARTESIAN_POINT('',(1.805183330783,0.314488227086));
#7004 = CARTESIAN_POINT('',(1.799228174409,0.314753863077));
#7005 = CARTESIAN_POINT('',(1.793330387613,0.314962431577));
#7006 = CARTESIAN_POINT('',(1.787518468581,0.315113853913));
#7007 = CARTESIAN_POINT('',(1.781818815268,0.315208260748));
#7008 = CARTESIAN_POINT('',(1.766707993693,0.315309986616));
#7009 = CARTESIAN_POINT('',(1.757565062435,0.315206634295));
#7010 = CARTESIAN_POINT('',(1.748946515882,0.314937176919));
#7011 = CARTESIAN_POINT('',(1.74095909131,0.314504862488));
#7012 = CARTESIAN_POINT('',(1.733693807207,0.313916071139));
#7013 = CARTESIAN_POINT('',(1.727176220308,0.313195103753));
#7014 = CARTESIAN_POINT('',(1.721346368289,0.312387939854));
#7015 = CARTESIAN_POINT('',(1.713906473612,0.311161612547));
#7016 = CARTESIAN_POINT('',(1.711784074711,0.310783268151));
#7017 = CARTESIAN_POINT('',(1.709772526326,0.310397706799));
#7018 = CARTESIAN_POINT('',(1.707865697765,0.310006748688));
#7019 = CARTESIAN_POINT('',(1.706056971364,0.30961191924));
#7020 = CARTESIAN_POINT('',(1.704339612376,0.309214502774));
#7021 = CARTESIAN_POINT('',(1.702707138861,0.308815596191));
#7022 = CARTESIAN_POINT('',(1.700051054551,0.308132616102));
#7023 = CARTESIAN_POINT('',(1.69898770777,0.307848917897));
#7024 = CARTESIAN_POINT('',(1.697963306907,0.307564940576));
#7025 = CARTESIAN_POINT('',(1.696972212564,0.307281767171));
#7026 = CARTESIAN_POINT('',(1.696014587333,0.306999227821));
#7027 = CARTESIAN_POINT('',(1.695091672526,0.306716868807));
#7028 = CARTESIAN_POINT('',(1.694200136526,0.306435174056));
#7029 = CARTESIAN_POINT('',(1.692506757945,0.305881112988));
#7030 = CARTESIAN_POINT('',(1.691702716254,0.305608791946));
#7031 = CARTESIAN_POINT('',(1.690927482639,0.305336867664));
#7032 = CARTESIAN_POINT('',(1.690180285698,0.305065304548));
#7033 = CARTESIAN_POINT('',(1.689460361641,0.304794059841));
#7034 = CARTESIAN_POINT('',(1.688766954288,0.304523083623));
#7035 = CARTESIAN_POINT('',(1.688099315073,0.304252318805));
#7036 = CARTESIAN_POINT('',(1.686430048366,0.303549350255));
#7037 = CARTESIAN_POINT('',(1.685466842325,0.303117450601));
#7038 = CARTESIAN_POINT('',(1.684579542299,0.302686451904));
#7039 = CARTESIAN_POINT('',(1.683782419429,0.302256504987));
#7040 = CARTESIAN_POINT('',(1.683091068948,0.30182748561));
#7041 = CARTESIAN_POINT('',(1.682521920513,0.301399018312));
#7042 = CARTESIAN_POINT('',(1.682091748537,0.30097050025));
#7043 = CARTESIAN_POINT('',(1.681702718868,0.300362125358));
#7044 = CARTESIAN_POINT('',(1.681615276596,0.300182989102));
#7045 = CARTESIAN_POINT('',(1.681555008361,0.300003654007));
#7046 = CARTESIAN_POINT('',(1.68152204768,0.299824060279));
#7047 = CARTESIAN_POINT('',(1.681516508932,0.2996441506));
#7048 = CARTESIAN_POINT('',(1.681538487354,0.299463870128));
#7049 = CARTESIAN_POINT('',(1.681588059045,0.299283166493));
#7050 = CARTESIAN_POINT('',(1.681665280966,0.299101989803));
#7051 = ( GEOMETRIC_REPRESENTATION_CONTEXT(2) 
PARAMETRIC_REPRESENTATION_CONTEXT() REPRESENTATION_CONTEXT('2D SPACE',''
  ) );
#7052 = PCURVE('',#7053,#7132);
#7053 = ( BOUNDED_SURFACE() B_SPLINE_SURFACE(12,5,(
    (#7054,#7055,#7056,#7057,#7058,#7059)
    ,(#7060,#7061,#7062,#7063,#7064,#7065)
    ,(#7066,#7067,#7068,#7069,#7070,#7071)
    ,(#7072,#7073,#7074,#7075,#7076,#7077)
    ,(#7078,#7079,#7080,#7081,#7082,#7083)
    ,(#7084,#7085,#7086,#7087,#7088,#7089)
    ,(#7090,#7091,#7092,#7093,#7094,#7095)
    ,(#7096,#7097,#7098,#7099,#7100,#7101)
    ,(#7102,#7103,#7104,#7105,#7106,#7107)
    ,(#7108,#7109,#7110,#7111,#7112,#7113)
    ,(#7114,#7115,#7116,#7117,#7118,#7119)
    ,(#7120,#7121,#7122,#7123,#7124,#7125)
    ,(#7126,#7127,#7128,#7129,#7130,#7131
)),.UNSPECIFIED.,.T.,.F.,.F.) B_SPLINE_SURFACE_WITH_KNOTS((13,13),(6,6),
  (0.,1.),(0.,1.),.PIECEWISE_BEZIER_KNOTS.) 
GEOMETRIC_REPRESENTATION_ITEM() RATIONAL_B_SPLINE_SURFACE((
    (1.,1.,1.,1.,1.,1.)
    ,(1.,1.,1.,1.,1.,1.)
    ,(1.,1.,1.,1.,1.,1.)
    ,(1.,1.,1.,1.,1.,1.)
    ,(1.,1.,1.,1.,1.,1.)
    ,(1.,1.,1.,1.,1.,1.)
    ,(1.,1.,1.,1.,1.,1.)
    ,(1.,1.,1.,1.,1.,1.)
    ,(1.,1.,1.,1.,1.,1.)
    ,(1.,1.,1.,1.,1.,1.)
    ,(1.,1.,1.,1.,1.,1.)
    ,(1.,1.,1.,1.,1.,1.)
,(1.,1.,1.,1.,1.,1.))) REPRESENTATION_ITEM('') SURFACE() );
#7054 = CARTESIAN_POINT('',(0.19,0.3,0.31));
#7055 = CARTESIAN_POINT('',(-3.630882344956E-03,0.3,0.112013216754));
#7056 = CARTESIAN_POINT('',(0.471261533187,0.3,0.382794812205));
#7057 = CARTESIAN_POINT('',(-7.184946460232E-02,0.3,-5.106445363151E-02)
  );
#7058 = CARTESIAN_POINT('',(0.280001479603,0.3,9.187229722041E-02));
#7059 = CARTESIAN_POINT('',(0.21388,0.3,0.));
#7060 = CARTESIAN_POINT('',(0.19,0.337699111843,0.31));
#7061 = CARTESIAN_POINT('',(-3.630882344965E-03,0.236314218929,
    0.112013216754));
#7062 = CARTESIAN_POINT('',(0.471261533187,0.484967306242,0.382794812205
    ));
#7063 = CARTESIAN_POINT('',(-7.184946460235E-02,0.200595052786,
    -5.106445363151E-02));
#7064 = CARTESIAN_POINT('',(0.280001479603,0.384823776365,
    9.187229722041E-02));
#7065 = CARTESIAN_POINT('',(0.21388,0.350202650604,0.));
#7066 = CARTESIAN_POINT('',(0.168466199509,0.375397447008,0.31));
#7067 = CARTESIAN_POINT('',(3.274655034932E-02,0.172629749914,
    0.112013216754));
#7068 = CARTESIAN_POINT('',(0.365607875175,0.669930801786,0.382794812205
    ));
#7069 = CARTESIAN_POINT('',(-1.50691799618E-02,0.101192153515,
    -5.106445363151E-02));
#7070 = CARTESIAN_POINT('',(0.231549985977,0.46964580519,
    9.187229722041E-02));
#7071 = CARTESIAN_POINT('',(0.185204155679,0.400404266933,0.));
#7072 = CARTESIAN_POINT('',(0.125400008736,0.399572952916,0.31));
#7073 = CARTESIAN_POINT('',(0.105499033446,0.131789637211,0.112013216754
    ));
#7074 = CARTESIAN_POINT('',(0.154307478216,0.788545750152,0.382794812205
    ));
#7075 = CARTESIAN_POINT('',(9.848767088139E-02,3.744622500084E-02,
    -5.106445363151E-02));
#7076 = CARTESIAN_POINT('',(0.134650171726,0.524041190289,
    9.187229722041E-02));
#7077 = CARTESIAN_POINT('',(0.127854344966,0.4325979823,0.));
#7078 = CARTESIAN_POINT('',(7.023850451043E-02,0.39665508372,0.31));
#7079 = CARTESIAN_POINT('',(0.198684344979,0.13671884561,0.112013216754)
  );
#7080 = CARTESIAN_POINT('',(-0.116337487833,0.774229487019,
    0.382794812205));
#7081 = CARTESIAN_POINT('',(0.243937421491,4.514005700812E-02,
    -5.106445363151E-02));
#7082 = CARTESIAN_POINT('',(1.05356536475E-02,0.517475924637,
    9.187229722041E-02));
#7083 = CARTESIAN_POINT('',(5.439760850639E-02,0.428712353154,0.));
#7084 = CARTESIAN_POINT('',(2.190964929998E-02,0.360668774402,0.31));
#7085 = CARTESIAN_POINT('',(0.28032714084,0.197511158871,0.112013216754)
  );
#7086 = CARTESIAN_POINT('',(-0.353458675177,0.597665892524,
    0.382794812205));
#7087 = CARTESIAN_POINT('',(0.371370856025,0.140028689746,
    -5.106445363151E-02));
#7088 = CARTESIAN_POINT('',(-9.820526373575E-02,0.43650598915,
    9.187229722041E-02));
#7089 = CARTESIAN_POINT('',(-9.960317015521E-03,0.380790584578,0.));
#7090 = CARTESIAN_POINT('',(1.971274753937E-03,0.3,0.31));
#7091 = CARTESIAN_POINT('',(0.31400939207,0.3,0.112013216754));
#7092 = CARTESIAN_POINT('',(-0.451284519085,0.299999999999,
    0.382794812205));
#7093 = CARTESIAN_POINT('',(0.423944324534,0.300000000001,
    -5.106445363151E-02));
#7094 = CARTESIAN_POINT('',(-0.143067016199,0.299999999999,
    9.187229722041E-02));
#7095 = CARTESIAN_POINT('',(-3.651158578601E-02,0.3,0.));
#7096 = CARTESIAN_POINT('',(2.190964929999E-02,0.239331225598,0.31));
#7097 = CARTESIAN_POINT('',(0.28032714084,0.402488841128,0.112013216754)
  );
#7098 = CARTESIAN_POINT('',(-0.353458675177,2.334107477119E-03,
    0.382794812205));
#7099 = CARTESIAN_POINT('',(0.371370856025,0.459971310253,
    -5.106445363151E-02));
#7100 = CARTESIAN_POINT('',(-9.82052637358E-02,0.163494010851,
    9.187229722041E-02));
#7101 = CARTESIAN_POINT('',(-9.96031701552E-03,0.219209415422,0.));
#7102 = CARTESIAN_POINT('',(7.023850451043E-02,0.203344916279,0.31));
#7103 = CARTESIAN_POINT('',(0.198684344979,0.46328115439,0.112013216754)
  );
#7104 = CARTESIAN_POINT('',(-0.116337487832,-0.17422948702,
    0.382794812205));
#7105 = CARTESIAN_POINT('',(0.243937421491,0.554859942993,
    -5.106445363151E-02));
#7106 = CARTESIAN_POINT('',(1.053565364756E-02,8.252407536216E-02,
    9.187229722041E-02));
#7107 = CARTESIAN_POINT('',(5.439760850638E-02,0.171287646845,0.));
#7108 = CARTESIAN_POINT('',(0.125400008736,0.200427047084,0.31));
#7109 = CARTESIAN_POINT('',(0.105499033446,0.468210362789,0.112013216754
    ));
#7110 = CARTESIAN_POINT('',(0.154307478216,-0.188545750151,
    0.382794812205));
#7111 = CARTESIAN_POINT('',(9.84876708815E-02,0.562553774999,
    -5.106445363151E-02));
#7112 = CARTESIAN_POINT('',(0.134650171726,7.595880971124E-02,
    9.187229722041E-02));
#7113 = CARTESIAN_POINT('',(0.127854344966,0.167402017701,0.));
#7114 = CARTESIAN_POINT('',(0.168466199509,0.224602552992,0.31));
#7115 = CARTESIAN_POINT('',(3.27465503493E-02,0.427370250086,
    0.112013216754));
#7116 = CARTESIAN_POINT('',(0.365607875175,-6.993080178596E-02,
    0.382794812205));
#7117 = CARTESIAN_POINT('',(-1.506917996185E-02,0.498807846486,
    -5.106445363151E-02));
#7118 = CARTESIAN_POINT('',(0.231549985977,0.13035419481,
    9.187229722041E-02));
#7119 = CARTESIAN_POINT('',(0.185204155679,0.199595733067,0.));
#7120 = CARTESIAN_POINT('',(0.19,0.262300888157,0.31));
#7121 = CARTESIAN_POINT('',(-3.630882344946E-03,0.363685781071,
    0.112013216754));
#7122 = CARTESIAN_POINT('',(0.471261533187,0.115032693758,0.382794812205
    ));
#7123 = CARTESIAN_POINT('',(-7.184946460232E-02,0.399404947214,
    -5.106445363151E-02));
#7124 = CARTESIAN_POINT('',(0.280001479603,0.215176223635,
    9.187229722041E-02));
#7125 = CARTESIAN_POINT('',(0.21388,0.249797349396,0.));
#7126 = CARTESIAN_POINT('',(0.19,0.3,0.31));
#7127 = CARTESIAN_POINT('',(-3.630882344957E-03,0.3,0.112013216754));
#7128 = CARTESIAN_POINT('',(0.471261533187,0.3,0.382794812205));
#7129 = CARTESIAN_POINT('',(-7.184946460232E-02,0.3,-5.106445363151E-02)
  );
#7130 = CARTESIAN_POINT('',(0.280001479603,0.3,9.187229722041E-02));
#7131 = CARTESIAN_POINT('',(0.21388,0.3,0.));
#7132 = DEFINITIONAL_REPRESENTATION('',(#7133),#7369);
#7133 = B_SPLINE_CURVE_WITH_KNOTS('',8,(#7134,#7135,#7136,#7137,#7138,
    #7139,#7140,#7141,#7142,#7143,#7144,#7145,#7146,#7147,#7148,#7149,
    #7150,#7151,#7152,#7153,#7154,#7155,#7156,#7157,#7158,#7159,#7160,
    #7161,#7162,#7163,#7164,#7165,#7166,#7167,#7168,#7169,#7170,#7171,
    #7172,#7173,#7174,#7175,#7176,#7177,#7178,#7179,#7180,#7181,#7182,
    #7183,#7184,#7185,#7186,#7187,#7188,#7189,#7190,#7191,#7192,#7193,
    #7194,#7195,#7196,#7197,#7198,#7199,#7200,#7201,#7202,#7203,#7204,
    #7205,#7206,#7207,#7208,#7209,#7210,#7211,#7212,#7213,#7214,#7215,
    #7216,#7217,#7218,#7219,#7220,#7221,#7222,#7223,#7224,#7225,#7226,
    #7227,#7228,#7229,#7230,#7231,#7232,#7233,#7234,#7235,#7236,#7237,
    #7238,#7239,#7240,#7241,#7242,#7243,#7244,#7245,#7246,#7247,#7248,
    #7249,#7250,#7251,#7252,#7253,#7254,#7255,#7256,#7257,#7258,#7259,
    #7260,#7261,#7262,#7263,#7264,#7265,#7266,#7267,#7268,#7269,#7270,
    #7271,#7272,#7273,#7274,#7275,#7276,#7277,#7278,#7279,#7280,#7281,
    #7282,#7283,#7284,#7285,#7286,#7287,#7288,#7289,#7290,#7291,#7292,
    #7293,#7294,#7295,#7296,#7297,#7298,#7299,#7300,#7301,#7302,#7303,
    #7304,#7305,#7306,#7307,#7308,#7309,#7310,#7311,#7312,#7313,#7314,
    #7315,#7316,#7317,#7318,#7319,#7320,#7321,#7322,#7323,#7324,#7325,
    #7326,#7327,#7328,#7329,#7330,#7331,#7332,#7333,#7334,#7335,#7336,
    #7337,#7338,#7339,#7340,#7341,#7342,#7343,#7344,#7345,#7346,#7347,
    #7348,#7349,#7350,#7351,#7352,#7353,#7354,#7355,#7356,#7357,#7358,
    #7359,#7360,#7361,#7362,#7363,#7364,#7365,#7366,#7367,#7368),
  .UNSPECIFIED.,.F.,.F.,(9,7,7,7,7,8,7,7,7,7,7,7,8,7,7,7,7,7,7,7,7,7,7,7
    ,7,7,7,7,7,7,7,7,7,9),(0.,2.78666157169E-02,7.540548656206E-02,
    9.017628193166E-02,0.105434127757,0.121202825923,0.14906944164,
    0.16718586084,0.265481663734,0.329108243145,0.399172476106,
    0.452597129419,0.508548241543,0.53641485726,0.549518180257,
    0.560098926925,0.572161928975,0.577775271774,0.582028702172,
    0.586521185945,0.602190894896,0.609189574884,0.63080256029,
    0.653547691215,0.67304128718,0.694399403415,0.735509795568,
    0.782421215633,0.862931902594,0.89757971765,0.922174021048,
    0.946020075425,0.984117711858,1.),.UNSPECIFIED.);
#7134 = CARTESIAN_POINT('',(0.,0.193768410354));
#7135 = CARTESIAN_POINT('',(4.388544662276E-03,0.193993434467));
#7136 = CARTESIAN_POINT('',(8.771242087261E-03,0.194301874508));
#7137 = CARTESIAN_POINT('',(1.314569034042E-02,0.194689106032));
#7138 = CARTESIAN_POINT('',(1.750985506909E-02,0.195150227745));
#7139 = CARTESIAN_POINT('',(2.186206950244E-02,0.195680061505));
#7140 = CARTESIAN_POINT('',(2.620103445151E-02,0.196273152318));
#7141 = CARTESIAN_POINT('',(3.052581830919E-02,0.196923768347));
#7142 = CARTESIAN_POINT('',(4.2189072891E-02,0.198823619634));
#7143 = CARTESIAN_POINT('',(4.949176871179E-02,0.200169770905));
#7144 = CARTESIAN_POINT('',(5.674136539362E-02,0.201718188994));
#7145 = CARTESIAN_POINT('',(6.392118266642E-02,0.203528417441));
#7146 = CARTESIAN_POINT('',(7.100160623018E-02,0.205662246116));
#7147 = CARTESIAN_POINT('',(7.794125487597E-02,0.208180248294));
#7148 = CARTESIAN_POINT('',(8.468814760712E-02,0.211138317725));
#7149 = CARTESIAN_POINT('',(9.319841668076E-02,0.215654834968));
#7150 = CARTESIAN_POINT('',(9.519015823136E-02,0.216772988557));
#7151 = CARTESIAN_POINT('',(9.715791498176E-02,0.217931739085));
#7152 = CARTESIAN_POINT('',(9.910392812541E-02,0.219124197646));
#7153 = CARTESIAN_POINT('',(0.10103086048,0.220343513815));
#7154 = CARTESIAN_POINT('',(0.102941796485,0.221582875649));
#7155 = CARTESIAN_POINT('',(0.104840242207,0.222835509686));
#7156 = CARTESIAN_POINT('',(0.108682339404,0.225395287799));
#7157 = CARTESIAN_POINT('',(0.110624833274,0.226702429575));
#7158 = CARTESIAN_POINT('',(0.11256231173,0.228008610411));
#7159 = CARTESIAN_POINT('',(0.114499204527,0.229305676607));
#7160 = CARTESIAN_POINT('',(0.116439666384,0.230584816626));
#7161 = CARTESIAN_POINT('',(0.118387576991,0.231836561093));
#7162 = CARTESIAN_POINT('',(0.120346541005,0.233050782797));
#7163 = CARTESIAN_POINT('',(0.124359270303,0.235421749982));
#7164 = CARTESIAN_POINT('',(0.126414195102,0.236575648398));
#7165 = CARTESIAN_POINT('',(0.128487104739,0.237666499946));
#7166 = CARTESIAN_POINT('',(0.130579486975,0.23868196985));
#7167 = CARTESIAN_POINT('',(0.132691514317,0.23961044781));
#7168 = CARTESIAN_POINT('',(0.134821683295,0.240442215275));
#7169 = CARTESIAN_POINT('',(0.136966453737,0.241170612704));
#7170 = CARTESIAN_POINT('',(0.139119888049,0.241793206835));
#7171 = CARTESIAN_POINT('',(0.141364298289,0.242441500783));
#7172 = CARTESIAN_POINT('',(0.143618175101,0.242980886116));
#7173 = CARTESIAN_POINT('',(0.14587817322,0.243376041983));
#7174 = CARTESIAN_POINT('',(0.148135887714,0.243709570615));
#7175 = CARTESIAN_POINT('',(0.150390000578,0.243943485536));
#7176 = CARTESIAN_POINT('',(0.152637997445,0.244130814094));
#7177 = CARTESIAN_POINT('',(0.154880537645,0.24426502094));
#7178 = CARTESIAN_POINT('',(0.158575699707,0.244427606724));
#7179 = CARTESIAN_POINT('',(0.16002953709,0.244475984204));
#7180 = CARTESIAN_POINT('',(0.161481550089,0.244511592942));
#7181 = CARTESIAN_POINT('',(0.1629318942,0.244536994833));
#7182 = CARTESIAN_POINT('',(0.164380730532,0.244554489283));
#7183 = CARTESIAN_POINT('',(0.1658282258,0.244566113207));
#7184 = CARTESIAN_POINT('',(0.167274552328,0.244573641033));
#7185 = CARTESIAN_POINT('',(0.176561972305,0.244605423281));
#7186 = CARTESIAN_POINT('',(0.18437795039,0.244558822234));
#7187 = CARTESIAN_POINT('',(0.192188991214,0.244690429008));
#7188 = CARTESIAN_POINT('',(0.199991719517,0.2451035282));
#7189 = CARTESIAN_POINT('',(0.207771618827,0.245859359228));
#7190 = CARTESIAN_POINT('',(0.215506399244,0.246997862173));
#7191 = CARTESIAN_POINT('',(0.223166498914,0.248527779359));
#7192 = CARTESIAN_POINT('',(0.235609106598,0.251679540623));
#7193 = CARTESIAN_POINT('',(0.2404572008,0.253078802873));
#7194 = CARTESIAN_POINT('',(0.245256788579,0.254638352104));
#7195 = CARTESIAN_POINT('',(0.250002995717,0.256352133706));
#7196 = CARTESIAN_POINT('',(0.254692349434,0.258212545951));
#7197 = CARTESIAN_POINT('',(0.259322540692,0.260211664842));
#7198 = CARTESIAN_POINT('',(0.263893055255,0.262339661178));
#7199 = CARTESIAN_POINT('',(0.273377294211,0.267048027758));
#7200 = CARTESIAN_POINT('',(0.278278285147,0.269653341008));
#7201 = CARTESIAN_POINT('',(0.283113631582,0.272380483189));
#7202 = CARTESIAN_POINT('',(0.287886993487,0.275216510879));
#7203 = CARTESIAN_POINT('',(0.2926017055,0.278151403615));
#7204 = CARTESIAN_POINT('',(0.297260776925,0.281178063901));
#7205 = CARTESIAN_POINT('',(0.30186689173,0.284292317203));
#7206 = CARTESIAN_POINT('',(0.309895900212,0.289933280327));
#7207 = CARTESIAN_POINT('',(0.313339227788,0.292423898606));
#7208 = CARTESIAN_POINT('',(0.316753379296,0.294963973961));
#7209 = CARTESIAN_POINT('',(0.320138519016,0.297553857135));
#7210 = CARTESIAN_POINT('',(0.32349398749,0.300195042448));
#7211 = CARTESIAN_POINT('',(0.326818301521,0.302890167789));
#7212 = CARTESIAN_POINT('',(0.330109154174,0.305643014622));
#7213 = CARTESIAN_POINT('',(0.336771456931,0.311407101536));
#7214 = CARTESIAN_POINT('',(0.340139356651,0.314424532402));
#7215 = CARTESIAN_POINT('',(0.34346146429,0.317518086992));
#7216 = CARTESIAN_POINT('',(0.346733135859,0.320693094476));
#7217 = CARTESIAN_POINT('',(0.349950733025,0.323952926789));
#7218 = CARTESIAN_POINT('',(0.353111623114,0.327298998629));
#7219 = CARTESIAN_POINT('',(0.356214179107,0.330730767458));
#7220 = CARTESIAN_POINT('',(0.359257779646,0.334245733502));
#7221 = CARTESIAN_POINT('',(0.36260112531,0.338106117677));
#7222 = CARTESIAN_POINT('',(0.365874201168,0.342067954951));
#7223 = CARTESIAN_POINT('',(0.369077935556,0.346124946708));
#7224 = CARTESIAN_POINT('',(0.37221581379,0.350269676423));
#7225 = CARTESIAN_POINT('',(0.375295994928,0.354491562648));
#7226 = CARTESIAN_POINT('',(0.378333428533,0.358774812));
#7227 = CARTESIAN_POINT('',(0.381351971437,0.363096372142));
#7228 = CARTESIAN_POINT('',(0.385813529796,0.369458590757));
#7229 = CARTESIAN_POINT('',(0.387244054412,0.371494316465));
#7230 = CARTESIAN_POINT('',(0.388682518775,0.37352767928));
#7231 = CARTESIAN_POINT('',(0.390133573287,0.375554663));
#7232 = CARTESIAN_POINT('',(0.39160263257,0.377570113717));
#7233 = CARTESIAN_POINT('',(0.393096429711,0.379567235709));
#7234 = CARTESIAN_POINT('',(0.394623570501,0.381537087312));
#7235 = CARTESIAN_POINT('',(0.397464114371,0.385027252907));
#7236 = CARTESIAN_POINT('',(0.398760898805,0.386559607885));
#7237 = CARTESIAN_POINT('',(0.400092448004,0.388059803468));
#7238 = CARTESIAN_POINT('',(0.401465584236,0.389519731885));
#7239 = CARTESIAN_POINT('',(0.402887471393,0.390927767841));
#7240 = CARTESIAN_POINT('',(0.404366141381,0.3922680205));
#7241 = CARTESIAN_POINT('',(0.4059110205,0.393519585461));
#7242 = CARTESIAN_POINT('',(0.409383249037,0.395951062945));
#7243 = CARTESIAN_POINT('',(0.411334262851,0.397095654463));
#7244 = CARTESIAN_POINT('',(0.413373136931,0.398063636103));
#7245 = CARTESIAN_POINT('',(0.415484563502,0.398845335585));
#7246 = CARTESIAN_POINT('',(0.417652215513,0.399444192629));
#7247 = CARTESIAN_POINT('',(0.419859674791,0.399873608034));
#7248 = CARTESIAN_POINT('',(0.422091360208,0.400153792773));
#7249 = CARTESIAN_POINT('',(0.425376785503,0.400380658707));
#7250 = CARTESIAN_POINT('',(0.426423246789,0.400425546366));
#7251 = CARTESIAN_POINT('',(0.427472016996,0.400445690204));
#7252 = CARTESIAN_POINT('',(0.428522441261,0.40044353306));
#7253 = CARTESIAN_POINT('',(0.429574032557,0.400421550452));
#7254 = CARTESIAN_POINT('',(0.430626471686,0.400382250581));
#7255 = CARTESIAN_POINT('',(0.431679607288,0.40032817433));
#7256 = CARTESIAN_POINT('',(0.433531993855,0.400211661282));
#7257 = CARTESIAN_POINT('',(0.434330905067,0.400154418875));
#7258 = CARTESIAN_POINT('',(0.435130186054,0.400091262659));
#7259 = CARTESIAN_POINT('',(0.435929853942,0.400023306885));
#7260 = CARTESIAN_POINT('',(0.436729946395,0.399951685433));
#7261 = CARTESIAN_POINT('',(0.437530521612,0.39987755182));
#7262 = CARTESIAN_POINT('',(0.438331658332,0.399802079191));
#7263 = CARTESIAN_POINT('',(0.439980316392,0.399646590996));
#7264 = CARTESIAN_POINT('',(0.440827875092,0.399566589488));
#7265 = CARTESIAN_POINT('',(0.441676263604,0.399487856515));
#7266 = CARTESIAN_POINT('',(0.4425255878,0.399411866831));
#7267 = CARTESIAN_POINT('',(0.44337592775,0.399340169234));
#7268 = CARTESIAN_POINT('',(0.444227337724,0.399274386568));
#7269 = CARTESIAN_POINT('',(0.445079846195,0.399216215719));
#7270 = CARTESIAN_POINT('',(0.448910824159,0.398997058645));
#7271 = CARTESIAN_POINT('',(0.451900953071,0.398935015773));
#7272 = CARTESIAN_POINT('',(0.454898785078,0.398972992369));
#7273 = CARTESIAN_POINT('',(0.457900809088,0.399097570057));
#7274 = CARTESIAN_POINT('',(0.460905037704,0.399291293979));
#7275 = CARTESIAN_POINT('',(0.463910984518,0.399533748057));
#7276 = CARTESIAN_POINT('',(0.466919641407,0.399802630246));
#7277 = CARTESIAN_POINT('',(0.471279538803,0.400196386007));
#7278 = CARTESIAN_POINT('',(0.472626497642,0.400318607962));
#7279 = CARTESIAN_POINT('',(0.47397450136,0.400439381399));
#7280 = CARTESIAN_POINT('',(0.475323681071,0.400556575719));
#7281 = CARTESIAN_POINT('',(0.476674129997,0.400668041981));
#7282 = CARTESIAN_POINT('',(0.478025903461,0.400771612903));
#7283 = CARTESIAN_POINT('',(0.479379018895,0.400865102863));
#7284 = CARTESIAN_POINT('',(0.484916170546,0.401197391795));
#7285 = CARTESIAN_POINT('',(0.489110396169,0.401334245006));
#7286 = CARTESIAN_POINT('',(0.493310162085,0.401375789029));
#7287 = CARTESIAN_POINT('',(0.497510749176,0.401340566103));
#7288 = CARTESIAN_POINT('',(0.501708689819,0.401246739209));
#7289 = CARTESIAN_POINT('',(0.50590176789,0.401112092067));
#7290 = CARTESIAN_POINT('',(0.510089018761,0.400954029136));
#7291 = CARTESIAN_POINT('',(0.518671511696,0.400616300426));
#7292 = CARTESIAN_POINT('',(0.523065453241,0.400436361154));
#7293 = CARTESIAN_POINT('',(0.527449687884,0.400240595005));
#7294 = CARTESIAN_POINT('',(0.531820575053,0.400020159628));
#7295 = CARTESIAN_POINT('',(0.536173699656,0.399766533122));
#7296 = CARTESIAN_POINT('',(0.540503872075,0.399471514032));
#7297 = CARTESIAN_POINT('',(0.544805128176,0.399127221349));
#7298 = CARTESIAN_POINT('',(0.552726500999,0.398382352856));
#7299 = CARTESIAN_POINT('',(0.556356102962,0.397997040153));
#7300 = CARTESIAN_POINT('',(0.559957220274,0.397570713885));
#7301 = CARTESIAN_POINT('',(0.563527769651,0.397103800698));
#7302 = CARTESIAN_POINT('',(0.567065899443,0.396596596405));
#7303 = CARTESIAN_POINT('',(0.570569989633,0.396049265983));
#7304 = CARTESIAN_POINT('',(0.574038651835,0.395461843571));
#7305 = CARTESIAN_POINT('',(0.581231060499,0.394146555982));
#7306 = CARTESIAN_POINT('',(0.584947824438,0.393410812999));
#7307 = CARTESIAN_POINT('',(0.588618474592,0.392626582018));
#7308 = CARTESIAN_POINT('',(0.59224196847,0.391793717749));
#7309 = CARTESIAN_POINT('',(0.595818313274,0.390912276515));
#7310 = CARTESIAN_POINT('',(0.599348111546,0.389982441645));
#7311 = CARTESIAN_POINT('',(0.602832106825,0.389004448873));
#7312 = CARTESIAN_POINT('',(0.612889490471,0.386004073073));
#7313 = CARTESIAN_POINT('',(0.619338136626,0.383850785126));
#7314 = CARTESIAN_POINT('',(0.625633080357,0.381529393828));
#7315 = CARTESIAN_POINT('',(0.631763281494,0.379016371531));
#7316 = CARTESIAN_POINT('',(0.637783255587,0.37636342914));
#7317 = CARTESIAN_POINT('',(0.643654908918,0.373521860492));
#7318 = CARTESIAN_POINT('',(0.649416408428,0.370517503392));
#7319 = CARTESIAN_POINT('',(0.661522985682,0.363718363038));
#7320 = CARTESIAN_POINT('',(0.667836498353,0.359875203987));
#7321 = CARTESIAN_POINT('',(0.674029178864,0.355814177693));
#7322 = CARTESIAN_POINT('',(0.680120310254,0.351539788524));
#7323 = CARTESIAN_POINT('',(0.686130784848,0.347059476365));
#7324 = CARTESIAN_POINT('',(0.692083342048,0.342383883605));
#7325 = CARTESIAN_POINT('',(0.698002806129,0.337527122118));
#7326 = CARTESIAN_POINT('',(0.714065319959,0.323891372914));
#7327 = CARTESIAN_POINT('',(0.724193571016,0.314797101038));
#7328 = CARTESIAN_POINT('',(0.734440449592,0.305312594613));
#7329 = CARTESIAN_POINT('',(0.744950525188,0.295566671573));
#7330 = CARTESIAN_POINT('',(0.755880199197,0.285731968436));
#7331 = CARTESIAN_POINT('',(0.767367859554,0.276028985602));
#7332 = CARTESIAN_POINT('',(0.779499123787,0.266707352472));
#7333 = CARTESIAN_POINT('',(0.797807113043,0.254225327642));
#7334 = CARTESIAN_POINT('',(0.803439160925,0.250578849204));
#7335 = CARTESIAN_POINT('',(0.809191295868,0.247052269915));
#7336 = CARTESIAN_POINT('',(0.81505761744,0.243651652735));
#7337 = CARTESIAN_POINT('',(0.821030500062,0.240379040032));
#7338 = CARTESIAN_POINT('',(0.827101181473,0.237233217698));
#7339 = CARTESIAN_POINT('',(0.833260351203,0.234210479271));
#7340 = CARTESIAN_POINT('',(0.843927055342,0.229243483047));
#7341 = CARTESIAN_POINT('',(0.8483945862,0.227239373745));
#7342 = CARTESIAN_POINT('',(0.852901313302,0.225296878444));
#7343 = CARTESIAN_POINT('',(0.857439138676,0.223402850553));
#7344 = CARTESIAN_POINT('',(0.862008123525,0.221560950991));
#7345 = CARTESIAN_POINT('',(0.866609997742,0.219777931754));
#7346 = CARTESIAN_POINT('',(0.871240078838,0.218046784485));
#7347 = CARTESIAN_POINT('',(0.880415552107,0.214746280485));
#7348 = CARTESIAN_POINT('',(0.884958770553,0.2131727909));
#7349 = CARTESIAN_POINT('',(0.889527058236,0.211650518596));
#7350 = CARTESIAN_POINT('',(0.894119092854,0.210179193967));
#7351 = CARTESIAN_POINT('',(0.898733565946,0.208758396335));
#7352 = CARTESIAN_POINT('',(0.903369182889,0.207387553944));
#7353 = CARTESIAN_POINT('',(0.908024662901,0.206065943971));
#7354 = CARTESIAN_POINT('',(0.920166325492,0.202758625135));
#7355 = CARTESIAN_POINT('',(0.927679243524,0.200846745136));
#7356 = CARTESIAN_POINT('',(0.935247090523,0.199089825237));
#7357 = CARTESIAN_POINT('',(0.942874546371,0.197521389587));
#7358 = CARTESIAN_POINT('',(0.950561316226,0.196175656589));
#7359 = CARTESIAN_POINT('',(0.958302073307,0.195087481723));
#7360 = CARTESIAN_POINT('',(0.966086401679,0.194292300366));
#7361 = CARTESIAN_POINT('',(0.977155564485,0.193631742886));
#7362 = CARTESIAN_POINT('',(0.980416972755,0.193494459687));
#7363 = CARTESIAN_POINT('',(0.983681312059,0.193412465682));
#7364 = CARTESIAN_POINT('',(0.986947085445,0.193383977153));
#7365 = CARTESIAN_POINT('',(0.990212950795,0.193407182009));
#7366 = CARTESIAN_POINT('',(0.993477720828,0.193480239783));
#7367 = CARTESIAN_POINT('',(0.9967403631,0.193601281637));
#7368 = CARTESIAN_POINT('',(1.,0.193768410354));
#7369 = ( GEOMETRIC_REPRESENTATION_CONTEXT(2) 
PARAMETRIC_REPRESENTATION_CONTEXT() REPRESENTATION_CONTEXT('2D SPACE',''
  ) );
#7370 = FACE_BOUND('',#7371,.F.);
#7371 = EDGE_LOOP('',(#7372));
#7372 = ORIENTED_EDGE('',*,*,#7373,.F.);
#7373 = EDGE_CURVE('',#7374,#7374,#7376,.T.);
#7374 = VERTEX_POINT('',#7375);
#7375 = CARTESIAN_POINT('',(0.155753034764,-0.3,0.220688902861));
#7376 = SURFACE_CURVE('',#7377,(#7679,#7984),.PCURVE_S1.);
#7377 = B_SPLINE_CURVE_WITH_KNOTS('',8,(#7378,#7379,#7380,#7381,#7382,
    #7383,#7384,#7385,#7386,#7387,#7388,#7389,#7390,#7391,#7392,#7393,
    #7394,#7395,#7396,#7397,#7398,#7399,#7400,#7401,#7402,#7403,#7404,
    #7405,#7406,#7407,#7408,#7409,#7410,#7411,#7412,#7413,#7414,#7415,
    #7416,#7417,#7418,#7419,#7420,#7421,#7422,#7423,#7424,#7425,#7426,
    #7427,#7428,#7429,#7430,#7431,#7432,#7433,#7434,#7435,#7436,#7437,
    #7438,#7439,#7440,#7441,#7442,#7443,#7444,#7445,#7446,#7447,#7448,
    #7449,#7450,#7451,#7452,#7453,#7454,#7455,#7456,#7457,#7458,#7459,
    #7460,#7461,#7462,#7463,#7464,#7465,#7466,#7467,#7468,#7469,#7470,
    #7471,#7472,#7473,#7474,#7475,#7476,#7477,#7478,#7479,#7480,#7481,
    #7482,#7483,#7484,#7485,#7486,#7487,#7488,#7489,#7490,#7491,#7492,
    #7493,#7494,#7495,#7496,#7497,#7498,#7499,#7500,#7501,#7502,#7503,
    #7504,#7505,#7506,#7507,#7508,#7509,#7510,#7511,#7512,#7513,#7514,
    #7515,#7516,#7517,#7518,#7519,#7520,#7521,#7522,#7523,#7524,#7525,
    #7526,#7527,#7528,#7529,#7530,#7531,#7532,#7533,#7534,#7535,#7536,
    #7537,#7538,#7539,#7540,#7541,#7542,#7543,#7544,#7545,#7546,#7547,
    #7548,#7549,#7550,#7551,#7552,#7553,#7554,#7555,#7556,#7557,#7558,
    #7559,#7560,#7561,#7562,#7563,#7564,#7565,#7566,#7567,#7568,#7569,
    #7570,#7571,#7572,#7573,#7574,#7575,#7576,#7577,#7578,#7579,#7580,
    #7581,#7582,#7583,#7584,#7585,#7586,#7587,#7588,#7589,#7590,#7591,
    #7592,#7593,#7594,#7595,#7596,#7597,#7598,#7599,#7600,#7601,#7602,
    #7603,#7604,#7605,#7606,#7607,#7608,#7609,#7610,#7611,#7612,#7613,
    #7614,#7615,#7616,#7617,#7618,#7619,#7620,#7621,#7622,#7623,#7624,
    #7625,#7626,#7627,#7628,#7629,#7630,#7631,#7632,#7633,#7634,#7635,
    #7636,#7637,#7638,#7639,#7640,#7641,#7642,#7643,#7644,#7645,#7646,
    #7647,#7648,#7649,#7650,#7651,#7652,#7653,#7654,#7655,#7656,#7657,
    #7658,#7659,#7660,#7661,#7662,#7663,#7664,#7665,#7666,#7667,#7668,
    #7669,#7670,#7671,#7672,#7673,#7674,#7675,#7676,#7677,#7678),
  .UNSPECIFIED.,.T.,.F.,(9,7,7,7,7,7,7,7,7,7,7,7,7,7,7,7,7,7,7,8,7,7,8,8
    ,7,7,7,7,7,7,7,7,7,7,7,7,7,8,8,7,7,7,9),(0.,1.151673397762E-02,
    1.695283753956E-02,4.073988979055E-02,5.92975929247E-02,
    0.108178267465,0.141677934817,0.169273886629,0.246534575282,
    0.259107067802,0.283779493594,0.373339947918,0.420539349159,
    0.469988642715,0.495525509264,0.50747921849,0.519028315831,
    0.535238145184,0.542315312669,0.560965964089,0.572482698067,
    0.594531345874,0.608504963409,0.620021697387,0.631538431364,
    0.648261602137,0.66267578388,0.703237922286,0.733096436793,
    0.765530422395,0.80553564792,0.839881764836,0.865069693962,
    0.897300079629,0.903805429978,0.918912746922,0.930081636217,
    0.93560422678,0.947120960758,0.958637694735,0.971740061138,
    0.980331360657,1.),.UNSPECIFIED.);
#7378 = CARTESIAN_POINT('',(0.155753034764,-0.3,0.220688902861));
#7379 = CARTESIAN_POINT('',(0.155683612345,-0.299489072142,
    0.220741112125));
#7380 = CARTESIAN_POINT('',(0.155612546999,-0.298979073127,
    0.220789407183));
#7381 = CARTESIAN_POINT('',(0.155539589263,-0.298470101696,
    0.220833983576));
#7382 = CARTESIAN_POINT('',(0.155464495602,-0.297962257375,
    0.220875037631));
#7383 = CARTESIAN_POINT('',(0.155387028414,-0.297455640482,
    0.220912766459));
#7384 = CARTESIAN_POINT('',(0.155306956024,-0.29695035212,0.220947367957
    ));
#7385 = CARTESIAN_POINT('',(0.155224052691,-0.296446494183,
    0.220979040806));
#7386 = CARTESIAN_POINT('',(0.155097527354,-0.295707062946,
    0.221021645855));
#7387 = CARTESIAN_POINT('',(0.155056277948,-0.295470300777,
    0.221034698114));
#7388 = CARTESIAN_POINT('',(0.155014328228,-0.295233895779,
    0.221047161602));
#7389 = CARTESIAN_POINT('',(0.154971656958,-0.294997861348,
    0.221059056311));
#7390 = CARTESIAN_POINT('',(0.154928243824,-0.294762211345,
    0.221070401867));
#7391 = CARTESIAN_POINT('',(0.154884069433,-0.294526960092,
    0.221081217534));
#7392 = CARTESIAN_POINT('',(0.15483911531,-0.294292122376,0.221091522215
    ));
#7393 = CARTESIAN_POINT('',(0.154593151276,-0.293032001282,
    0.221144284874));
#7394 = CARTESIAN_POINT('',(0.154377700905,-0.292014578343,
    0.221177788059));
#7395 = CARTESIAN_POINT('',(0.154148541509,-0.291005264001,
    0.221201031957));
#7396 = CARTESIAN_POINT('',(0.153907039394,-0.290003809546,
    0.221213304437));
#7397 = CARTESIAN_POINT('',(0.153654398449,-0.289009898182,
    0.221213993281));
#7398 = CARTESIAN_POINT('',(0.15339166015,-0.28802314503,0.221202586182)
  );
#7399 = CARTESIAN_POINT('',(0.153119703555,-0.287043097122,
    0.221178670749));
#7400 = CARTESIAN_POINT('',(0.152620451475,-0.285309461975,
    0.221113264653));
#7401 = CARTESIAN_POINT('',(0.15239652386,-0.284553491958,0.221076763989
    ));
#7402 = CARTESIAN_POINT('',(0.152167824833,-0.283801099347,
    0.221032268353));
#7403 = CARTESIAN_POINT('',(0.151934693483,-0.283052064721,
    0.220979627069));
#7404 = CARTESIAN_POINT('',(0.151697445622,-0.282306173258,
    0.220918702933));
#7405 = CARTESIAN_POINT('',(0.151456373775,-0.281563214725,
    0.220849372219));
#7406 = CARTESIAN_POINT('',(0.151211747192,-0.280822983487,
    0.220771524681));
#7407 = CARTESIAN_POINT('',(0.150310747842,-0.278142177761,
    0.220457330864));
#7408 = CARTESIAN_POINT('',(0.149635162955,-0.27621695757,0.220169652285
    ));
#7409 = CARTESIAN_POINT('',(0.148929565368,-0.274311039542,
    0.219830069917));
#7410 = CARTESIAN_POINT('',(0.1481882179,-0.272427086413,0.219445417262)
  );
#7411 = CARTESIAN_POINT('',(0.14740639391,-0.270568913734,0.219021845983
    ));
#7412 = CARTESIAN_POINT('',(0.146580057841,-0.268741165609,
    0.218565010672));
#7413 = CARTESIAN_POINT('',(0.14570597042,-0.266948754467,0.218079911637
    ));
#7414 = CARTESIAN_POINT('',(0.144149229009,-0.263994857592,
    0.217221133793));
#7415 = CARTESIAN_POINT('',(0.143493411628,-0.262812258093,
    0.216860118647));
#7416 = CARTESIAN_POINT('',(0.142815118038,-0.261649535227,
    0.216487965332));
#7417 = CARTESIAN_POINT('',(0.142114756904,-0.260507913907,
    0.216105256357));
#7418 = CARTESIAN_POINT('',(0.141392793868,-0.259388575109,
    0.215712541661));
#7419 = CARTESIAN_POINT('',(0.14064975154,-0.258292655879,0.215310338621
    ));
#7420 = CARTESIAN_POINT('',(0.139886209509,-0.257221249325,
    0.214899132045));
#7421 = CARTESIAN_POINT('',(0.138457500673,-0.255313852087,
    0.214133563564));
#7422 = CARTESIAN_POINT('',(0.137798591787,-0.254469751669,
    0.213782110404));
#7423 = CARTESIAN_POINT('',(0.137126711188,-0.253643352684,
    0.213424889409));
#7424 = CARTESIAN_POINT('',(0.13644203956,-0.252835371491,0.213062374764
    ));
#7425 = CARTESIAN_POINT('',(0.135744800554,-0.252046454482,
    0.212695003237));
#7426 = CARTESIAN_POINT('',(0.135035495492,-0.251276919239,
    0.212322856544));
#7427 = CARTESIAN_POINT('',(0.134314877014,-0.250526773857,
    0.211945662984));
#7428 = CARTESIAN_POINT('',(0.13153637479,-0.247750152825,0.210492183423
    ));
#7429 = CARTESIAN_POINT('',(0.129405648356,-0.245857645141,
    0.209380789039));
#7430 = CARTESIAN_POINT('',(0.127203060972,-0.244121414702,
    0.208227113804));
#7431 = CARTESIAN_POINT('',(0.124935846074,-0.242548948179,0.20703556843
    ));
#7432 = CARTESIAN_POINT('',(0.122608859052,-0.241148045799,
    0.205814658503));
#7433 = CARTESIAN_POINT('',(0.120225911395,-0.239924408016,
    0.204574905256));
#7434 = CARTESIAN_POINT('',(0.117790471815,-0.238881058634,
    0.203326824316));
#7435 = CARTESIAN_POINT('',(0.114901396163,-0.23787942174,0.201875902664
    ));
#7436 = CARTESIAN_POINT('',(0.114495764217,-0.23774406108,0.201672858026
    ));
#7437 = CARTESIAN_POINT('',(0.114088853475,-0.237613531711,
    0.201469871933));
#7438 = CARTESIAN_POINT('',(0.113680679538,-0.23748784147,0.201266985911
    ));
#7439 = CARTESIAN_POINT('',(0.113271258662,-0.237366996744,
    0.201064239597));
#7440 = CARTESIAN_POINT('',(0.112860607758,-0.237251002467,0.20086167073
    ));
#7441 = CARTESIAN_POINT('',(0.112448744397,-0.237139862126,
    0.200659315158));
#7442 = CARTESIAN_POINT('',(0.111225098289,-0.236825001611,
    0.200060585572));
#7443 = CARTESIAN_POINT('',(0.110409908207,-0.236635134726,
    0.199664921646));
#7444 = CARTESIAN_POINT('',(0.109590255724,-0.23646398587,0.199270467522
    ));
#7445 = CARTESIAN_POINT('',(0.108766283803,-0.236311560079,
    0.198877458043));
#7446 = CARTESIAN_POINT('',(0.107938139205,-0.236177858662,
    0.198486110423));
#7447 = CARTESIAN_POINT('',(0.107105972485,-0.236062879195,
    0.198096624253));
#7448 = CARTESIAN_POINT('',(0.106269937996,-0.235966615527,
    0.197709181496));
#7449 = CARTESIAN_POINT('',(0.102381976821,-0.235607495944,
    0.195925471881));
#7450 = CARTESIAN_POINT('',(9.928499732522E-02,-0.235572712766,
    0.194556696958));
#7451 = CARTESIAN_POINT('',(9.614674424525E-02,-0.23578398529,
    0.193224313623));
#7452 = CARTESIAN_POINT('',(9.29746567771E-02,-0.236242623219,
    0.191935429278));
#7453 = CARTESIAN_POINT('',(8.977699399942E-02,-0.236951633453,
    0.190694838135));
#7454 = CARTESIAN_POINT('',(8.656329772225E-02,-0.237916219945,
    0.189504565702));
#7455 = CARTESIAN_POINT('',(8.334444865217E-02,-0.239145118903,
    0.188365686406));
#7456 = CARTESIAN_POINT('',(7.843947214631E-02,-0.241447290225,
    0.186711514654));
#7457 = CARTESIAN_POINT('',(7.674879668816E-02,-0.242319178586,
    0.186156065026));
#7458 = CARTESIAN_POINT('',(7.506196201427E-02,-0.243270416864,
    0.185616529559));
#7459 = CARTESIAN_POINT('',(7.338102929819E-02,-0.244303363813,
    0.185093487889));
#7460 = CARTESIAN_POINT('',(7.170844837217E-02,-0.245420754456,
    0.184587635228));
#7461 = CARTESIAN_POINT('',(7.004705772713E-02,-0.246625700091,
    0.184099782357));
#7462 = CARTESIAN_POINT('',(6.840008451269E-02,-0.247921688287,
    0.183630855626));
#7463 = CARTESIAN_POINT('',(6.506458653961E-02,-0.250769823393,
    0.182711568044));
#7464 = CARTESIAN_POINT('',(6.337841463357E-02,-0.25233085919,
    0.182262980951));
#7465 = CARTESIAN_POINT('',(6.171644507536E-02,-0.254000776959,
    0.181838225064));
#7466 = CARTESIAN_POINT('',(6.00842355378E-02,-0.255784136737,
    0.181437572917));
#7467 = CARTESIAN_POINT('',(5.848871429803E-02,-0.257685409614,
    0.181061168947));
#7468 = CARTESIAN_POINT('',(5.69380574145E-02,-0.259709102639,
    0.180709823155));
#7469 = CARTESIAN_POINT('',(5.544181389273E-02,-0.261859570954,
    0.180384909679));
#7470 = CARTESIAN_POINT('',(5.327251401722E-02,-0.265318448154,
    0.179933658971));
#7471 = CARTESIAN_POINT('',(5.255131635228E-02,-0.266531121757,
    0.17978745612));
#7472 = CARTESIAN_POINT('',(5.184931126779E-02,-0.267778929956,
    0.179648993004));
#7473 = CARTESIAN_POINT('',(5.116834803552E-02,-0.269061941525,
    0.179517970441));
#7474 = CARTESIAN_POINT('',(5.05104422631E-02,-0.270379929776,
    0.179393716054));
#7475 = CARTESIAN_POINT('',(4.987771838056E-02,-0.271732400355,
    0.179275341545));
#7476 = CARTESIAN_POINT('',(4.927235212681E-02,-0.273118619026,
    0.17916189997));
#7477 = CARTESIAN_POINT('',(4.84269662182E-02,-0.275201876257,
    0.179001330967));
#7478 = CARTESIAN_POINT('',(4.816389240406E-02,-0.27587328533,
    0.178950978404));
#7479 = CARTESIAN_POINT('',(4.79075209006E-02,-0.276551760036,
    0.178901372086));
#7480 = CARTESIAN_POINT('',(4.76580801131E-02,-0.27723717524,
    0.178852386376));
#7481 = CARTESIAN_POINT('',(4.741579754523E-02,-0.27792938732,
    0.17880388324));
#7482 = CARTESIAN_POINT('',(4.718089979911E-02,-0.278628234161,
    0.17875571225));
#7483 = CARTESIAN_POINT('',(4.695361257526E-02,-0.279333535163,
    0.178707710578));
#7484 = CARTESIAN_POINT('',(4.652213694237E-02,-0.280732562311,
    0.178613318679));
#7485 = CARTESIAN_POINT('',(4.631742389538E-02,-0.281425866699,
    0.178566932081));
#7486 = CARTESIAN_POINT('',(4.612021208743E-02,-0.282124923385,
    0.178520825305));
#7487 = CARTESIAN_POINT('',(4.593069255226E-02,-0.282829632265,
    0.178475315258));
#7488 = CARTESIAN_POINT('',(4.574905680164E-02,-0.283539874142,
    0.178430753657));
#7489 = CARTESIAN_POINT('',(4.557549682532E-02,-0.284255510727,
    0.178387527026));
#7490 = CARTESIAN_POINT('',(4.541020509103E-02,-0.284976384639,
    0.178346056699));
#7491 = CARTESIAN_POINT('',(4.503326450163E-02,-0.286721213705,
    0.178251704549));
#7492 = CARTESIAN_POINT('',(4.482979988928E-02,-0.287750009731,
    0.178200965869));
#7493 = CARTESIAN_POINT('',(4.464353520021E-02,-0.288788277798,
    0.178155863514));
#7494 = CARTESIAN_POINT('',(4.447499654345E-02,-0.289835414779,
    0.178117825883));
#7495 = CARTESIAN_POINT('',(4.432468164431E-02,-0.290890644097,
    0.17808842904));
#7496 = CARTESIAN_POINT('',(4.419305984431E-02,-0.291953015734,
    0.178069396715));
#7497 = CARTESIAN_POINT('',(4.408057210126E-02,-0.293021406222,
    0.178062600302));
#7498 = CARTESIAN_POINT('',(4.394704755609E-02,-0.294563036201,
    0.178073305818));
#7499 = CARTESIAN_POINT('',(4.391018526307E-02,-0.295032435843,
    0.178079228351));
#7500 = CARTESIAN_POINT('',(4.387705513897E-02,-0.295502613934,
    0.178087395241));
#7501 = CARTESIAN_POINT('',(4.38476646066E-02,-0.295973476642,
    0.178097360418));
#7502 = CARTESIAN_POINT('',(4.382201748277E-02,-0.296444939941,
    0.178108662966));
#7503 = CARTESIAN_POINT('',(4.380011397825E-02,-0.296916929614,
    0.178120827121));
#7504 = CARTESIAN_POINT('',(4.378195069786E-02,-0.297389381253,
    0.178133362271));
#7505 = CARTESIAN_POINT('',(4.372949402209E-02,-0.29910837898,
    0.17817842272));
#7506 = CARTESIAN_POINT('',(4.371740767051E-02,-0.300357053203,
    0.178210315332));
#7507 = CARTESIAN_POINT('',(4.373114010409E-02,-0.301607642318,
    0.178232270353));
#7508 = CARTESIAN_POINT('',(4.377052110867E-02,-0.302858685401,
    0.178235260523));
#7509 = CARTESIAN_POINT('',(4.383526557449E-02,-0.304107912211,
    0.178211152971));
#7510 = CARTESIAN_POINT('',(4.392490733324E-02,-0.305352274179,
    0.178153460427));
#7511 = CARTESIAN_POINT('',(4.403873299509E-02,-0.306587975404,
    0.178058092427));
#7512 = CARTESIAN_POINT('',(4.417571578571E-02,-0.307810503642,
    0.177924106526));
#7513 = CARTESIAN_POINT('',(4.421601864804E-02,-0.308170184674,
    0.177884742721));
#7514 = CARTESIAN_POINT('',(4.425831065992E-02,-0.30852867639,
    0.177841693877));
#7515 = CARTESIAN_POINT('',(4.43026031633E-02,-0.308886024034,
    0.177795662993));
#7516 = CARTESIAN_POINT('',(4.434890893596E-02,-0.309242284692,
    0.177747315069));
#7517 = CARTESIAN_POINT('',(4.439724219152E-02,-0.309597527295,
    0.177697277105));
#7518 = CARTESIAN_POINT('',(4.444761857939E-02,-0.309951832618,
    0.177646138099));
#7519 = CARTESIAN_POINT('',(4.450005518483E-02,-0.310305293281,
    0.177594449052));
#7520 = CARTESIAN_POINT('',(4.46589413525E-02,-0.311333291237,
    0.177443685193));
#7521 = CARTESIAN_POINT('',(4.477087129361E-02,-0.312005475702,
    0.177344622515));
#7522 = CARTESIAN_POINT('',(4.489053939889E-02,-0.31267558317,
    0.177249103179));
#7523 = CARTESIAN_POINT('',(4.501807988178E-02,-0.313344192792,
    0.17716062254));
#7524 = CARTESIAN_POINT('',(4.515356571173E-02,-0.314011479582,
    0.17708273516));
#7525 = CARTESIAN_POINT('',(4.529699220336E-02,-0.314677247148,
    0.177019186899));
#7526 = CARTESIAN_POINT('',(4.544826060556E-02,-0.315340960423,
    0.176974047014));
#7527 = CARTESIAN_POINT('',(4.570787348789E-02,-0.316420580155,
    0.176937803622));
#7528 = CARTESIAN_POINT('',(4.581159728779E-02,-0.316838044612,
    0.176932874113));
#7529 = CARTESIAN_POINT('',(4.59182761989E-02,-0.317253864996,
    0.17693831744));
#7530 = CARTESIAN_POINT('',(4.602777890902E-02,-0.317667533207,
    0.17695534504));
#7531 = CARTESIAN_POINT('',(4.613989968525E-02,-0.318078339823,
    0.176985114072));
#7532 = CARTESIAN_POINT('',(4.625435837392E-02,-0.318485374097,
    0.177028727421));
#7533 = CARTESIAN_POINT('',(4.637080040069E-02,-0.318887523955,
    0.177087233693));
#7534 = CARTESIAN_POINT('',(4.648879677045E-02,-0.319283475999,
    0.17716162722));
#7535 = CARTESIAN_POINT('',(4.665586859691E-02,-0.31984413518,
    0.177266864119));
#7536 = CARTESIAN_POINT('',(4.68265111217E-02,-0.320393971272,
    0.17740429532));
#7537 = CARTESIAN_POINT('',(4.699892829059E-02,-0.32092734628,
    0.177574288705));
#7538 = CARTESIAN_POINT('',(4.71708115862E-02,-0.32143763469,
    0.177783457045));
#7539 = CARTESIAN_POINT('',(4.73422102467E-02,-0.321926957583,
    0.178017878722));
#7540 = CARTESIAN_POINT('',(4.750857806706E-02,-0.322381827254,
    0.178295582611));
#7541 = CARTESIAN_POINT('',(4.767284789719E-02,-0.322813785814,
    0.178592358272));
#7542 = CARTESIAN_POINT('',(4.78328827814E-02,-0.323217744858,
    0.178909758764));
#7543 = CARTESIAN_POINT('',(4.814079180656E-02,-0.323994997367,
    0.179519911606));
#7544 = CARTESIAN_POINT('',(4.84345138565E-02,-0.324673615354,
    0.180200467089));
#7545 = CARTESIAN_POINT('',(4.871816998709E-02,-0.325274226236,
    0.180925261538));
#7546 = CARTESIAN_POINT('',(4.899479833478E-02,-0.325810076063,
    0.18167634922));
#7547 = CARTESIAN_POINT('',(4.92668370568E-02,-0.32629098002,
    0.182441746725));
#7548 = CARTESIAN_POINT('',(4.953653507484E-02,-0.326725547508,
    0.183213961542));
#7549 = CARTESIAN_POINT('',(4.980629062176E-02,-0.327121681808,
    0.183989304843));
#7550 = CARTESIAN_POINT('',(5.04747932544E-02,-0.328013460294,
    0.185898683811));
#7551 = CARTESIAN_POINT('',(5.087462318027E-02,-0.328470704045,
    0.187030013223));
#7552 = CARTESIAN_POINT('',(5.128396533542E-02,-0.328873623383,
    0.188153516347));
#7553 = CARTESIAN_POINT('',(5.170629390086E-02,-0.32923236268,
    0.189263812012));
#7554 = CARTESIAN_POINT('',(5.214387283823E-02,-0.329553794575,
    0.190357389317));
#7555 = CARTESIAN_POINT('',(5.259832208744E-02,-0.329843393532,
    0.191431837594));
#7556 = CARTESIAN_POINT('',(5.307087639601E-02,-0.330105861259,
    0.192485515253));
#7557 = CARTESIAN_POINT('',(5.398592005854E-02,-0.330550162115,
    0.194407308489));
#7558 = CARTESIAN_POINT('',(5.442353609103E-02,-0.330738262521,
    0.195280695227));
#7559 = CARTESIAN_POINT('',(5.487552806511E-02,-0.330910852095,
    0.196137153385));
#7560 = CARTESIAN_POINT('',(5.534208167708E-02,-0.331069729344,
    0.196976179861));
#7561 = CARTESIAN_POINT('',(5.582322513204E-02,-0.33121644439,
    0.197797432798));
#7562 = CARTESIAN_POINT('',(5.631882914394E-02,-0.33135229897,
    0.19860073159));
#7563 = CARTESIAN_POINT('',(5.682860693555E-02,-0.331478346438,
    0.199386056881));
#7564 = CARTESIAN_POINT('',(5.882532765703E-02,-0.331924851477,
    0.202313269867));
#7565 = CARTESIAN_POINT('',(6.040793388586E-02,-0.332183935436,
    0.204331539612));
#7566 = CARTESIAN_POINT('',(6.209107641745E-02,-0.332393013984,
    0.20620969014));
#7567 = CARTESIAN_POINT('',(6.386128564302E-02,-0.33256478263,
    0.20795612877));
#7568 = CARTESIAN_POINT('',(6.570349587513E-02,-0.332707586213,
    0.209582154245));
#7569 = CARTESIAN_POINT('',(6.760301592243E-02,-0.332827540431,
    0.211099307214));
#7570 = CARTESIAN_POINT('',(6.954645321688E-02,-0.332929450764,
    0.212518256768));
#7571 = CARTESIAN_POINT('',(7.297551177237E-02,-0.333080607381,
    0.214828993615));
#7572 = CARTESIAN_POINT('',(7.444666711467E-02,-0.333136777457,
    0.215760915836));
#7573 = CARTESIAN_POINT('',(7.593007501733E-02,-0.333186268502,
    0.216649056001));
#7574 = CARTESIAN_POINT('',(7.742118734368E-02,-0.333230124078,
    0.217496956988));
#7575 = CARTESIAN_POINT('',(7.891589032306E-02,-0.333269201812,
    0.218307638232));
#7576 = CARTESIAN_POINT('',(8.041050455085E-02,-0.333304173398,
    0.219083595722));
#7577 = CARTESIAN_POINT('',(8.190178498848E-02,-0.333335524596,
    0.219826802007));
#7578 = CARTESIAN_POINT('',(8.500017710062E-02,-0.33339402371,
    0.221311976842));
#7579 = CARTESIAN_POINT('',(8.660627787483E-02,-0.333420683255,
    0.222048236818));
#7580 = CARTESIAN_POINT('',(8.820171837875E-02,-0.333443995104,
    0.222749226974));
#7581 = CARTESIAN_POINT('',(8.978381513433E-02,-0.333464315467,
    0.223415843864));
#7582 = CARTESIAN_POINT('',(9.135070609278E-02,-0.333481895528,
    0.224048139739));
#7583 = CARTESIAN_POINT('',(9.290135063449E-02,-0.33349688144,
    0.22464532255));
#7584 = CARTESIAN_POINT('',(9.443552956912E-02,-0.33350931433,
    0.225205755947));
#7585 = CARTESIAN_POINT('',(9.782655780208E-02,-0.333531248938,
    0.226369921387));
#7586 = CARTESIAN_POINT('',(9.967508857305E-02,-0.333539408723,
    0.22695297435));
#7587 = CARTESIAN_POINT('',(0.101500311099,-0.333543548093,
    0.227472279271));
#7588 = CARTESIAN_POINT('',(0.103304623212,-0.333543389085,
    0.227921196885));
#7589 = CARTESIAN_POINT('',(0.105091336951,-0.333538457149,
    0.228291938791));
#7590 = CARTESIAN_POINT('',(0.106864068587,-0.333528100953,
    0.228577218692));
#7591 = CARTESIAN_POINT('',(0.108626128648,-0.333511512196,
    0.228771903633));
#7592 = CARTESIAN_POINT('',(0.111885606118,-0.33346733974,0.228962894951
    ));
#7593 = CARTESIAN_POINT('',(0.113385615832,-0.333441653438,
    0.228983639424));
#7594 = CARTESIAN_POINT('',(0.114881249611,-0.333410074861,
    0.228935767381));
#7595 = CARTESIAN_POINT('',(0.116374136947,-0.33337195835,0.228820991838
    ));
#7596 = CARTESIAN_POINT('',(0.117866008735,-0.333326585626,0.22864314024
    ));
#7597 = CARTESIAN_POINT('',(0.119358477684,-0.333273127167,
    0.228407424605));
#7598 = CARTESIAN_POINT('',(0.120852818746,-0.333210603593,
    0.228119711653));
#7599 = CARTESIAN_POINT('',(0.12344753566,-0.333084505428,0.22754092203)
  );
#7600 = CARTESIAN_POINT('',(0.124546798922,-0.333025608702,
    0.227271100688));
#7601 = CARTESIAN_POINT('',(0.125647974933,-0.332960738134,
    0.226978660193));
#7602 = CARTESIAN_POINT('',(0.126751337361,-0.332889357466,
    0.226665775777));
#7603 = CARTESIAN_POINT('',(0.127856997929,-0.332810812917,
    0.226334466629));
#7604 = CARTESIAN_POINT('',(0.12896490642,-0.332724333176,0.2259865959)
  );
#7605 = CARTESIAN_POINT('',(0.130074850669,-0.332629029408,
    0.225623870699));
#7606 = CARTESIAN_POINT('',(0.132608860469,-0.332389301901,0.22476668593
    ));
#7607 = CARTESIAN_POINT('',(0.134034044605,-0.332238660551,
    0.224263612358));
#7608 = CARTESIAN_POINT('',(0.135461064751,-0.332069425489,
    0.223742050767));
#7609 = CARTESIAN_POINT('',(0.136888645958,-0.331878914316,
    0.223204761963));
#7610 = CARTESIAN_POINT('',(0.138315184462,-0.331663756241,
    0.222654210326));
#7611 = CARTESIAN_POINT('',(0.139738749594,-0.331419340376,
    0.222092935957));
#7612 = CARTESIAN_POINT('',(0.14115708569,-0.331139264027,0.221523926837
    ));
#7613 = CARTESIAN_POINT('',(0.142852313419,-0.330749277736,
    0.220835355091));
#7614 = CARTESIAN_POINT('',(0.143136695154,-0.330681955751,
    0.220719563632));
#7615 = CARTESIAN_POINT('',(0.143420738165,-0.33061274074,0.220603648884
    ));
#7616 = CARTESIAN_POINT('',(0.14370442039,-0.330541551623,0.220487646097
    ));
#7617 = CARTESIAN_POINT('',(0.143987718737,-0.330468300533,
    0.220371593482));
#7618 = CARTESIAN_POINT('',(0.144270609093,-0.330392892817,
    0.220255532216));
#7619 = CARTESIAN_POINT('',(0.144553066315,-0.330315227033,
    0.220139506439));
#7620 = CARTESIAN_POINT('',(0.145489944027,-0.330049324179,
    0.219754314857));
#7621 = CARTESIAN_POINT('',(0.146142309142,-0.329850738408,
    0.219485515714));
#7622 = CARTESIAN_POINT('',(0.14679186684,-0.329637959608,0.219217785097
    ));
#7623 = CARTESIAN_POINT('',(0.147438262917,-0.329409383885,
    0.218951823211));
#7624 = CARTESIAN_POINT('',(0.148081049647,-0.329163096584,
    0.218688504259));
#7625 = CARTESIAN_POINT('',(0.148719653726,-0.328896687381,
    0.218428969508));
#7626 = CARTESIAN_POINT('',(0.149353344209,-0.328607065389,
    0.218174720355));
#7627 = CARTESIAN_POINT('',(0.150445368971,-0.328056045493,
    0.217745108152));
#7628 = CARTESIAN_POINT('',(0.150906191449,-0.327807069053,
    0.217566519863));
#7629 = CARTESIAN_POINT('',(0.151363377706,-0.3275415482,0.217392752494)
  );
#7630 = CARTESIAN_POINT('',(0.151816440573,-0.327257566718,
    0.217224785025));
#7631 = CARTESIAN_POINT('',(0.152264637734,-0.326952883273,
    0.217063872962));
#7632 = CARTESIAN_POINT('',(0.152706913586,-0.326624725781,
    0.216911651863));
#7633 = CARTESIAN_POINT('',(0.153141841093,-0.326269585785,
    0.216770240861));
#7634 = CARTESIAN_POINT('',(0.15377806366,-0.325691861998,0.216579111002
    ));
#7635 = CARTESIAN_POINT('',(0.153986234114,-0.325493068152,
    0.216519210848));
#7636 = CARTESIAN_POINT('',(0.154191850062,-0.325286089419,
    0.216462975619));
#7637 = CARTESIAN_POINT('',(0.154394600807,-0.325070352591,
    0.216410795268));
#7638 = CARTESIAN_POINT('',(0.154594089887,-0.324845253112,
    0.216363119808));
#7639 = CARTESIAN_POINT('',(0.154789835076,-0.324610155078,
    0.216320459308));
#7640 = CARTESIAN_POINT('',(0.154981268386,-0.324364391242,
    0.216283383898));
#7641 = CARTESIAN_POINT('',(0.155167736065,-0.324107263007,
    0.216252523763));
#7642 = CARTESIAN_POINT('',(0.155354302369,-0.323849950459,0.21622166467
    ));
#7643 = CARTESIAN_POINT('',(0.15553589452,-0.323581442231,0.216196955841
    ));
#7644 = CARTESIAN_POINT('',(0.155711699212,-0.323300773736,
    0.216179237887));
#7645 = CARTESIAN_POINT('',(0.155881021747,-0.323007523575,
    0.216169039949));
#7646 = CARTESIAN_POINT('',(0.156042896429,-0.322701292283,
    0.216167055086));
#7647 = CARTESIAN_POINT('',(0.156196029277,-0.322381640419,
    0.216174209157));
#7648 = CARTESIAN_POINT('',(0.156339073073,-0.322048485994,
    0.216191323205));
#7649 = CARTESIAN_POINT('',(0.156471234726,-0.321702961252,
    0.216218369338));
#7650 = CARTESIAN_POINT('',(0.156670106903,-0.321183299103,
    0.216258963887));
#7651 = CARTESIAN_POINT('',(0.156844946188,-0.320635287579,
    0.216321751735));
#7652 = CARTESIAN_POINT('',(0.156993261169,-0.320064453886,
    0.216405844275));
#7653 = CARTESIAN_POINT('',(0.15711467634,-0.319476442827,0.21650900958)
  );
#7654 = CARTESIAN_POINT('',(0.157210352807,-0.318876631104,
    0.216628203622));
#7655 = CARTESIAN_POINT('',(0.157282408986,-0.318269741616,
    0.216760101488));
#7656 = CARTESIAN_POINT('',(0.157333341312,-0.317659457761,
    0.216901628597));
#7657 = CARTESIAN_POINT('',(0.157401993172,-0.316352431914,
    0.217219824855));
#7658 = CARTESIAN_POINT('',(0.157414206714,-0.315655695945,
    0.217398495747));
#7659 = CARTESIAN_POINT('',(0.157405804935,-0.314960184277,
    0.217583064847));
#7660 = CARTESIAN_POINT('',(0.15738013323,-0.314267530286,0.217770727851
    ));
#7661 = CARTESIAN_POINT('',(0.157340180427,-0.313578666954,
    0.217959223256));
#7662 = CARTESIAN_POINT('',(0.157288596197,-0.312893847547,
    0.218146739697));
#7663 = CARTESIAN_POINT('',(0.157227708462,-0.312212666295,
    0.218331823297));
#7664 = CARTESIAN_POINT('',(0.157114836949,-0.311089127326,0.21863227557
    ));
#7665 = CARTESIAN_POINT('',(0.157067059121,-0.310645491195,0.21874962583
    ));
#7666 = CARTESIAN_POINT('',(0.157016774807,-0.310203019011,
    0.218864984972));
#7667 = CARTESIAN_POINT('',(0.15696455672,-0.309761539593,0.218977989621
    ));
#7668 = CARTESIAN_POINT('',(0.1569109828,-0.309320862243,0.219088263834)
  );
#7669 = CARTESIAN_POINT('',(0.15685663622,-0.308880776738,0.219195419106
    ));
#7670 = CARTESIAN_POINT('',(0.156802105379,-0.308441053337,
    0.219299054368));
#7671 = CARTESIAN_POINT('',(0.15662407217,-0.30699501274,0.219627005162)
  );
#7672 = CARTESIAN_POINT('',(0.156502264182,-0.305989379428,
    0.219834652685));
#7673 = CARTESIAN_POINT('',(0.156381734285,-0.30498508663,0.22002216361)
  );
#7674 = CARTESIAN_POINT('',(0.156261423629,-0.303982638665,
    0.220190216658));
#7675 = CARTESIAN_POINT('',(0.156140040174,-0.302982500379,
    0.220339704219));
#7676 = CARTESIAN_POINT('',(0.15601605869,-0.301985097148,0.220471732347
    ));
#7677 = CARTESIAN_POINT('',(0.155887720756,-0.300990814877,
    0.220587620764));
#7678 = CARTESIAN_POINT('',(0.155753034764,-0.3,0.220688902861));
#7679 = PCURVE('',#1370,#7680);
#7680 = DEFINITIONAL_REPRESENTATION('',(#7681),#7983);
#7681 = B_SPLINE_CURVE_WITH_KNOTS('',8,(#7682,#7683,#7684,#7685,#7686,
    #7687,#7688,#7689,#7690,#7691,#7692,#7693,#7694,#7695,#7696,#7697,
    #7698,#7699,#7700,#7701,#7702,#7703,#7704,#7705,#7706,#7707,#7708,
    #7709,#7710,#7711,#7712,#7713,#7714,#7715,#7716,#7717,#7718,#7719,
    #7720,#7721,#7722,#7723,#7724,#7725,#7726,#7727,#7728,#7729,#7730,
    #7731,#7732,#7733,#7734,#7735,#7736,#7737,#7738,#7739,#7740,#7741,
    #7742,#7743,#7744,#7745,#7746,#7747,#7748,#7749,#7750,#7751,#7752,
    #7753,#7754,#7755,#7756,#7757,#7758,#7759,#7760,#7761,#7762,#7763,
    #7764,#7765,#7766,#7767,#7768,#7769,#7770,#7771,#7772,#7773,#7774,
    #7775,#7776,#7777,#7778,#7779,#7780,#7781,#7782,#7783,#7784,#7785,
    #7786,#7787,#7788,#7789,#7790,#7791,#7792,#7793,#7794,#7795,#7796,
    #7797,#7798,#7799,#7800,#7801,#7802,#7803,#7804,#7805,#7806,#7807,
    #7808,#7809,#7810,#7811,#7812,#7813,#7814,#7815,#7816,#7817,#7818,
    #7819,#7820,#7821,#7822,#7823,#7824,#7825,#7826,#7827,#7828,#7829,
    #7830,#7831,#7832,#7833,#7834,#7835,#7836,#7837,#7838,#7839,#7840,
    #7841,#7842,#7843,#7844,#7845,#7846,#7847,#7848,#7849,#7850,#7851,
    #7852,#7853,#7854,#7855,#7856,#7857,#7858,#7859,#7860,#7861,#7862,
    #7863,#7864,#7865,#7866,#7867,#7868,#7869,#7870,#7871,#7872,#7873,
    #7874,#7875,#7876,#7877,#7878,#7879,#7880,#7881,#7882,#7883,#7884,
    #7885,#7886,#7887,#7888,#7889,#7890,#7891,#7892,#7893,#7894,#7895,
    #7896,#7897,#7898,#7899,#7900,#7901,#7902,#7903,#7904,#7905,#7906,
    #7907,#7908,#7909,#7910,#7911,#7912,#7913,#7914,#7915,#7916,#7917,
    #7918,#7919,#7920,#7921,#7922,#7923,#7924,#7925,#7926,#7927,#7928,
    #7929,#7930,#7931,#7932,#7933,#7934,#7935,#7936,#7937,#7938,#7939,
    #7940,#7941,#7942,#7943,#7944,#7945,#7946,#7947,#7948,#7949,#7950,
    #7951,#7952,#7953,#7954,#7955,#7956,#7957,#7958,#7959,#7960,#7961,
    #7962,#7963,#7964,#7965,#7966,#7967,#7968,#7969,#7970,#7971,#7972,
    #7973,#7974,#7975,#7976,#7977,#7978,#7979,#7980,#7981,#7982),
  .UNSPECIFIED.,.F.,.F.,(9,7,7,7,7,7,7,7,7,7,7,7,7,7,7,7,7,7,7,8,7,7,8,8
    ,7,7,7,7,7,7,7,7,7,7,7,7,7,8,8,7,7,7,9),(0.,1.151673397762E-02,
    1.695283753956E-02,4.073988979055E-02,5.92975929247E-02,
    0.108178267465,0.141677934817,0.169273886629,0.246534575282,
    0.259107067802,0.283779493594,0.373339947918,0.420539349159,
    0.469988642715,0.495525509264,0.50747921849,0.519028315831,
    0.535238145184,0.542315312669,0.560965964089,0.572482698067,
    0.594531345874,0.608504963409,0.620021697387,0.631538431364,
    0.648261602137,0.66267578388,0.703237922286,0.733096436793,
    0.765530422395,0.80553564792,0.839881764836,0.865069693962,
    0.897300079629,0.903805429978,0.918912746922,0.930081636217,
    0.93560422678,0.947120960758,0.958637694735,0.971740061138,
    0.980331360657,1.),.UNSPECIFIED.);
#7682 = CARTESIAN_POINT('',(1.429409863737,0.841274986366));
#7683 = CARTESIAN_POINT('',(1.429601424394,0.841132532071));
#7684 = CARTESIAN_POINT('',(1.429803368521,0.840990071108));
#7685 = CARTESIAN_POINT('',(1.430016992498,0.840847723854));
#7686 = CARTESIAN_POINT('',(1.430243550659,0.840705608943));
#7687 = CARTESIAN_POINT('',(1.43048425529,0.840563843262));
#7688 = CARTESIAN_POINT('',(1.43074027663,0.840422541954));
#7689 = CARTESIAN_POINT('',(1.431012742871,0.840281818417));
#7690 = CARTESIAN_POINT('',(1.431439620776,0.840075685425));
#7691 = CARTESIAN_POINT('',(1.431580400094,0.84000974048));
#7692 = CARTESIAN_POINT('',(1.431725187966,0.839943961578));
#7693 = CARTESIAN_POINT('',(1.431874089048,0.839878360668));
#7694 = CARTESIAN_POINT('',(1.4320272028,0.839812949541));
#7695 = CARTESIAN_POINT('',(1.432184623486,0.839747739822));
#7696 = CARTESIAN_POINT('',(1.432346440171,0.83968274298));
#7697 = CARTESIAN_POINT('',(1.433240460979,0.839334542696));
#7698 = CARTESIAN_POINT('',(1.434053898713,0.83905543444));
#7699 = CARTESIAN_POINT('',(1.434946355656,0.838780442617));
#7700 = CARTESIAN_POINT('',(1.435911787226,0.838509359492));
#7701 = CARTESIAN_POINT('',(1.436944798522,0.838241972537));
#7702 = CARTESIAN_POINT('',(1.438040644335,0.837978064429));
#7703 = CARTESIAN_POINT('',(1.439195229138,0.83771741305));
#7704 = CARTESIAN_POINT('',(1.441348980186,0.837258804692));
#7705 = CARTESIAN_POINT('',(1.442326360761,0.837059670316));
#7706 = CARTESIAN_POINT('',(1.443335537438,0.836862286501));
#7707 = CARTESIAN_POINT('',(1.44437490315,0.836666555753));
#7708 = CARTESIAN_POINT('',(1.445442955133,0.836472384933));
#7709 = CARTESIAN_POINT('',(1.446538294935,0.836279685266));
#7710 = CARTESIAN_POINT('',(1.447659628408,0.836088372333));
#7711 = CARTESIAN_POINT('',(1.451824659609,0.835397890637));
#7712 = CARTESIAN_POINT('',(1.455014352373,0.834906588654));
#7713 = CARTESIAN_POINT('',(1.458378156034,0.834423516256));
#7714 = CARTESIAN_POINT('',(1.461916288184,0.833948286881));
#7715 = CARTESIAN_POINT('',(1.465627116223,0.833480925787));
#7716 = CARTESIAN_POINT('',(1.469507968981,0.833021741839));
#7717 = CARTESIAN_POINT('',(1.473555515716,0.832571216597));
#7718 = CARTESIAN_POINT('',(1.480651050811,0.831827476801));
#7719 = CARTESIAN_POINT('',(1.483612158843,0.831529434673));
#7720 = CARTESIAN_POINT('',(1.486646702767,0.831236078754));
#7721 = CARTESIAN_POINT('',(1.489752290197,0.830947698963));
#7722 = CARTESIAN_POINT('',(1.492926470185,0.830664580683));
#7723 = CARTESIAN_POINT('',(1.496166733218,0.830387004758));
#7724 = CARTESIAN_POINT('',(1.499470511217,0.830115247494));
#7725 = CARTESIAN_POINT('',(1.505606720357,0.829630737218));
#7726 = CARTESIAN_POINT('',(1.508420049184,0.829416014403));
#7727 = CARTESIAN_POINT('',(1.511272648781,0.829205572732));
#7728 = CARTESIAN_POINT('',(1.514163776734,0.828999542895));
#7729 = CARTESIAN_POINT('',(1.517092569102,0.828798046021));
#7730 = CARTESIAN_POINT('',(1.520057163314,0.828601207574));
#7731 = CARTESIAN_POINT('',(1.523054838326,0.828409164902));
#7732 = CARTESIAN_POINT('',(1.53456198999,0.827698240979));
#7733 = CARTESIAN_POINT('',(1.54328218421,0.827213231545));
#7734 = CARTESIAN_POINT('',(1.552205297588,0.826769729285));
#7735 = CARTESIAN_POINT('',(1.561312639529,0.826370383045));
#7736 = CARTESIAN_POINT('',(1.57059316976,0.826017031958));
#7737 = CARTESIAN_POINT('',(1.580036121284,0.82571042515));
#7738 = CARTESIAN_POINT('',(1.589628362486,0.82545043054));
#7739 = CARTESIAN_POINT('',(1.600939543383,0.825201957636));
#7740 = CARTESIAN_POINT('',(1.602526139666,0.825168409255));
#7741 = CARTESIAN_POINT('',(1.604116224165,0.825136085408));
#7742 = CARTESIAN_POINT('',(1.605709730049,0.825104983912));
#7743 = CARTESIAN_POINT('',(1.607306586702,0.825075102587));
#7744 = CARTESIAN_POINT('',(1.608906719725,0.825046439247));
#7745 = CARTESIAN_POINT('',(1.610510050935,0.825018991707));
#7746 = CARTESIAN_POINT('',(1.61526900562,0.824941275716));
#7747 = CARTESIAN_POINT('',(1.61843353028,0.824894468372));
#7748 = CARTESIAN_POINT('',(1.621609442469,0.824852318429));
#7749 = CARTESIAN_POINT('',(1.624796094136,0.824814810645));
#7750 = CARTESIAN_POINT('',(1.627992819051,0.824781931849));
#7751 = CARTESIAN_POINT('',(1.631198932811,0.824753670945));
#7752 = CARTESIAN_POINT('',(1.634413732835,0.82473001891));
#7753 = CARTESIAN_POINT('',(1.649334937226,0.824641861814));
#7754 = CARTESIAN_POINT('',(1.661137946219,0.824633207974));
#7755 = CARTESIAN_POINT('',(1.673011660655,0.824685243377));
#7756 = CARTESIAN_POINT('',(1.684922805286,0.824797753503));
#7757 = CARTESIAN_POINT('',(1.696836313802,0.824971611349));
#7758 = CARTESIAN_POINT('',(1.708713950261,0.82520944962));
#7759 = CARTESIAN_POINT('',(1.720513932457,0.825515466948));
#7760 = CARTESIAN_POINT('',(1.738345824061,0.82609407868));
#7761 = CARTESIAN_POINT('',(1.744465065556,0.826313919668));
#7762 = CARTESIAN_POINT('',(1.750542917139,0.82655470492));
#7763 = CARTESIAN_POINT('',(1.756571722887,0.826817205415));
#7764 = CARTESIAN_POINT('',(1.762542535506,0.827102149311));
#7765 = CARTESIAN_POINT('',(1.768445116335,0.827410221945));
#7766 = CARTESIAN_POINT('',(1.774267935344,0.827742065835));
#7767 = CARTESIAN_POINT('',(1.786001426506,0.828471383092));
#7768 = CARTESIAN_POINT('',(1.791901407092,0.828871373555));
#7769 = CARTESIAN_POINT('',(1.797683456511,0.82929765644));
#7770 = CARTESIAN_POINT('',(1.803329511088,0.829751388402));
#7771 = CARTESIAN_POINT('',(1.808817629041,0.830233973325));
#7772 = CARTESIAN_POINT('',(1.814121659829,0.83074638088));
#7773 = CARTESIAN_POINT('',(1.819211053658,0.831289288697));
#7774 = CARTESIAN_POINT('',(1.826550286383,0.832160870924));
#7775 = CARTESIAN_POINT('',(1.828982721832,0.832466100468));
#7776 = CARTESIAN_POINT('',(1.831343014533,0.832779833006));
#7777 = CARTESIAN_POINT('',(1.833626196253,0.833102240608));
#7778 = CARTESIAN_POINT('',(1.835827346006,0.8334335401));
#7779 = CARTESIAN_POINT('',(1.837941502554,0.833773962001));
#7780 = CARTESIAN_POINT('',(1.83996357692,0.834123719451));
#7781 = CARTESIAN_POINT('',(1.842789236272,0.834651149755));
#7782 = CARTESIAN_POINT('',(1.843668916946,0.834821409756));
#7783 = CARTESIAN_POINT('',(1.844526784345,0.834993778407));
#7784 = CARTESIAN_POINT('',(1.845362335591,0.835168277262));
#7785 = CARTESIAN_POINT('',(1.846175087482,0.835344928168));
#7786 = CARTESIAN_POINT('',(1.846964576499,0.835523753269));
#7787 = CARTESIAN_POINT('',(1.847730358801,0.835704775008));
#7788 = CARTESIAN_POINT('',(1.849188558926,0.836065055058));
#7789 = CARTESIAN_POINT('',(1.849882593598,0.836244164624));
#7790 = CARTESIAN_POINT('',(1.850553462669,0.836425358039));
#7791 = CARTESIAN_POINT('',(1.851200508229,0.836608645237));
#7792 = CARTESIAN_POINT('',(1.851823066032,0.836794032867));
#7793 = CARTESIAN_POINT('',(1.852420465496,0.836981524294));
#7794 = CARTESIAN_POINT('',(1.852992029705,0.837171119597));
#7795 = CARTESIAN_POINT('',(1.854302045923,0.837631874172));
#7796 = CARTESIAN_POINT('',(1.855014839514,0.837905049276));
#7797 = CARTESIAN_POINT('',(1.855673507403,0.838182351907));
#7798 = CARTESIAN_POINT('',(1.856276158544,0.838463749918));
#7799 = CARTESIAN_POINT('',(1.856820959627,0.838749167981));
#7800 = CARTESIAN_POINT('',(1.857306135071,0.839038487596));
#7801 = CARTESIAN_POINT('',(1.85772996703,0.839331547085));
#7802 = CARTESIAN_POINT('',(1.858248349452,0.839757632298));
#7803 = CARTESIAN_POINT('',(1.858393910315,0.839887786677));
#7804 = CARTESIAN_POINT('',(1.858527452224,0.840018515098));
#7805 = CARTESIAN_POINT('',(1.858648960831,0.840149728053));
#7806 = CARTESIAN_POINT('',(1.858758433196,0.840281336155));
#7807 = CARTESIAN_POINT('',(1.858855877785,0.840413250142));
#7808 = CARTESIAN_POINT('',(1.858941314473,0.840545380875));
#7809 = CARTESIAN_POINT('',(1.859208362223,0.841026181307));
#7810 = CARTESIAN_POINT('',(1.859318710308,0.841375551984));
#7811 = CARTESIAN_POINT('',(1.859346393455,0.84172424173));
#7812 = CARTESIAN_POINT('',(1.859292044583,0.842070504556));
#7813 = CARTESIAN_POINT('',(1.859156570355,0.842412481582));
#7814 = CARTESIAN_POINT('',(1.858941366659,0.842748324493));
#7815 = CARTESIAN_POINT('',(1.858648534093,0.843076318993));
#7816 = CARTESIAN_POINT('',(1.85828109345,0.843395008261));
#7817 = CARTESIAN_POINT('',(1.858172984826,0.843488776335));
#7818 = CARTESIAN_POINT('',(1.858058467055,0.84358168583));
#7819 = CARTESIAN_POINT('',(1.857937500706,0.843673826923));
#7820 = CARTESIAN_POINT('',(1.857810043169,0.843765288446));
#7821 = CARTESIAN_POINT('',(1.85767604865,0.843856157889));
#7822 = CARTESIAN_POINT('',(1.857535468178,0.8439465214));
#7823 = CARTESIAN_POINT('',(1.8573882496,0.844036463782));
#7824 = CARTESIAN_POINT('',(1.856939668798,0.844297614068));
#7825 = CARTESIAN_POINT('',(1.856620636011,0.844467831344));
#7826 = CARTESIAN_POINT('',(1.856276709043,0.84463737831));
#7827 = CARTESIAN_POINT('',(1.855907481366,0.844806780164));
#7828 = CARTESIAN_POINT('',(1.855512722421,0.844976453771));
#7829 = CARTESIAN_POINT('',(1.855092429941,0.845146732134));
#7830 = CARTESIAN_POINT('',(1.854646882265,0.845317888853));
#7831 = CARTESIAN_POINT('',(1.853878680949,0.845599346555));
#7832 = CARTESIAN_POINT('',(1.853570934425,0.845708923437));
#7833 = CARTESIAN_POINT('',(1.853253613262,0.8458189396));
#7834 = CARTESIAN_POINT('',(1.852927105335,0.845929384048));
#7835 = CARTESIAN_POINT('',(1.852592024223,0.846040188425));
#7836 = CARTESIAN_POINT('',(1.852249209209,0.846151227021));
#7837 = CARTESIAN_POINT('',(1.851899725281,0.846262316765));
#7838 = CARTESIAN_POINT('',(1.851544863132,0.846373217233));
#7839 = CARTESIAN_POINT('',(1.851042413293,0.846530240219));
#7840 = CARTESIAN_POINT('',(1.850527816205,0.846687336808));
#7841 = CARTESIAN_POINT('',(1.850006488166,0.846843090996));
#7842 = CARTESIAN_POINT('',(1.849485372808,0.846996423286));
#7843 = CARTESIAN_POINT('',(1.848964504451,0.847146607159));
#7844 = CARTESIAN_POINT('',(1.84845748983,0.847291836484));
#7845 = CARTESIAN_POINT('',(1.847955733868,0.84743286707));
#7846 = CARTESIAN_POINT('',(1.84746573702,0.847568525299));
#7847 = CARTESIAN_POINT('',(1.846522981956,0.847829491184));
#7848 = CARTESIAN_POINT('',(1.845619319096,0.848071322563));
#7849 = CARTESIAN_POINT('',(1.844742730934,0.848297031244));
#7850 = CARTESIAN_POINT('',(1.843884229063,0.848508409762));
#7851 = CARTESIAN_POINT('',(1.843036552356,0.848706887074));
#7852 = CARTESIAN_POINT('',(1.842192979712,0.848893993742));
#7853 = CARTESIAN_POINT('',(1.841346257368,0.849071436576));
#7854 = CARTESIAN_POINT('',(1.839240864057,0.849486692047));
#7855 = CARTESIAN_POINT('',(1.837975648363,0.849714288557));
#7856 = CARTESIAN_POINT('',(1.836675022283,0.849927048829));
#7857 = CARTESIAN_POINT('',(1.835328308561,0.85012706322));
#7858 = CARTESIAN_POINT('',(1.833928506818,0.850315744061));
#7859 = CARTESIAN_POINT('',(1.832470586849,0.850494246159));
#7860 = CARTESIAN_POINT('',(1.830950692513,0.850663599654));
#7861 = CARTESIAN_POINT('',(1.828000648084,0.85096328004));
#7862 = CARTESIAN_POINT('',(1.826587146376,0.851095778005));
#7863 = CARTESIAN_POINT('',(1.825124650567,0.851222495045));
#7864 = CARTESIAN_POINT('',(1.823612547938,0.851343829573));
#7865 = CARTESIAN_POINT('',(1.822050713552,0.851460132492));
#7866 = CARTESIAN_POINT('',(1.82043951025,0.851571707197));
#7867 = CARTESIAN_POINT('',(1.818779788656,0.851678809573));
#7868 = CARTESIAN_POINT('',(1.812269468866,0.852071059148));
#7869 = CARTESIAN_POINT('',(1.807090342846,0.852326919978));
#7870 = CARTESIAN_POINT('',(1.801562227779,0.85255433492));
#7871 = CARTESIAN_POINT('',(1.79572613126,0.852757209925));
#7872 = CARTESIAN_POINT('',(1.789628142564,0.852938701426));
#7873 = CARTESIAN_POINT('',(1.783313415332,0.853101494504));
#7874 = CARTESIAN_POINT('',(1.776823340163,0.853247910242));
#7875 = CARTESIAN_POINT('',(1.765317387187,0.853476959489));
#7876 = CARTESIAN_POINT('',(1.76036424688,0.853566238236));
#7877 = CARTESIAN_POINT('',(1.755352019672,0.853648431639));
#7878 = CARTESIAN_POINT('',(1.750294978576,0.853724195201));
#7879 = CARTESIAN_POINT('',(1.745206136159,0.853794086804));
#7880 = CARTESIAN_POINT('',(1.740097244536,0.853858566702));
#7881 = CARTESIAN_POINT('',(1.734978795374,0.853917997529));
#7882 = CARTESIAN_POINT('',(1.724299712001,0.854032006985));
#7883 = CARTESIAN_POINT('',(1.718738522326,0.854085725451));
#7884 = CARTESIAN_POINT('',(1.713188123817,0.854134149464));
#7885 = CARTESIAN_POINT('',(1.707657452425,0.854177490051));
#7886 = CARTESIAN_POINT('',(1.702152707098,0.85421581949));
#7887 = CARTESIAN_POINT('',(1.696677349786,0.854249071315));
#7888 = CARTESIAN_POINT('',(1.691232105436,0.85427704031));
#7889 = CARTESIAN_POINT('',(1.679133317627,0.854326951146));
#7890 = CARTESIAN_POINT('',(1.672494262162,0.854345918187));
#7891 = CARTESIAN_POINT('',(1.665894619278,0.854355739987));
#7892 = CARTESIAN_POINT('',(1.659325446191,0.854355419571));
#7893 = CARTESIAN_POINT('',(1.652774129146,0.854343726635));
#7894 = CARTESIAN_POINT('',(1.646226478915,0.854319417542));
#7895 = CARTESIAN_POINT('',(1.639668826288,0.854281455314));
#7896 = CARTESIAN_POINT('',(1.627442053562,0.854184393086));
#7897 = CARTESIAN_POINT('',(1.621776939474,0.854129067891));
#7898 = CARTESIAN_POINT('',(1.616088686858,0.854062840643));
#7899 = CARTESIAN_POINT('',(1.610369655432,0.853985616165));
#7900 = CARTESIAN_POINT('',(1.604611459144,0.853897524224));
#7901 = CARTESIAN_POINT('',(1.598805772234,0.85379882626));
#7902 = CARTESIAN_POINT('',(1.59294513529,0.853689822101));
#7903 = CARTESIAN_POINT('',(1.582681272162,0.853483444475));
#7904 = CARTESIAN_POINT('',(1.578305821815,0.853390692248));
#7905 = CARTESIAN_POINT('',(1.573894513771,0.853292607526));
#7906 = CARTESIAN_POINT('',(1.569444975441,0.853189248914));
#7907 = CARTESIAN_POINT('',(1.564955358142,0.853080626092));
#7908 = CARTESIAN_POINT('',(1.560424337104,0.852966699823));
#7909 = CARTESIAN_POINT('',(1.555851111468,0.852847381947));
#7910 = CARTESIAN_POINT('',(1.545329172475,0.852562765469));
#7911 = CARTESIAN_POINT('',(1.539353215567,0.852393939952));
#7912 = CARTESIAN_POINT('',(1.533307586478,0.852215677987));
#7913 = CARTESIAN_POINT('',(1.527193549698,0.852027489964));
#7914 = CARTESIAN_POINT('',(1.521013489049,0.851828666655));
#7915 = CARTESIAN_POINT('',(1.514770815439,0.851618168364));
#7916 = CARTESIAN_POINT('',(1.508469874613,0.851394514075));
#7917 = CARTESIAN_POINT('',(1.500833363281,0.851107460411));
#7918 = CARTESIAN_POINT('',(1.499548704205,0.851058629147));
#7919 = CARTESIAN_POINT('',(1.498261918588,0.851009159511));
#7920 = CARTESIAN_POINT('',(1.496973049988,0.850959032669));
#7921 = CARTESIAN_POINT('',(1.49568214461,0.850908228257));
#7922 = CARTESIAN_POINT('',(1.494389251307,0.85085672438));
#7923 = CARTESIAN_POINT('',(1.493094421578,0.850804497612));
#7924 = CARTESIAN_POINT('',(1.488786370024,0.850628497545));
#7925 = CARTESIAN_POINT('',(1.485765061613,0.850501454832));
#7926 = CARTESIAN_POINT('',(1.482734275667,0.850370048917));
#7927 = CARTESIAN_POINT('',(1.47969473281,0.850233910646));
#7928 = CARTESIAN_POINT('',(1.476647487538,0.850092608104));
#7929 = CARTESIAN_POINT('',(1.473594032803,0.849945607062));
#7930 = CARTESIAN_POINT('',(1.470536404589,0.849792231429));
#7931 = CARTESIAN_POINT('',(1.465215700282,0.84951288085));
#7932 = CARTESIAN_POINT('',(1.462954069298,0.849390231315));
#7933 = CARTESIAN_POINT('',(1.46069305337,0.849263269175));
#7934 = CARTESIAN_POINT('',(1.458434183479,0.849131586828));
#7935 = CARTESIAN_POINT('',(1.45618012137,0.848994733649));
#7936 = CARTESIAN_POINT('',(1.453934919152,0.848852174652));
#7937 = CARTESIAN_POINT('',(1.451704278905,0.84870324916));
#7938 = CARTESIAN_POINT('',(1.448403820922,0.84846993329));
#7939 = CARTESIAN_POINT('',(1.447317663984,0.848390999843));
#7940 = CARTESIAN_POINT('',(1.446238249297,0.848310227886));
#7941 = CARTESIAN_POINT('',(1.445166917855,0.84822752109));
#7942 = CARTESIAN_POINT('',(1.444105443812,0.848142788036));
#7943 = CARTESIAN_POINT('',(1.443056034485,0.848055942218));
#7944 = CARTESIAN_POINT('',(1.442021330355,0.847966902037));
#7945 = CARTESIAN_POINT('',(1.441004405065,0.847875590807));
#7946 = CARTESIAN_POINT('',(1.43998692905,0.847784219643));
#7947 = CARTESIAN_POINT('',(1.438987344462,0.847690618897));
#7948 = CARTESIAN_POINT('',(1.438009439159,0.847594673293));
#7949 = CARTESIAN_POINT('',(1.437056644756,0.84749637801));
#7950 = CARTESIAN_POINT('',(1.436133799355,0.847395775876));
#7951 = CARTESIAN_POINT('',(1.435247421964,0.847292952766));
#7952 = CARTESIAN_POINT('',(1.434404498588,0.847188091238));
#7953 = CARTESIAN_POINT('',(1.433609780009,0.847081582379));
#7954 = CARTESIAN_POINT('',(1.432414040522,0.846921378041));
#7955 = CARTESIAN_POINT('',(1.431324211803,0.846757261494));
#7956 = CARTESIAN_POINT('',(1.430356185796,0.846590937688));
#7957 = CARTESIAN_POINT('',(1.42951521484,0.846423820264));
#7958 = CARTESIAN_POINT('',(1.428798597561,0.846257026092));
#7959 = CARTESIAN_POINT('',(1.428198364762,0.84609136981));
#7960 = CARTESIAN_POINT('',(1.427703965315,0.845927358363));
#7961 = CARTESIAN_POINT('',(1.426850891565,0.845580678299));
#7962 = CARTESIAN_POINT('',(1.426520332972,0.845398631208));
#7963 = CARTESIAN_POINT('',(1.426295951923,0.845219015706));
#7964 = CARTESIAN_POINT('',(1.426161775943,0.84504169306));
#7965 = CARTESIAN_POINT('',(1.42610318428,0.844866407494));
#7966 = CARTESIAN_POINT('',(1.426106907756,0.84469277931));
#7967 = CARTESIAN_POINT('',(1.426161028612,0.844520298022));
#7968 = CARTESIAN_POINT('',(1.426316612093,0.844235547271));
#7969 = CARTESIAN_POINT('',(1.426395158707,0.844123036461));
#7970 = CARTESIAN_POINT('',(1.426487694891,0.84401064121));
#7971 = CARTESIAN_POINT('',(1.426591267972,0.843898209455));
#7972 = CARTESIAN_POINT('',(1.426702897915,0.843785578912));
#7973 = CARTESIAN_POINT('',(1.426819577319,0.843672577074));
#7974 = CARTESIAN_POINT('',(1.426938271424,0.84355902121));
#7975 = CARTESIAN_POINT('',(1.427325310072,0.843183040945));
#7976 = CARTESIAN_POINT('',(1.427589479657,0.842917512761));
#7977 = CARTESIAN_POINT('',(1.427853219464,0.842648613312));
#7978 = CARTESIAN_POINT('',(1.42812241711,0.842376888622));
#7979 = CARTESIAN_POINT('',(1.42840405522,0.842102951242));
#7980 = CARTESIAN_POINT('',(1.428706211429,0.841827480249));
#7981 = CARTESIAN_POINT('',(1.429038058383,0.841551221247));
#7982 = CARTESIAN_POINT('',(1.429409863737,0.841274986366));
#7983 = ( GEOMETRIC_REPRESENTATION_CONTEXT(2) 
PARAMETRIC_REPRESENTATION_CONTEXT() REPRESENTATION_CONTEXT('2D SPACE',''
  ) );
#7984 = PCURVE('',#7985,#8064);
#7985 = ( BOUNDED_SURFACE() B_SPLINE_SURFACE(12,5,(
    (#7986,#7987,#7988,#7989,#7990,#7991)
    ,(#7992,#7993,#7994,#7995,#7996,#7997)
    ,(#7998,#7999,#8000,#8001,#8002,#8003)
    ,(#8004,#8005,#8006,#8007,#8008,#8009)
    ,(#8010,#8011,#8012,#8013,#8014,#8015)
    ,(#8016,#8017,#8018,#8019,#8020,#8021)
    ,(#8022,#8023,#8024,#8025,#8026,#8027)
    ,(#8028,#8029,#8030,#8031,#8032,#8033)
    ,(#8034,#8035,#8036,#8037,#8038,#8039)
    ,(#8040,#8041,#8042,#8043,#8044,#8045)
    ,(#8046,#8047,#8048,#8049,#8050,#8051)
    ,(#8052,#8053,#8054,#8055,#8056,#8057)
    ,(#8058,#8059,#8060,#8061,#8062,#8063
)),.UNSPECIFIED.,.T.,.F.,.F.) B_SPLINE_SURFACE_WITH_KNOTS((13,13),(6,6),
  (0.,1.),(0.,1.),.PIECEWISE_BEZIER_KNOTS.) 
GEOMETRIC_REPRESENTATION_ITEM() RATIONAL_B_SPLINE_SURFACE((
    (1.,1.,1.,1.,1.,1.)
    ,(1.,1.,1.,1.,1.,1.)
    ,(1.,1.,1.,1.,1.,1.)
    ,(1.,1.,1.,1.,1.,1.)
    ,(1.,1.,1.,1.,1.,1.)
    ,(1.,1.,1.,1.,1.,1.)
    ,(1.,1.,1.,1.,1.,1.)
    ,(1.,1.,1.,1.,1.,1.)
    ,(1.,1.,1.,1.,1.,1.)
    ,(1.,1.,1.,1.,1.,1.)
    ,(1.,1.,1.,1.,1.,1.)
    ,(1.,1.,1.,1.,1.,1.)
,(1.,1.,1.,1.,1.,1.))) REPRESENTATION_ITEM('') SURFACE() );
#7986 = CARTESIAN_POINT('',(0.196,-0.3,0.31));
#7987 = CARTESIAN_POINT('',(-3.154106346905E-02,-0.3,0.125910582382));
#7988 = CARTESIAN_POINT('',(0.478720341149,-0.3,0.360830564991));
#7989 = CARTESIAN_POINT('',(-6.568450821015E-02,-0.3,-1.361075432102E-02
    ));
#7990 = CARTESIAN_POINT('',(0.264173037473,-0.3,8.510601747851E-02));
#7991 = CARTESIAN_POINT('',(0.20224,-0.3,0.));
#7992 = CARTESIAN_POINT('',(0.196,-0.25601770285,0.31));
#7993 = CARTESIAN_POINT('',(-3.154106346915E-02,-0.37515792508,
    0.125910582382));
#7994 = CARTESIAN_POINT('',(0.478720341149,-0.107985678387,
    0.360830564991));
#7995 = CARTESIAN_POINT('',(-6.568450821023E-02,-0.393035390942,
    -1.361075432102E-02));
#7996 = CARTESIAN_POINT('',(0.264173037473,-0.2203223839,
    8.510601747851E-02));
#7997 = CARTESIAN_POINT('',(0.20224,-0.25275044649,0.));
#7998 = CARTESIAN_POINT('',(0.17087723276,-0.212036311823,0.31));
#7999 = CARTESIAN_POINT('',(1.1389278518E-02,-0.450314301756,
    0.125910582382));
#8000 = CARTESIAN_POINT('',(0.369041415282,8.402468734369E-02,
    0.360830564991));
#8001 = CARTESIAN_POINT('',(-1.254252556849E-02,-0.486068865167,
    -1.361075432102E-02));
#8002 = CARTESIAN_POINT('',(0.218661039846,-0.14064640932,
    8.510601747851E-02));
#8003 = CARTESIAN_POINT('',(0.175250970051,-0.205501866416,0.));
#8004 = CARTESIAN_POINT('',(0.120633343525,-0.183831554932,0.31));
#8005 = CARTESIAN_POINT('',(9.724715106003E-02,-0.498511216031,
    0.125910582382));
#8006 = CARTESIAN_POINT('',(0.149690746224,0.207158711978,0.360830564991
    ));
#8007 = CARTESIAN_POINT('',(9.37379595415E-02,-0.545730155137,
    -1.361075432102E-02));
#8008 = CARTESIAN_POINT('',(0.127640025092,-8.955112923186E-02,
    8.510601747851E-02));
#8009 = CARTESIAN_POINT('',(0.121274677615,-0.175201899012,0.));
#8010 = CARTESIAN_POINT('',(5.627825526215E-02,-0.187235735659,0.31));
#8011 = CARTESIAN_POINT('',(0.20721855355,-0.492694076486,0.125910582382
    ));
#8012 = CARTESIAN_POINT('',(-0.131265443332,0.192297017721,
    0.360830564991));
#8013 = CARTESIAN_POINT('',(0.229867747744,-0.53852931968,
    -1.361075432102E-02));
#8014 = CARTESIAN_POINT('',(1.105539107068E-02,-9.571808782021E-02,
    8.510601747851E-02));
#8015 = CARTESIAN_POINT('',(5.213892565312E-02,-0.178858961737,0.));
#8016 = CARTESIAN_POINT('',(-1.054091499925E-04,-0.229219763198,0.31));
#8017 = CARTESIAN_POINT('',(0.303568210117,-0.420950838846,
    0.125910582382));
#8018 = CARTESIAN_POINT('',(-0.377420641522,9.006578411057E-03,
    0.360830564991));
#8019 = CARTESIAN_POINT('',(0.349135648718,-0.449720851989,
    -1.361075432102E-02));
#8020 = CARTESIAN_POINT('',(-9.108834080277E-02,-0.171775671105,
    8.510601747851E-02));
#8021 = CARTESIAN_POINT('',(-8.433239544083E-03,-0.22396180275,0.));
#8022 = CARTESIAN_POINT('',(-2.336684612043E-02,-0.3,0.31));
#8023 = CARTESIAN_POINT('',(0.343317869653,-0.300000000001,
    0.125910582382));
#8024 = CARTESIAN_POINT('',(-0.478973523689,-0.299999999999,
    0.360830564991));
#8025 = CARTESIAN_POINT('',(0.398340374774,-0.300000000001,
    -1.361075432102E-02));
#8026 = CARTESIAN_POINT('',(-0.133228382706,-0.3,8.510601747851E-02));
#8027 = CARTESIAN_POINT('',(-3.3422668975E-02,-0.3,0.));
#8028 = CARTESIAN_POINT('',(-1.054091499936E-04,-0.370780236802,0.31));
#8029 = CARTESIAN_POINT('',(0.303568210117,-0.179049161152,
    0.125910582382));
#8030 = CARTESIAN_POINT('',(-0.377420641522,-0.609006578414,
    0.360830564991));
#8031 = CARTESIAN_POINT('',(0.349135648719,-0.150279148009,
    -1.361075432102E-02));
#8032 = CARTESIAN_POINT('',(-9.108834080282E-02,-0.428224328895,
    8.510601747851E-02));
#8033 = CARTESIAN_POINT('',(-8.433239544062E-03,-0.37603819725,0.));
#8034 = CARTESIAN_POINT('',(5.627825526215E-02,-0.412764264341,0.31));
#8035 = CARTESIAN_POINT('',(0.20721855355,-0.107305923515,0.125910582382
    ));
#8036 = CARTESIAN_POINT('',(-0.131265443332,-0.792297017719,
    0.360830564991));
#8037 = CARTESIAN_POINT('',(0.229867747744,-6.147068032129E-02,
    -1.361075432102E-02));
#8038 = CARTESIAN_POINT('',(1.105539107076E-02,-0.50428191218,
    8.510601747851E-02));
#8039 = CARTESIAN_POINT('',(5.213892565309E-02,-0.421141038263,0.));
#8040 = CARTESIAN_POINT('',(0.120633343525,-0.416168445068,0.31));
#8041 = CARTESIAN_POINT('',(9.724715106001E-02,-0.101488783968,
    0.125910582382));
#8042 = CARTESIAN_POINT('',(0.149690746224,-0.80715871198,0.360830564991
    ));
#8043 = CARTESIAN_POINT('',(9.373795954161E-02,-5.426984486266E-02,
    -1.361075432102E-02));
#8044 = CARTESIAN_POINT('',(0.127640025092,-0.510448870768,
    8.510601747851E-02));
#8045 = CARTESIAN_POINT('',(0.121274677615,-0.424798100988,0.));
#8046 = CARTESIAN_POINT('',(0.17087723276,-0.387963688177,0.31));
#8047 = CARTESIAN_POINT('',(1.1389278518E-02,-0.149685698244,
    0.125910582382));
#8048 = CARTESIAN_POINT('',(0.369041415282,-0.684024687343,
    0.360830564991));
#8049 = CARTESIAN_POINT('',(-1.254252556856E-02,-0.113931134833,
    -1.361075432102E-02));
#8050 = CARTESIAN_POINT('',(0.218661039847,-0.45935359068,
    8.510601747851E-02));
#8051 = CARTESIAN_POINT('',(0.175250970051,-0.394498133584,0.));
#8052 = CARTESIAN_POINT('',(0.196,-0.34398229715,0.31));
#8053 = CARTESIAN_POINT('',(-3.154106346915E-02,-0.224842074919,
    0.125910582382));
#8054 = CARTESIAN_POINT('',(0.478720341149,-0.492014321613,
    0.360830564991));
#8055 = CARTESIAN_POINT('',(-6.568450821021E-02,-0.206964609058,
    -1.361075432102E-02));
#8056 = CARTESIAN_POINT('',(0.264173037473,-0.3796776161,
    8.510601747851E-02));
#8057 = CARTESIAN_POINT('',(0.20224,-0.34724955351,0.));
#8058 = CARTESIAN_POINT('',(0.196,-0.3,0.31));
#8059 = CARTESIAN_POINT('',(-3.154106346904E-02,-0.3,0.125910582382));
#8060 = CARTESIAN_POINT('',(0.478720341149,-0.3,0.360830564991));
#8061 = CARTESIAN_POINT('',(-6.568450821015E-02,-0.3,-1.361075432102E-02
    ));
#8062 = CARTESIAN_POINT('',(0.264173037473,-0.3,8.510601747851E-02));
#8063 = CARTESIAN_POINT('',(0.20224,-0.3,0.));
#8064 = DEFINITIONAL_REPRESENTATION('',(#8065),#8367);
#8065 = B_SPLINE_CURVE_WITH_KNOTS('',8,(#8066,#8067,#8068,#8069,#8070,
    #8071,#8072,#8073,#8074,#8075,#8076,#8077,#8078,#8079,#8080,#8081,
    #8082,#8083,#8084,#8085,#8086,#8087,#8088,#8089,#8090,#8091,#8092,
    #8093,#8094,#8095,#8096,#8097,#8098,#8099,#8100,#8101,#8102,#8103,
    #8104,#8105,#8106,#8107,#8108,#8109,#8110,#8111,#8112,#8113,#8114,
    #8115,#8116,#8117,#8118,#8119,#8120,#8121,#8122,#8123,#8124,#8125,
    #8126,#8127,#8128,#8129,#8130,#8131,#8132,#8133,#8134,#8135,#8136,
    #8137,#8138,#8139,#8140,#8141,#8142,#8143,#8144,#8145,#8146,#8147,
    #8148,#8149,#8150,#8151,#8152,#8153,#8154,#8155,#8156,#8157,#8158,
    #8159,#8160,#8161,#8162,#8163,#8164,#8165,#8166,#8167,#8168,#8169,
    #8170,#8171,#8172,#8173,#8174,#8175,#8176,#8177,#8178,#8179,#8180,
    #8181,#8182,#8183,#8184,#8185,#8186,#8187,#8188,#8189,#8190,#8191,
    #8192,#8193,#8194,#8195,#8196,#8197,#8198,#8199,#8200,#8201,#8202,
    #8203,#8204,#8205,#8206,#8207,#8208,#8209,#8210,#8211,#8212,#8213,
    #8214,#8215,#8216,#8217,#8218,#8219,#8220,#8221,#8222,#8223,#8224,
    #8225,#8226,#8227,#8228,#8229,#8230,#8231,#8232,#8233,#8234,#8235,
    #8236,#8237,#8238,#8239,#8240,#8241,#8242,#8243,#8244,#8245,#8246,
    #8247,#8248,#8249,#8250,#8251,#8252,#8253,#8254,#8255,#8256,#8257,
    #8258,#8259,#8260,#8261,#8262,#8263,#8264,#8265,#8266,#8267,#8268,
    #8269,#8270,#8271,#8272,#8273,#8274,#8275,#8276,#8277,#8278,#8279,
    #8280,#8281,#8282,#8283,#8284,#8285,#8286,#8287,#8288,#8289,#8290,
    #8291,#8292,#8293,#8294,#8295,#8296,#8297,#8298,#8299,#8300,#8301,
    #8302,#8303,#8304,#8305,#8306,#8307,#8308,#8309,#8310,#8311,#8312,
    #8313,#8314,#8315,#8316,#8317,#8318,#8319,#8320,#8321,#8322,#8323,
    #8324,#8325,#8326,#8327,#8328,#8329,#8330,#8331,#8332,#8333,#8334,
    #8335,#8336,#8337,#8338,#8339,#8340,#8341,#8342,#8343,#8344,#8345,
    #8346,#8347,#8348,#8349,#8350,#8351,#8352,#8353,#8354,#8355,#8356,
    #8357,#8358,#8359,#8360,#8361,#8362,#8363,#8364,#8365,#8366),
  .UNSPECIFIED.,.F.,.F.,(9,7,7,7,7,7,7,7,7,7,7,7,7,7,7,7,7,7,7,8,7,7,8,8
    ,7,7,7,7,7,7,7,7,7,7,7,7,7,8,8,7,7,7,9),(0.,1.151673397762E-02,
    1.695283753956E-02,4.073988979055E-02,5.92975929247E-02,
    0.108178267465,0.141677934817,0.169273886629,0.246534575282,
    0.259107067802,0.283779493594,0.373339947918,0.420539349159,
    0.469988642715,0.495525509264,0.50747921849,0.519028315831,
    0.535238145184,0.542315312669,0.560965964089,0.572482698067,
    0.594531345874,0.608504963409,0.620021697387,0.631538431364,
    0.648261602137,0.66267578388,0.703237922286,0.733096436793,
    0.765530422395,0.80553564792,0.839881764836,0.865069693962,
    0.897300079629,0.903805429978,0.918912746922,0.930081636217,
    0.93560422678,0.947120960758,0.958637694735,0.971740061138,
    0.980331360657,1.),.UNSPECIFIED.);
#8066 = CARTESIAN_POINT('',(0.,0.237247482573));
#8067 = CARTESIAN_POINT('',(1.85853726361E-03,0.236932951637));
#8068 = CARTESIAN_POINT('',(3.720440431843E-03,0.236641896039));
#8069 = CARTESIAN_POINT('',(5.584873040796E-03,0.236373166859));
#8070 = CARTESIAN_POINT('',(7.451057944174E-03,0.236125605766));
#8071 = CARTESIAN_POINT('',(9.318277313284E-03,0.235898045019));
#8072 = CARTESIAN_POINT('',(1.118587263704E-02,0.235689307466));
#8073 = CARTESIAN_POINT('',(1.305324472197E-02,0.235498206543));
#8074 = CARTESIAN_POINT('',(1.580092705367E-02,0.235241106988));
#8075 = CARTESIAN_POINT('',(1.668182036566E-02,0.235162337391));
#8076 = CARTESIAN_POINT('',(1.756246911764E-02,0.235087115652));
#8077 = CARTESIAN_POINT('',(1.844280975739E-02,0.235015322022));
#8078 = CARTESIAN_POINT('',(1.932277969106E-02,0.234946838841));
#8079 = CARTESIAN_POINT('',(2.020231728312E-02,0.234881550532));
#8080 = CARTESIAN_POINT('',(2.108136185638E-02,0.234819343606));
#8081 = CARTESIAN_POINT('',(2.580383115625E-02,0.234500814928));
#8082 = CARTESIAN_POINT('',(2.963713250192E-02,0.234298495065));
#8083 = CARTESIAN_POINT('',(3.345822127336E-02,0.234158102592));
#8084 = CARTESIAN_POINT('',(3.726546320211E-02,0.234083971401));
#8085 = CARTESIAN_POINT('',(4.105712620696E-02,0.234079813754));
#8086 = CARTESIAN_POINT('',(4.48313803939E-02,0.234148720291));
#8087 = CARTESIAN_POINT('',(4.858629805616E-02,0.234293160022));
#8088 = CARTESIAN_POINT('',(5.523267263237E-02,0.234688094968));
#8089 = CARTESIAN_POINT('',(5.813247301276E-02,0.234908461797));
#8090 = CARTESIAN_POINT('',(6.101827127082E-02,0.23517705758));
#8091 = CARTESIAN_POINT('',(6.388904167143E-02,0.235494758427));
#8092 = CARTESIAN_POINT('',(6.674371628889E-02,0.235862339799));
#8093 = CARTESIAN_POINT('',(6.958118500691E-02,0.236280476509));
#8094 = CARTESIAN_POINT('',(7.24002955186E-02,0.236749742719));
#8095 = CARTESIAN_POINT('',(8.257390551667E-02,0.23864254377));
#8096 = CARTESIAN_POINT('',(8.981058289974E-02,0.24037352568));
#8097 = CARTESIAN_POINT('',(9.689256771894E-02,0.242412963448));
#8098 = CARTESIAN_POINT('',(0.103807957756,0.244716374024));
#8099 = CARTESIAN_POINT('',(0.110550680489,0.247242230117));
#8100 = CARTESIAN_POINT('',(0.117120233452,0.249951115553));
#8101 = CARTESIAN_POINT('',(0.123520750807,0.252807191418));
#8102 = CARTESIAN_POINT('',(0.134034873718,0.257821084971));
#8103 = CARTESIAN_POINT('',(0.138232981914,0.259917670715));
#8104 = CARTESIAN_POINT('',(0.142354155262,0.262066010562));
#8105 = CARTESIAN_POINT('',(0.146399230451,0.264260632532));
#8106 = CARTESIAN_POINT('',(0.150369446307,0.26649631231));
#8107 = CARTESIAN_POINT('',(0.154266443791,0.268768073247));
#8108 = CARTESIAN_POINT('',(0.158092266001,0.27107118636));
#8109 = CARTESIAN_POINT('',(0.16494418473,0.275320706867));
#8110 = CARTESIAN_POINT('',(0.167992447542,0.277257662648));
#8111 = CARTESIAN_POINT('',(0.170995088509,0.279211635764));
#8112 = CARTESIAN_POINT('',(0.17395371805,0.281179033628));
#8113 = CARTESIAN_POINT('',(0.176870037495,0.28315658599));
#8114 = CARTESIAN_POINT('',(0.179745509673,0.285143054782));
#8115 = CARTESIAN_POINT('',(0.182581277701,0.287139140767));
#8116 = CARTESIAN_POINT('',(0.193209368402,0.294762628618));
#8117 = CARTESIAN_POINT('',(0.200737011011,0.300453206894));
#8118 = CARTESIAN_POINT('',(0.207990893542,0.306209438318));
#8119 = CARTESIAN_POINT('',(0.215006318275,0.311992002358));
#8120 = CARTESIAN_POINT('',(0.221823804587,0.317749352284));
#8121 = CARTESIAN_POINT('',(0.228487097496,0.323431479993));
#8122 = CARTESIAN_POINT('',(0.235039636137,0.328998234866));
#8123 = CARTESIAN_POINT('',(0.24257395203,0.335304820076));
#8124 = CARTESIAN_POINT('',(0.243626476317,0.336183623613));
#8125 = CARTESIAN_POINT('',(0.244677221425,0.337058463612));
#8126 = CARTESIAN_POINT('',(0.245726349673,0.337929207807));
#8127 = CARTESIAN_POINT('',(0.246774019333,0.338795735321));
#8128 = CARTESIAN_POINT('',(0.247820384625,0.33965793667));
#8129 = CARTESIAN_POINT('',(0.248865595718,0.340515713761));
#8130 = CARTESIAN_POINT('',(0.251958952222,0.343043450109));
#8131 = CARTESIAN_POINT('',(0.254004232235,0.34470051069));
#8132 = CARTESIAN_POINT('',(0.256046734233,0.34633953536));
#8133 = CARTESIAN_POINT('',(0.258087508665,0.347959989152));
#8134 = CARTESIAN_POINT('',(0.260127560976,0.349561428415));
#8135 = CARTESIAN_POINT('',(0.262167851603,0.351143500811));
#8136 = CARTESIAN_POINT('',(0.264209295975,0.352705945313));
#8137 = CARTESIAN_POINT('',(0.273670390321,0.359848629687));
#8138 = CARTESIAN_POINT('',(0.281114643046,0.365185385426));
#8139 = CARTESIAN_POINT('',(0.288627168783,0.370254223931));
#8140 = CARTESIAN_POINT('',(0.296245565816,0.375050604887));
#8141 = CARTESIAN_POINT('',(0.304002840491,0.379577350128));
#8142 = CARTESIAN_POINT('',(0.311929412829,0.383844912034));
#8143 = CARTESIAN_POINT('',(0.320057671886,0.387864643337));
#8144 = CARTESIAN_POINT('',(0.332840754798,0.393622131662));
#8145 = CARTESIAN_POINT('',(0.337319701016,0.395539992077));
#8146 = CARTESIAN_POINT('',(0.341871457613,0.397388952713));
#8147 = CARTESIAN_POINT('',(0.34650207813,0.399168846157));
#8148 = CARTESIAN_POINT('',(0.351218131542,0.400879034473));
#8149 = CARTESIAN_POINT('',(0.35602670225,0.402518409206));
#8150 = CARTESIAN_POINT('',(0.360935390087,0.404085391375));
#8151 = CARTESIAN_POINT('',(0.371208555259,0.407141531799));
#8152 = CARTESIAN_POINT('',(0.376582414258,0.408624017738));
#8153 = CARTESIAN_POINT('',(0.382085523792,0.410020170008));
#8154 = CARTESIAN_POINT('',(0.3877270994,0.411330669614));
#8155 = CARTESIAN_POINT('',(0.393515725017,0.41255648352));
#8156 = CARTESIAN_POINT('',(0.399460334317,0.413696243515));
#8157 = CARTESIAN_POINT('',(0.40557038405,0.414746618269));
#8158 = CARTESIAN_POINT('',(0.415100852056,0.416201135896));
#8159 = CARTESIAN_POINT('',(0.418392940716,0.416671559791));
#8160 = CARTESIAN_POINT('',(0.421732446525,0.417116363752));
#8161 = CARTESIAN_POINT('',(0.42511966426,0.41753664701));
#8162 = CARTESIAN_POINT('',(0.428554347186,0.417934685586));
#8163 = CARTESIAN_POINT('',(0.432035831926,0.418313423333));
#8164 = CARTESIAN_POINT('',(0.435563163336,0.418675962986));
#8165 = CARTESIAN_POINT('',(0.440807281227,0.419188539376));
#8166 = CARTESIAN_POINT('',(0.44248910559,0.419349189725));
#8167 = CARTESIAN_POINT('',(0.444180550904,0.419507375374));
#8168 = CARTESIAN_POINT('',(0.445881448211,0.41966350158));
#8169 = CARTESIAN_POINT('',(0.447591601158,0.419818011731));
#8170 = CARTESIAN_POINT('',(0.449310785995,0.419971387342));
#8171 = CARTESIAN_POINT('',(0.451038751582,0.420124148061));
#8172 = CARTESIAN_POINT('',(0.454452910503,0.42042439182));
#8173 = CARTESIAN_POINT('',(0.45613852683,0.420571868497));
#8174 = CARTESIAN_POINT('',(0.457832044777,0.420718384071));
#8175 = CARTESIAN_POINT('',(0.45953341056,0.420862933186));
#8176 = CARTESIAN_POINT('',(0.461242540196,0.421004402753));
#8177 = CARTESIAN_POINT('',(0.4629593195,0.421141571953));
#8178 = CARTESIAN_POINT('',(0.464683604089,0.421273112233));
#8179 = CARTESIAN_POINT('',(0.468845648185,0.421572280225));
#8180 = CARTESIAN_POINT('',(0.47129036081,0.421733051267));
#8181 = CARTESIAN_POINT('',(0.473749013369,0.421875884039));
#8182 = CARTESIAN_POINT('',(0.476220917409,0.421996291067));
#8183 = CARTESIAN_POINT('',(0.478705039907,0.422089313802));
#8184 = CARTESIAN_POINT('',(0.48120000327,0.422149522619));
#8185 = CARTESIAN_POINT('',(0.483704085338,0.422171016817));
#8186 = CARTESIAN_POINT('',(0.487311572739,0.422137150916));
#8187 = CARTESIAN_POINT('',(0.48840922758,0.422118412255));
#8188 = CARTESIAN_POINT('',(0.489508026001,0.422092570651));
#8189 = CARTESIAN_POINT('',(0.490607832588,0.422061035647));
#8190 = CARTESIAN_POINT('',(0.491708534413,0.422025264319));
#8191 = CARTESIAN_POINT('',(0.492810041039,0.421986761273));
#8192 = CARTESIAN_POINT('',(0.493912284515,0.421947078649));
#8193 = CARTESIAN_POINT('',(0.497921814925,0.421804410577));
#8194 = CARTESIAN_POINT('',(0.500832521295,0.4217034039));
#8195 = CARTESIAN_POINT('',(0.503747381954,0.421633813565));
#8196 = CARTESIAN_POINT('',(0.50666442072,0.421624314394));
#8197 = CARTESIAN_POINT('',(0.509579703132,0.42170074186));
#8198 = CARTESIAN_POINT('',(0.512487397817,0.421883595391));
#8199 = CARTESIAN_POINT('',(0.515379837857,0.42218554168));
#8200 = CARTESIAN_POINT('',(0.518247582149,0.42260891799));
#8201 = CARTESIAN_POINT('',(0.519091304116,0.422733303332));
#8202 = CARTESIAN_POINT('',(0.519932770615,0.422869284103));
#8203 = CARTESIAN_POINT('',(0.520772122162,0.423014621484));
#8204 = CARTESIAN_POINT('',(0.521609528021,0.423167201296));
#8205 = CARTESIAN_POINT('',(0.522445186205,0.423325034006));
#8206 = CARTESIAN_POINT('',(0.523279323475,0.423486254722));
#8207 = CARTESIAN_POINT('',(0.524112195339,0.423649123196));
#8208 = CARTESIAN_POINT('',(0.526536727395,0.424123920623));
#8209 = CARTESIAN_POINT('',(0.528124875178,0.424435594667));
#8210 = CARTESIAN_POINT('',(0.529711188871,0.424735793732));
#8211 = CARTESIAN_POINT('',(0.531297314946,0.425013580748));
#8212 = CARTESIAN_POINT('',(0.532883952965,0.425257891201));
#8213 = CARTESIAN_POINT('',(0.534470921667,0.425457090529));
#8214 = CARTESIAN_POINT('',(0.536057225064,0.425598531523));
#8215 = CARTESIAN_POINT('',(0.538644934991,0.425712097304));
#8216 = CARTESIAN_POINT('',(0.539647357182,0.425727526898));
#8217 = CARTESIAN_POINT('',(0.540647730833,0.425710470699));
#8218 = CARTESIAN_POINT('',(0.541644903776,0.425657139679));
#8219 = CARTESIAN_POINT('',(0.542637225941,0.425563885598));
#8220 = CARTESIAN_POINT('',(0.543622549354,0.425427201));
#8221 = CARTESIAN_POINT('',(0.544598228142,0.425243719215));
#8222 = CARTESIAN_POINT('',(0.545561118525,0.425010214357));
#8223 = CARTESIAN_POINT('',(0.546924543649,0.424679892744));
#8224 = CARTESIAN_POINT('',(0.548266211521,0.424248149767));
#8225 = CARTESIAN_POINT('',(0.549572540286,0.423713583979));
#8226 = CARTESIAN_POINT('',(0.55082742103,0.423054534739));
#8227 = CARTESIAN_POINT('',(0.552035792595,0.422314572472));
#8228 = CARTESIAN_POINT('',(0.553164693751,0.421435282737));
#8229 = CARTESIAN_POINT('',(0.554241975021,0.420492455121));
#8230 = CARTESIAN_POINT('',(0.555254928579,0.419480562892));
#8231 = CARTESIAN_POINT('',(0.557203928798,0.417535342071));
#8232 = CARTESIAN_POINT('',(0.558926993636,0.415353281135));
#8233 = CARTESIAN_POINT('',(0.560473692677,0.413012281595));
#8234 = CARTESIAN_POINT('',(0.561876270293,0.410566009096));
#8235 = CARTESIAN_POINT('',(0.563158747033,0.408050751763));
#8236 = CARTESIAN_POINT('',(0.564342218477,0.405489523283));
#8237 = CARTESIAN_POINT('',(0.565446351585,0.402893410712));
#8238 = CARTESIAN_POINT('',(0.567998351574,0.396436542667));
#8239 = CARTESIAN_POINT('',(0.569368762688,0.39255629326));
#8240 = CARTESIAN_POINT('',(0.570640358396,0.388644479093));
#8241 = CARTESIAN_POINT('',(0.571839419961,0.384717611166));
#8242 = CARTESIAN_POINT('',(0.572984047947,0.380787114343));
#8243 = CARTESIAN_POINT('',(0.574088768071,0.376861469802));
#8244 = CARTESIAN_POINT('',(0.57516615831,0.372947036774));
#8245 = CARTESIAN_POINT('',(0.577138478933,0.365686440164));
#8246 = CARTESIAN_POINT('',(0.578038326683,0.362337333024));
#8247 = CARTESIAN_POINT('',(0.578930650399,0.359003415216));
#8248 = CARTESIAN_POINT('',(0.579820411181,0.35568750523));
#8249 = CARTESIAN_POINT('',(0.580711921371,0.352392056993));
#8250 = CARTESIAN_POINT('',(0.581608844553,0.349119159868));
#8251 = CARTESIAN_POINT('',(0.582514195551,0.345870538652));
#8252 = CARTESIAN_POINT('',(0.586008633732,0.333578034821));
#8253 = CARTESIAN_POINT('',(0.58867503085,0.324711536315));
#8254 = CARTESIAN_POINT('',(0.591488201321,0.316083437166));
#8255 = CARTESIAN_POINT('',(0.59448786452,0.307710229422));
#8256 = CARTESIAN_POINT('',(0.597704045275,0.299599204817));
#8257 = CARTESIAN_POINT('',(0.601162594776,0.291754609594));
#8258 = CARTESIAN_POINT('',(0.604886976803,0.284180267413));
#8259 = CARTESIAN_POINT('',(0.611847867741,0.271503779594));
#8260 = CARTESIAN_POINT('',(0.61495346663,0.266277169512));
#8261 = CARTESIAN_POINT('',(0.618221398801,0.26120000848));
#8262 = CARTESIAN_POINT('',(0.621658366724,0.256274251985));
#8263 = CARTESIAN_POINT('',(0.625269492456,0.251502642601));
#8264 = CARTESIAN_POINT('',(0.629058317646,0.24688871));
#8265 = CARTESIAN_POINT('',(0.633026803528,0.242436770941));
#8266 = CARTESIAN_POINT('',(0.64168138585,0.233497554449));
#8267 = CARTESIAN_POINT('',(0.646399613068,0.229040530434));
#8268 = CARTESIAN_POINT('',(0.65132950221,0.224787500048));
#8269 = CARTESIAN_POINT('',(0.656467758469,0.220746309866));
#8270 = CARTESIAN_POINT('',(0.661808302609,0.216926010221));
#8271 = CARTESIAN_POINT('',(0.667342270963,0.213336855208));
#8272 = CARTESIAN_POINT('',(0.673058015434,0.209990302678));
#8273 = CARTESIAN_POINT('',(0.68619768249,0.203085822454));
#8274 = CARTESIAN_POINT('',(0.693709453652,0.199662307305));
#8275 = CARTESIAN_POINT('',(0.701450466733,0.196649570258));
#8276 = CARTESIAN_POINT('',(0.709389126009,0.194076179929));
#8277 = CARTESIAN_POINT('',(0.717488468764,0.191972597228));
#8278 = CARTESIAN_POINT('',(0.725706443783,0.190365600499));
#8279 = CARTESIAN_POINT('',(0.733996189842,0.189272710663));
#8280 = CARTESIAN_POINT('',(0.749440883897,0.188201923311));
#8281 = CARTESIAN_POINT('',(0.756592786862,0.188087059764));
#8282 = CARTESIAN_POINT('',(0.76372840349,0.188354404356));
#8283 = CARTESIAN_POINT('',(0.77081657541,0.188995152959));
#8284 = CARTESIAN_POINT('',(0.777829004192,0.189991981564));
#8285 = CARTESIAN_POINT('',(0.784740650049,0.191321709178));
#8286 = CARTESIAN_POINT('',(0.791530130553,0.192957960712));
#8287 = CARTESIAN_POINT('',(0.803056838671,0.19627880788));
#8288 = CARTESIAN_POINT('',(0.807859013845,0.197834469576));
#8289 = CARTESIAN_POINT('',(0.812580054052,0.199530116182));
#8290 = CARTESIAN_POINT('',(0.817214623816,0.201355263266));
#8291 = CARTESIAN_POINT('',(0.821758642986,0.203299640758));
#8292 = CARTESIAN_POINT('',(0.826209286741,0.205353192948));
#8293 = CARTESIAN_POINT('',(0.830564985586,0.207506078489));
#8294 = CARTESIAN_POINT('',(0.840277239558,0.212618204169));
#8295 = CARTESIAN_POINT('',(0.845573199036,0.21563516457));
#8296 = CARTESIAN_POINT('',(0.850713179842,0.218778319174));
#8297 = CARTESIAN_POINT('',(0.855700447947,0.222028032393));
#8298 = CARTESIAN_POINT('',(0.860542601992,0.22536469005));
#8299 = CARTESIAN_POINT('',(0.86525251604,0.228767123962));
#8300 = CARTESIAN_POINT('',(0.86984928233,0.232211036519));
#8301 = CARTESIAN_POINT('',(0.875269448641,0.236365035541));
#8302 = CARTESIAN_POINT('',(0.876176230917,0.237063132997));
#8303 = CARTESIAN_POINT('',(0.877079723808,0.23776147442));
#8304 = CARTESIAN_POINT('',(0.877980168927,0.238459800763));
#8305 = CARTESIAN_POINT('',(0.878877826555,0.239157837146));
#8306 = CARTESIAN_POINT('',(0.879772975634,0.239855292856));
#8307 = CARTESIAN_POINT('',(0.880665913774,0.240551861348));
#8308 = CARTESIAN_POINT('',(0.883626257002,0.242862016846));
#8309 = CARTESIAN_POINT('',(0.8856851028,0.244470261426));
#8310 = CARTESIAN_POINT('',(0.887737923876,0.246067775759));
#8311 = CARTESIAN_POINT('',(0.889789351514,0.247649951391));
#8312 = CARTESIAN_POINT('',(0.891844732299,0.249211262364));
#8313 = CARTESIAN_POINT('',(0.893910641367,0.250744777922));
#8314 = CARTESIAN_POINT('',(0.895995395646,0.252241675227));
#8315 = CARTESIAN_POINT('',(0.899672645961,0.25476199448));
#8316 = CARTESIAN_POINT('',(0.901251188697,0.255806766379));
#8317 = CARTESIAN_POINT('',(0.902850290171,0.256820457205));
#8318 = CARTESIAN_POINT('',(0.904474959572,0.257797529409));
#8319 = CARTESIAN_POINT('',(0.906130767331,0.258730944855));
#8320 = CARTESIAN_POINT('',(0.907824492032,0.259611591219));
#8321 = CARTESIAN_POINT('',(0.909564767314,0.260427708391));
#8322 = CARTESIAN_POINT('',(0.912251751624,0.261528517352));
#8323 = CARTESIAN_POINT('',(0.913154674561,0.261873100228));
#8324 = CARTESIAN_POINT('',(0.914072817874,0.262196239977));
#8325 = CARTESIAN_POINT('',(0.915007536921,0.262495772389));
#8326 = CARTESIAN_POINT('',(0.91596022214,0.262769192572));
#8327 = CARTESIAN_POINT('',(0.916932299047,0.263013654948));
#8328 = CARTESIAN_POINT('',(0.917925228236,0.263225973254));
#8329 = CARTESIAN_POINT('',(0.918940505381,0.263402620545));
#8330 = CARTESIAN_POINT('',(0.919956475604,0.263579259623));
#8331 = CARTESIAN_POINT('',(0.920994323231,0.26372059389));
#8332 = CARTESIAN_POINT('',(0.922056158725,0.26382188162));
#8333 = CARTESIAN_POINT('',(0.92314278856,0.263880157653));
#8334 = CARTESIAN_POINT('',(0.924254747147,0.263891500912));
#8335 = CARTESIAN_POINT('',(0.925392435056,0.263850625711));
#8336 = CARTESIAN_POINT('',(0.926555363544,0.263752796837));
#8337 = CARTESIAN_POINT('',(0.927740505381,0.263598068424));
#8338 = CARTESIAN_POINT('',(0.929523130911,0.263365822544));
#8339 = CARTESIAN_POINT('',(0.931357648604,0.263006465865));
#8340 = CARTESIAN_POINT('',(0.933229430839,0.262524696037));
#8341 = CARTESIAN_POINT('',(0.935125930088,0.261932717693));
#8342 = CARTESIAN_POINT('',(0.937036825613,0.26124732667));
#8343 = CARTESIAN_POINT('',(0.938954170154,0.260486994221));
#8344 = CARTESIAN_POINT('',(0.940872536627,0.259668951238));
#8345 = CARTESIAN_POINT('',(0.944969779799,0.257824955313));
#8346 = CARTESIAN_POINT('',(0.947147415233,0.256786716129));
#8347 = CARTESIAN_POINT('',(0.949321979323,0.255711008745));
#8348 = CARTESIAN_POINT('',(0.95149398719,0.254613938902));
#8349 = CARTESIAN_POINT('',(0.953664801092,0.253508724824));
#8350 = CARTESIAN_POINT('',(0.955836870658,0.252406157788));
#8351 = CARTESIAN_POINT('',(0.958013973123,0.251315062692));
#8352 = CARTESIAN_POINT('',(0.961635788676,0.249539614767));
#8353 = CARTESIAN_POINT('',(0.963073953867,0.248845038225));
#8354 = CARTESIAN_POINT('',(0.9645169685,0.248161195805));
#8355 = CARTESIAN_POINT('',(0.965965829579,0.247490338174));
#8356 = CARTESIAN_POINT('',(0.967421511735,0.246834799856));
#8357 = CARTESIAN_POINT('',(0.968884967228,0.246196999232));
#8358 = CARTESIAN_POINT('',(0.970357125947,0.245579438539));
#8359 = CARTESIAN_POINT('',(0.975231034711,0.243623130182));
#8360 = CARTESIAN_POINT('',(0.978673191846,0.242381160541));
#8361 = CARTESIAN_POINT('',(0.982158247946,0.24125723824));
#8362 = CARTESIAN_POINT('',(0.985679400535,0.240248287002));
#8363 = CARTESIAN_POINT('',(0.989230163529,0.239349710992));
#8364 = CARTESIAN_POINT('',(0.992804367238,0.238555394815));
#8365 = CARTESIAN_POINT('',(0.996396158364,0.237857703514));
#8366 = CARTESIAN_POINT('',(1.,0.237247482573));
#8367 = ( GEOMETRIC_REPRESENTATION_CONTEXT(2) 
PARAMETRIC_REPRESENTATION_CONTEXT() REPRESENTATION_CONTEXT('2D SPACE',''
  ) );
#8368 = ADVANCED_FACE('',(#8369),#2591,.F.);
#8369 = FACE_BOUND('',#8370,.F.);
#8370 = EDGE_LOOP('',(#8371,#8372));
#8371 = ORIENTED_EDGE('',*,*,#2566,.T.);
#8372 = ORIENTED_EDGE('',*,*,#6531,.T.);
#8373 = ADVANCED_FACE('',(#8374),#3317,.F.);
#8374 = FACE_BOUND('',#8375,.F.);
#8375 = EDGE_LOOP('',(#8376,#8377,#8403,#8449));
#8376 = ORIENTED_EDGE('',*,*,#2731,.T.);
#8377 = ORIENTED_EDGE('',*,*,#8378,.T.);
#8378 = EDGE_CURVE('',#2732,#8379,#8381,.T.);
#8379 = VERTEX_POINT('',#8380);
#8380 = CARTESIAN_POINT('',(-2.212E-02,0.3,0.));
#8381 = SEAM_CURVE('',#8382,(#8389,#8396),.PCURVE_S1.);
#8382 = ( BOUNDED_CURVE() B_SPLINE_CURVE(5,(#8383,#8384,#8385,#8386,
#8387,#8388),.UNSPECIFIED.,.F.,.F.) B_SPLINE_CURVE_WITH_KNOTS((6,6),(0.,
1.),.PIECEWISE_BEZIER_KNOTS.) CURVE() GEOMETRIC_REPRESENTATION_ITEM() 
RATIONAL_B_SPLINE_CURVE((1.,1.,1.,1.,1.,1.)) REPRESENTATION_ITEM('') );
#8383 = CARTESIAN_POINT('',(-4.6E-02,0.3,0.31));
#8384 = CARTESIAN_POINT('',(-0.239630882345,0.3,0.112013216754));
#8385 = CARTESIAN_POINT('',(0.235261533187,0.3,0.382794812205));
#8386 = CARTESIAN_POINT('',(-0.307849464602,0.3,-5.106445363151E-02));
#8387 = CARTESIAN_POINT('',(4.400147960313E-02,0.3,9.187229722041E-02));
#8388 = CARTESIAN_POINT('',(-2.212E-02,0.3,0.));
#8389 = PCURVE('',#3317,#8390);
#8390 = DEFINITIONAL_REPRESENTATION('',(#8391),#8395);
#8391 = LINE('',#8392,#8393);
#8392 = CARTESIAN_POINT('',(0.,0.));
#8393 = VECTOR('',#8394,1.);
#8394 = DIRECTION('',(0.,1.));
#8395 = ( GEOMETRIC_REPRESENTATION_CONTEXT(2) 
PARAMETRIC_REPRESENTATION_CONTEXT() REPRESENTATION_CONTEXT('2D SPACE',''
  ) );
#8396 = PCURVE('',#3317,#8397);
#8397 = DEFINITIONAL_REPRESENTATION('',(#8398),#8402);
#8398 = LINE('',#8399,#8400);
#8399 = CARTESIAN_POINT('',(1.,0.));
#8400 = VECTOR('',#8401,1.);
#8401 = DIRECTION('',(0.,1.));
#8402 = ( GEOMETRIC_REPRESENTATION_CONTEXT(2) 
PARAMETRIC_REPRESENTATION_CONTEXT() REPRESENTATION_CONTEXT('2D SPACE',''
  ) );
#8403 = ORIENTED_EDGE('',*,*,#8404,.F.);
#8404 = EDGE_CURVE('',#8379,#8379,#8405,.T.);
#8405 = SURFACE_CURVE('',#8406,(#8420,#8427),.PCURVE_S1.);
#8406 = B_SPLINE_CURVE_WITH_KNOTS('',12,(#8407,#8408,#8409,#8410,#8411,
    #8412,#8413,#8414,#8415,#8416,#8417,#8418,#8419),.UNSPECIFIED.,.T.,
  .F.,(13,13),(0.,1.),.PIECEWISE_BEZIER_KNOTS.);
#8407 = CARTESIAN_POINT('',(-2.212E-02,0.3,0.));
#8408 = CARTESIAN_POINT('',(-2.212E-02,0.350202650604,0.));
#8409 = CARTESIAN_POINT('',(-5.07958443208E-02,0.400404266933,0.));
#8410 = CARTESIAN_POINT('',(-0.108145655034,0.4325979823,0.));
#8411 = CARTESIAN_POINT('',(-0.181602391494,0.428712353154,0.));
#8412 = CARTESIAN_POINT('',(-0.245960317016,0.380790584578,0.));
#8413 = CARTESIAN_POINT('',(-0.272511585786,0.3,0.));
#8414 = CARTESIAN_POINT('',(-0.245960317016,0.219209415422,0.));
#8415 = CARTESIAN_POINT('',(-0.181602391494,0.171287646845,0.));
#8416 = CARTESIAN_POINT('',(-0.108145655034,0.167402017701,0.));
#8417 = CARTESIAN_POINT('',(-5.07958443208E-02,0.199595733067,0.));
#8418 = CARTESIAN_POINT('',(-2.212E-02,0.249797349396,0.));
#8419 = CARTESIAN_POINT('',(-2.212E-02,0.3,0.));
#8420 = PCURVE('',#3317,#8421);
#8421 = DEFINITIONAL_REPRESENTATION('',(#8422),#8426);
#8422 = LINE('',#8423,#8424);
#8423 = CARTESIAN_POINT('',(0.,1.));
#8424 = VECTOR('',#8425,1.);
#8425 = DIRECTION('',(1.,0.));
#8426 = ( GEOMETRIC_REPRESENTATION_CONTEXT(2) 
PARAMETRIC_REPRESENTATION_CONTEXT() REPRESENTATION_CONTEXT('2D SPACE',''
  ) );
#8427 = PCURVE('',#8428,#8433);
#8428 = PLANE('',#8429);
#8429 = AXIS2_PLACEMENT_3D('',#8430,#8431,#8432);
#8430 = CARTESIAN_POINT('',(-2.212E-02,0.3,0.));
#8431 = DIRECTION('',(0.,0.,1.));
#8432 = DIRECTION('',(-1.,5.789648686741E-16,0.));
#8433 = DEFINITIONAL_REPRESENTATION('',(#8434),#8448);
#8434 = B_SPLINE_CURVE_WITH_KNOTS('',12,(#8435,#8436,#8437,#8438,#8439,
    #8440,#8441,#8442,#8443,#8444,#8445,#8446,#8447),.UNSPECIFIED.,.F.,
  .F.,(13,13),(0.,1.),.PIECEWISE_BEZIER_KNOTS.);
#8435 = CARTESIAN_POINT('',(0.,0.));
#8436 = CARTESIAN_POINT('',(-3.74700270811E-16,-5.020265060437E-02));
#8437 = CARTESIAN_POINT('',(2.86758443208E-02,-0.100404266933));
#8438 = CARTESIAN_POINT('',(8.602565503364E-02,-0.1325979823));
#8439 = CARTESIAN_POINT('',(0.159482391494,-0.128712353154));
#8440 = CARTESIAN_POINT('',(0.223840317016,-8.079058457838E-02));
#8441 = CARTESIAN_POINT('',(0.250391585786,9.242606680004E-14));
#8442 = CARTESIAN_POINT('',(0.223840317016,8.079058457821E-02));
#8443 = CARTESIAN_POINT('',(0.159482391494,0.128712353155));
#8444 = CARTESIAN_POINT('',(8.602565503363E-02,0.132597982299));
#8445 = CARTESIAN_POINT('',(2.86758443208E-02,0.100404266933));
#8446 = CARTESIAN_POINT('',(-9.436895709314E-16,5.020265060436E-02));
#8447 = CARTESIAN_POINT('',(5.551115123126E-17,-5.551115123126E-17));
#8448 = ( GEOMETRIC_REPRESENTATION_CONTEXT(2) 
PARAMETRIC_REPRESENTATION_CONTEXT() REPRESENTATION_CONTEXT('2D SPACE',''
  ) );
#8449 = ORIENTED_EDGE('',*,*,#8378,.F.);
#8450 = ADVANCED_FACE('',(#8451),#4218,.F.);
#8451 = FACE_BOUND('',#8452,.F.);
#8452 = EDGE_LOOP('',(#8453,#8454,#8480,#8526));
#8453 = ORIENTED_EDGE('',*,*,#3690,.T.);
#8454 = ORIENTED_EDGE('',*,*,#8455,.T.);
#8455 = EDGE_CURVE('',#3691,#8456,#8458,.T.);
#8456 = VERTEX_POINT('',#8457);
#8457 = CARTESIAN_POINT('',(-2.176E-02,-0.3,0.));
#8458 = SEAM_CURVE('',#8459,(#8466,#8473),.PCURVE_S1.);
#8459 = ( BOUNDED_CURVE() B_SPLINE_CURVE(5,(#8460,#8461,#8462,#8463,
#8464,#8465),.UNSPECIFIED.,.F.,.F.) B_SPLINE_CURVE_WITH_KNOTS((6,6),(0.,
1.),.PIECEWISE_BEZIER_KNOTS.) CURVE() GEOMETRIC_REPRESENTATION_ITEM() 
RATIONAL_B_SPLINE_CURVE((1.,1.,1.,1.,1.,1.)) REPRESENTATION_ITEM('') );
#8460 = CARTESIAN_POINT('',(-2.8E-02,-0.3,0.31));
#8461 = CARTESIAN_POINT('',(-0.255541063469,-0.3,0.125910582382));
#8462 = CARTESIAN_POINT('',(0.254720341149,-0.3,0.360830564991));
#8463 = CARTESIAN_POINT('',(-0.28968450821,-0.3,-1.361075432102E-02));
#8464 = CARTESIAN_POINT('',(4.017303747266E-02,-0.3,8.510601747851E-02)
  );
#8465 = CARTESIAN_POINT('',(-2.176E-02,-0.3,0.));
#8466 = PCURVE('',#4218,#8467);
#8467 = DEFINITIONAL_REPRESENTATION('',(#8468),#8472);
#8468 = LINE('',#8469,#8470);
#8469 = CARTESIAN_POINT('',(0.,0.));
#8470 = VECTOR('',#8471,1.);
#8471 = DIRECTION('',(0.,1.));
#8472 = ( GEOMETRIC_REPRESENTATION_CONTEXT(2) 
PARAMETRIC_REPRESENTATION_CONTEXT() REPRESENTATION_CONTEXT('2D SPACE',''
  ) );
#8473 = PCURVE('',#4218,#8474);
#8474 = DEFINITIONAL_REPRESENTATION('',(#8475),#8479);
#8475 = LINE('',#8476,#8477);
#8476 = CARTESIAN_POINT('',(1.,0.));
#8477 = VECTOR('',#8478,1.);
#8478 = DIRECTION('',(0.,1.));
#8479 = ( GEOMETRIC_REPRESENTATION_CONTEXT(2) 
PARAMETRIC_REPRESENTATION_CONTEXT() REPRESENTATION_CONTEXT('2D SPACE',''
  ) );
#8480 = ORIENTED_EDGE('',*,*,#8481,.F.);
#8481 = EDGE_CURVE('',#8456,#8456,#8482,.T.);
#8482 = SURFACE_CURVE('',#8483,(#8497,#8504),.PCURVE_S1.);
#8483 = B_SPLINE_CURVE_WITH_KNOTS('',12,(#8484,#8485,#8486,#8487,#8488,
    #8489,#8490,#8491,#8492,#8493,#8494,#8495,#8496),.UNSPECIFIED.,.T.,
  .F.,(13,13),(0.,1.),.PIECEWISE_BEZIER_KNOTS.);
#8484 = CARTESIAN_POINT('',(-2.176E-02,-0.3,0.));
#8485 = CARTESIAN_POINT('',(-2.176E-02,-0.25275044649,0.));
#8486 = CARTESIAN_POINT('',(-4.874902994897E-02,-0.205501866416,0.));
#8487 = CARTESIAN_POINT('',(-0.102725322385,-0.175201899012,0.));
#8488 = CARTESIAN_POINT('',(-0.171861074347,-0.178858961737,0.));
#8489 = CARTESIAN_POINT('',(-0.232433239544,-0.22396180275,0.));
#8490 = CARTESIAN_POINT('',(-0.257422668975,-0.3,0.));
#8491 = CARTESIAN_POINT('',(-0.232433239544,-0.37603819725,0.));
#8492 = CARTESIAN_POINT('',(-0.171861074347,-0.421141038263,0.));
#8493 = CARTESIAN_POINT('',(-0.102725322385,-0.424798100988,0.));
#8494 = CARTESIAN_POINT('',(-4.874902994898E-02,-0.394498133584,0.));
#8495 = CARTESIAN_POINT('',(-2.176E-02,-0.34724955351,0.));
#8496 = CARTESIAN_POINT('',(-2.176E-02,-0.3,0.));
#8497 = PCURVE('',#4218,#8498);
#8498 = DEFINITIONAL_REPRESENTATION('',(#8499),#8503);
#8499 = LINE('',#8500,#8501);
#8500 = CARTESIAN_POINT('',(0.,1.));
#8501 = VECTOR('',#8502,1.);
#8502 = DIRECTION('',(1.,0.));
#8503 = ( GEOMETRIC_REPRESENTATION_CONTEXT(2) 
PARAMETRIC_REPRESENTATION_CONTEXT() REPRESENTATION_CONTEXT('2D SPACE',''
  ) );
#8504 = PCURVE('',#8505,#8510);
#8505 = PLANE('',#8506);
#8506 = AXIS2_PLACEMENT_3D('',#8507,#8508,#8509);
#8507 = CARTESIAN_POINT('',(-2.176E-02,-0.3,0.));
#8508 = DIRECTION('',(0.,0.,1.));
#8509 = DIRECTION('',(-1.,6.151501729662E-16,0.));
#8510 = DEFINITIONAL_REPRESENTATION('',(#8511),#8525);
#8511 = B_SPLINE_CURVE_WITH_KNOTS('',12,(#8512,#8513,#8514,#8515,#8516,
    #8517,#8518,#8519,#8520,#8521,#8522,#8523,#8524),.UNSPECIFIED.,.F.,
  .F.,(13,13),(0.,1.),.PIECEWISE_BEZIER_KNOTS.);
#8512 = CARTESIAN_POINT('',(0.,0.));
#8513 = CARTESIAN_POINT('',(2.553512956638E-15,-4.724955351E-02));
#8514 = CARTESIAN_POINT('',(2.698902994897E-02,-9.449813358394E-02));
#8515 = CARTESIAN_POINT('',(8.096532238463E-02,-0.124798100988));
#8516 = CARTESIAN_POINT('',(0.150101074347,-0.121141038263));
#8517 = CARTESIAN_POINT('',(0.210673239544,-7.603819725027E-02));
#8518 = CARTESIAN_POINT('',(0.235662668975,1.138533711753E-13));
#8519 = CARTESIAN_POINT('',(0.210673239544,7.603819725006E-02));
#8520 = CARTESIAN_POINT('',(0.150101074347,0.121141038263));
#8521 = CARTESIAN_POINT('',(8.096532238461E-02,0.124798100988));
#8522 = CARTESIAN_POINT('',(2.698902994898E-02,9.449813358397E-02));
#8523 = CARTESIAN_POINT('',(-3.226585665317E-16,4.724955350999E-02));
#8524 = CARTESIAN_POINT('',(-1.110223024625E-16,0.));
#8525 = ( GEOMETRIC_REPRESENTATION_CONTEXT(2) 
PARAMETRIC_REPRESENTATION_CONTEXT() REPRESENTATION_CONTEXT('2D SPACE',''
  ) );
#8526 = ORIENTED_EDGE('',*,*,#8455,.F.);
#8527 = ADVANCED_FACE('',(#8528),#4874,.F.);
#8528 = FACE_BOUND('',#8529,.F.);
#8529 = EDGE_LOOP('',(#8530,#8531));
#8530 = ORIENTED_EDGE('',*,*,#4562,.T.);
#8531 = ORIENTED_EDGE('',*,*,#8532,.T.);
#8532 = EDGE_CURVE('',#4565,#4563,#8533,.T.);
#8533 = SURFACE_CURVE('',#8534,(#8548,#8555),.PCURVE_S1.);
#8534 = B_SPLINE_CURVE_WITH_KNOTS('',12,(#8535,#8536,#8537,#8538,#8539,
    #8540,#8541,#8542,#8543,#8544,#8545,#8546,#8547),.UNSPECIFIED.,.T.,
  .F.,(13,13),(0.,1.),.PIECEWISE_BEZIER_KNOTS.);
#8535 = CARTESIAN_POINT('',(-2.8E-02,-0.3,0.31));
#8536 = CARTESIAN_POINT('',(-2.8E-02,-0.25601770285,0.31));
#8537 = CARTESIAN_POINT('',(-5.312276723975E-02,-0.212036311823,0.31));
#8538 = CARTESIAN_POINT('',(-0.103366656475,-0.183831554932,0.31));
#8539 = CARTESIAN_POINT('',(-0.167721744738,-0.187235735659,0.31));
#8540 = CARTESIAN_POINT('',(-0.22410540915,-0.229219763198,0.31));
#8541 = CARTESIAN_POINT('',(-0.24736684612,-0.3,0.31));
#8542 = CARTESIAN_POINT('',(-0.22410540915,-0.370780236802,0.31));
#8543 = CARTESIAN_POINT('',(-0.167721744738,-0.412764264341,0.31));
#8544 = CARTESIAN_POINT('',(-0.103366656475,-0.416168445068,0.31));
#8545 = CARTESIAN_POINT('',(-5.312276723975E-02,-0.387963688177,0.31));
#8546 = CARTESIAN_POINT('',(-2.8E-02,-0.34398229715,0.31));
#8547 = CARTESIAN_POINT('',(-2.8E-02,-0.3,0.31));
#8548 = PCURVE('',#4874,#8549);
#8549 = DEFINITIONAL_REPRESENTATION('',(#8550),#8554);
#8550 = LINE('',#8551,#8552);
#8551 = CARTESIAN_POINT('',(0.,0.));
#8552 = VECTOR('',#8553,1.);
#8553 = DIRECTION('',(1.,0.));
#8554 = ( GEOMETRIC_REPRESENTATION_CONTEXT(2) 
PARAMETRIC_REPRESENTATION_CONTEXT() REPRESENTATION_CONTEXT('2D SPACE',''
  ) );
#8555 = PCURVE('',#5441,#8556);
#8556 = DEFINITIONAL_REPRESENTATION('',(#8557),#8571);
#8557 = B_SPLINE_CURVE_WITH_KNOTS('',12,(#8558,#8559,#8560,#8561,#8562,
    #8563,#8564,#8565,#8566,#8567,#8568,#8569,#8570),.UNSPECIFIED.,.F.,
  .F.,(13,13),(0.,1.),.PIECEWISE_BEZIER_KNOTS.);
#8558 = CARTESIAN_POINT('',(0.,0.));
#8559 = CARTESIAN_POINT('',(-1.328798182598E-15,4.398229715026E-02));
#8560 = CARTESIAN_POINT('',(2.512276723975E-02,8.796368817653E-02));
#8561 = CARTESIAN_POINT('',(7.536665647502E-02,0.116168445068));
#8562 = CARTESIAN_POINT('',(0.139721744738,0.112764264341));
#8563 = CARTESIAN_POINT('',(0.19610540915,7.078023680214E-02));
#8564 = CARTESIAN_POINT('',(0.21936684612,-1.467159727042E-13));
#8565 = CARTESIAN_POINT('',(0.19610540915,-7.078023680188E-02));
#8566 = CARTESIAN_POINT('',(0.139721744738,-0.112764264341));
#8567 = CARTESIAN_POINT('',(7.536665647502E-02,-0.116168445068));
#8568 = CARTESIAN_POINT('',(2.512276723975E-02,-8.796368817658E-02));
#8569 = CARTESIAN_POINT('',(-1.151856388049E-15,-4.398229715025E-02));
#8570 = CARTESIAN_POINT('',(0.,1.110223024625E-16));
#8571 = ( GEOMETRIC_REPRESENTATION_CONTEXT(2) 
PARAMETRIC_REPRESENTATION_CONTEXT() REPRESENTATION_CONTEXT('2D SPACE',''
  ) );
#8572 = ADVANCED_FACE('',(#8573),#5441,.F.);
#8573 = FACE_BOUND('',#8574,.F.);
#8574 = EDGE_LOOP('',(#8575,#8576));
#8575 = ORIENTED_EDGE('',*,*,#8532,.F.);
#8576 = ORIENTED_EDGE('',*,*,#5107,.F.);
#8577 = ADVANCED_FACE('',(#8578),#5651,.F.);
#8578 = FACE_BOUND('',#8579,.F.);
#8579 = EDGE_LOOP('',(#8580,#8621));
#8580 = ORIENTED_EDGE('',*,*,#8581,.T.);
#8581 = EDGE_CURVE('',#5618,#5616,#8582,.T.);
#8582 = SURFACE_CURVE('',#8583,(#8597,#8604),.PCURVE_S1.);
#8583 = B_SPLINE_CURVE_WITH_KNOTS('',12,(#8584,#8585,#8586,#8587,#8588,
    #8589,#8590,#8591,#8592,#8593,#8594,#8595,#8596),.UNSPECIFIED.,.T.,
  .F.,(13,13),(0.,1.),.PIECEWISE_BEZIER_KNOTS.);
#8584 = CARTESIAN_POINT('',(-2.8E-02,-0.3,0.31));
#8585 = CARTESIAN_POINT('',(-2.8E-02,-0.25601770285,0.31));
#8586 = CARTESIAN_POINT('',(-5.312276723975E-02,-0.212036311823,0.31));
#8587 = CARTESIAN_POINT('',(-0.103366656475,-0.183831554932,0.31));
#8588 = CARTESIAN_POINT('',(-0.167721744738,-0.187235735659,0.31));
#8589 = CARTESIAN_POINT('',(-0.22410540915,-0.229219763198,0.31));
#8590 = CARTESIAN_POINT('',(-0.24736684612,-0.3,0.31));
#8591 = CARTESIAN_POINT('',(-0.22410540915,-0.370780236802,0.31));
#8592 = CARTESIAN_POINT('',(-0.167721744738,-0.412764264341,0.31));
#8593 = CARTESIAN_POINT('',(-0.103366656475,-0.416168445068,0.31));
#8594 = CARTESIAN_POINT('',(-5.312276723975E-02,-0.387963688177,0.31));
#8595 = CARTESIAN_POINT('',(-2.8E-02,-0.34398229715,0.31));
#8596 = CARTESIAN_POINT('',(-2.8E-02,-0.3,0.31));
#8597 = PCURVE('',#5651,#8598);
#8598 = DEFINITIONAL_REPRESENTATION('',(#8599),#8603);
#8599 = LINE('',#8600,#8601);
#8600 = CARTESIAN_POINT('',(0.,0.));
#8601 = VECTOR('',#8602,1.);
#8602 = DIRECTION('',(1.,0.));
#8603 = ( GEOMETRIC_REPRESENTATION_CONTEXT(2) 
PARAMETRIC_REPRESENTATION_CONTEXT() REPRESENTATION_CONTEXT('2D SPACE',''
  ) );
#8604 = PCURVE('',#6080,#8605);
#8605 = DEFINITIONAL_REPRESENTATION('',(#8606),#8620);
#8606 = B_SPLINE_CURVE_WITH_KNOTS('',12,(#8607,#8608,#8609,#8610,#8611,
    #8612,#8613,#8614,#8615,#8616,#8617,#8618,#8619),.UNSPECIFIED.,.F.,
  .F.,(13,13),(0.,1.),.PIECEWISE_BEZIER_KNOTS.);
#8607 = CARTESIAN_POINT('',(0.,0.));
#8608 = CARTESIAN_POINT('',(-1.328798182598E-15,4.398229715026E-02));
#8609 = CARTESIAN_POINT('',(2.512276723975E-02,8.796368817653E-02));
#8610 = CARTESIAN_POINT('',(7.536665647502E-02,0.116168445068));
#8611 = CARTESIAN_POINT('',(0.139721744738,0.112764264341));
#8612 = CARTESIAN_POINT('',(0.19610540915,7.078023680214E-02));
#8613 = CARTESIAN_POINT('',(0.21936684612,-1.467159727042E-13));
#8614 = CARTESIAN_POINT('',(0.19610540915,-7.078023680188E-02));
#8615 = CARTESIAN_POINT('',(0.139721744738,-0.112764264341));
#8616 = CARTESIAN_POINT('',(7.536665647502E-02,-0.116168445068));
#8617 = CARTESIAN_POINT('',(2.512276723975E-02,-8.796368817658E-02));
#8618 = CARTESIAN_POINT('',(-1.151856388049E-15,-4.398229715025E-02));
#8619 = CARTESIAN_POINT('',(0.,1.110223024625E-16));
#8620 = ( GEOMETRIC_REPRESENTATION_CONTEXT(2) 
PARAMETRIC_REPRESENTATION_CONTEXT() REPRESENTATION_CONTEXT('2D SPACE',''
  ) );
#8621 = ORIENTED_EDGE('',*,*,#5615,.T.);
#8622 = ADVANCED_FACE('',(#8623),#6080,.F.);
#8623 = FACE_BOUND('',#8624,.F.);
#8624 = EDGE_LOOP('',(#8625,#8626));
#8625 = ORIENTED_EDGE('',*,*,#5746,.F.);
#8626 = ORIENTED_EDGE('',*,*,#8581,.F.);
#8627 = ADVANCED_FACE('',(#8628),#6290,.F.);
#8628 = FACE_BOUND('',#8629,.F.);
#8629 = EDGE_LOOP('',(#8630,#8631));
#8630 = ORIENTED_EDGE('',*,*,#6254,.T.);
#8631 = ORIENTED_EDGE('',*,*,#8632,.T.);
#8632 = EDGE_CURVE('',#6257,#6255,#8633,.T.);
#8633 = SURFACE_CURVE('',#8634,(#8648,#8655),.PCURVE_S1.);
#8634 = B_SPLINE_CURVE_WITH_KNOTS('',12,(#8635,#8636,#8637,#8638,#8639,
    #8640,#8641,#8642,#8643,#8644,#8645,#8646,#8647),.UNSPECIFIED.,.T.,
  .F.,(13,13),(0.,1.),.PIECEWISE_BEZIER_KNOTS.);
#8635 = CARTESIAN_POINT('',(0.196,-0.3,0.31));
#8636 = CARTESIAN_POINT('',(0.196,-0.25601770285,0.31));
#8637 = CARTESIAN_POINT('',(0.17087723276,-0.212036311823,0.31));
#8638 = CARTESIAN_POINT('',(0.120633343525,-0.183831554932,0.31));
#8639 = CARTESIAN_POINT('',(5.627825526215E-02,-0.187235735659,0.31));
#8640 = CARTESIAN_POINT('',(-1.054091499925E-04,-0.229219763198,0.31));
#8641 = CARTESIAN_POINT('',(-2.336684612043E-02,-0.3,0.31));
#8642 = CARTESIAN_POINT('',(-1.054091499936E-04,-0.370780236802,0.31));
#8643 = CARTESIAN_POINT('',(5.627825526215E-02,-0.412764264341,0.31));
#8644 = CARTESIAN_POINT('',(0.120633343525,-0.416168445068,0.31));
#8645 = CARTESIAN_POINT('',(0.17087723276,-0.387963688177,0.31));
#8646 = CARTESIAN_POINT('',(0.196,-0.34398229715,0.31));
#8647 = CARTESIAN_POINT('',(0.196,-0.3,0.31));
#8648 = PCURVE('',#6290,#8649);
#8649 = DEFINITIONAL_REPRESENTATION('',(#8650),#8654);
#8650 = LINE('',#8651,#8652);
#8651 = CARTESIAN_POINT('',(0.,0.));
#8652 = VECTOR('',#8653,1.);
#8653 = DIRECTION('',(1.,0.));
#8654 = ( GEOMETRIC_REPRESENTATION_CONTEXT(2) 
PARAMETRIC_REPRESENTATION_CONTEXT() REPRESENTATION_CONTEXT('2D SPACE',''
  ) );
#8655 = PCURVE('',#6447,#8656);
#8656 = DEFINITIONAL_REPRESENTATION('',(#8657),#8671);
#8657 = B_SPLINE_CURVE_WITH_KNOTS('',12,(#8658,#8659,#8660,#8661,#8662,
    #8663,#8664,#8665,#8666,#8667,#8668,#8669,#8670),.UNSPECIFIED.,.F.,
  .F.,(13,13),(0.,1.),.PIECEWISE_BEZIER_KNOTS.);
#8658 = CARTESIAN_POINT('',(0.,0.));
#8659 = CARTESIAN_POINT('',(-1.304512053935E-15,4.398229715026E-02));
#8660 = CARTESIAN_POINT('',(2.512276723975E-02,8.796368817653E-02));
#8661 = CARTESIAN_POINT('',(7.536665647502E-02,0.116168445068));
#8662 = CARTESIAN_POINT('',(0.139721744738,0.112764264341));
#8663 = CARTESIAN_POINT('',(0.19610540915,7.078023680214E-02));
#8664 = CARTESIAN_POINT('',(0.21936684612,-1.467159727042E-13));
#8665 = CARTESIAN_POINT('',(0.19610540915,-7.078023680188E-02));
#8666 = CARTESIAN_POINT('',(0.139721744738,-0.112764264341));
#8667 = CARTESIAN_POINT('',(7.536665647502E-02,-0.116168445068));
#8668 = CARTESIAN_POINT('',(2.512276723975E-02,-8.796368817658E-02));
#8669 = CARTESIAN_POINT('',(-1.137978600241E-15,-4.398229715025E-02));
#8670 = CARTESIAN_POINT('',(0.,1.110223024625E-16));
#8671 = ( GEOMETRIC_REPRESENTATION_CONTEXT(2) 
PARAMETRIC_REPRESENTATION_CONTEXT() REPRESENTATION_CONTEXT('2D SPACE',''
  ) );
#8672 = ADVANCED_FACE('',(#8673),#6447,.F.);
#8673 = FACE_BOUND('',#8674,.F.);
#8674 = EDGE_LOOP('',(#8675,#8676));
#8675 = ORIENTED_EDGE('',*,*,#8632,.F.);
#8676 = ORIENTED_EDGE('',*,*,#6385,.F.);
#8677 = ADVANCED_FACE('',(#8678),#7053,.F.);
#8678 = FACE_BOUND('',#8679,.F.);
#8679 = EDGE_LOOP('',(#8680,#8681,#8707,#8753));
#8680 = ORIENTED_EDGE('',*,*,#6573,.T.);
#8681 = ORIENTED_EDGE('',*,*,#8682,.T.);
#8682 = EDGE_CURVE('',#6574,#8683,#8685,.T.);
#8683 = VERTEX_POINT('',#8684);
#8684 = CARTESIAN_POINT('',(0.21388,0.3,0.));
#8685 = SEAM_CURVE('',#8686,(#8693,#8700),.PCURVE_S1.);
#8686 = ( BOUNDED_CURVE() B_SPLINE_CURVE(5,(#8687,#8688,#8689,#8690,
#8691,#8692),.UNSPECIFIED.,.F.,.F.) B_SPLINE_CURVE_WITH_KNOTS((6,6),(0.,
1.),.PIECEWISE_BEZIER_KNOTS.) CURVE() GEOMETRIC_REPRESENTATION_ITEM() 
RATIONAL_B_SPLINE_CURVE((1.,1.,1.,1.,1.,1.)) REPRESENTATION_ITEM('') );
#8687 = CARTESIAN_POINT('',(0.19,0.3,0.31));
#8688 = CARTESIAN_POINT('',(-3.630882344956E-03,0.3,0.112013216754));
#8689 = CARTESIAN_POINT('',(0.471261533187,0.3,0.382794812205));
#8690 = CARTESIAN_POINT('',(-7.184946460232E-02,0.3,-5.106445363151E-02)
  );
#8691 = CARTESIAN_POINT('',(0.280001479603,0.3,9.187229722041E-02));
#8692 = CARTESIAN_POINT('',(0.21388,0.3,0.));
#8693 = PCURVE('',#7053,#8694);
#8694 = DEFINITIONAL_REPRESENTATION('',(#8695),#8699);
#8695 = LINE('',#8696,#8697);
#8696 = CARTESIAN_POINT('',(0.,0.));
#8697 = VECTOR('',#8698,1.);
#8698 = DIRECTION('',(0.,1.));
#8699 = ( GEOMETRIC_REPRESENTATION_CONTEXT(2) 
PARAMETRIC_REPRESENTATION_CONTEXT() REPRESENTATION_CONTEXT('2D SPACE',''
  ) );
#8700 = PCURVE('',#7053,#8701);
#8701 = DEFINITIONAL_REPRESENTATION('',(#8702),#8706);
#8702 = LINE('',#8703,#8704);
#8703 = CARTESIAN_POINT('',(1.,0.));
#8704 = VECTOR('',#8705,1.);
#8705 = DIRECTION('',(0.,1.));
#8706 = ( GEOMETRIC_REPRESENTATION_CONTEXT(2) 
PARAMETRIC_REPRESENTATION_CONTEXT() REPRESENTATION_CONTEXT('2D SPACE',''
  ) );
#8707 = ORIENTED_EDGE('',*,*,#8708,.F.);
#8708 = EDGE_CURVE('',#8683,#8683,#8709,.T.);
#8709 = SURFACE_CURVE('',#8710,(#8724,#8731),.PCURVE_S1.);
#8710 = B_SPLINE_CURVE_WITH_KNOTS('',12,(#8711,#8712,#8713,#8714,#8715,
    #8716,#8717,#8718,#8719,#8720,#8721,#8722,#8723),.UNSPECIFIED.,.T.,
  .F.,(13,13),(0.,1.),.PIECEWISE_BEZIER_KNOTS.);
#8711 = CARTESIAN_POINT('',(0.21388,0.3,0.));
#8712 = CARTESIAN_POINT('',(0.21388,0.350202650604,0.));
#8713 = CARTESIAN_POINT('',(0.185204155679,0.400404266933,0.));
#8714 = CARTESIAN_POINT('',(0.127854344966,0.4325979823,0.));
#8715 = CARTESIAN_POINT('',(5.439760850639E-02,0.428712353154,0.));
#8716 = CARTESIAN_POINT('',(-9.960317015521E-03,0.380790584578,0.));
#8717 = CARTESIAN_POINT('',(-3.651158578601E-02,0.3,0.));
#8718 = CARTESIAN_POINT('',(-9.96031701552E-03,0.219209415422,0.));
#8719 = CARTESIAN_POINT('',(5.439760850638E-02,0.171287646845,0.));
#8720 = CARTESIAN_POINT('',(0.127854344966,0.167402017701,0.));
#8721 = CARTESIAN_POINT('',(0.185204155679,0.199595733067,0.));
#8722 = CARTESIAN_POINT('',(0.21388,0.249797349396,0.));
#8723 = CARTESIAN_POINT('',(0.21388,0.3,0.));
#8724 = PCURVE('',#7053,#8725);
#8725 = DEFINITIONAL_REPRESENTATION('',(#8726),#8730);
#8726 = LINE('',#8727,#8728);
#8727 = CARTESIAN_POINT('',(0.,1.));
#8728 = VECTOR('',#8729,1.);
#8729 = DIRECTION('',(1.,0.));
#8730 = ( GEOMETRIC_REPRESENTATION_CONTEXT(2) 
PARAMETRIC_REPRESENTATION_CONTEXT() REPRESENTATION_CONTEXT('2D SPACE',''
  ) );
#8731 = PCURVE('',#8732,#8737);
#8732 = PLANE('',#8733);
#8733 = AXIS2_PLACEMENT_3D('',#8734,#8735,#8736);
#8734 = CARTESIAN_POINT('',(0.21388,0.3,0.));
#8735 = DIRECTION('',(0.,0.,1.));
#8736 = DIRECTION('',(-1.,5.789648686741E-16,0.));
#8737 = DEFINITIONAL_REPRESENTATION('',(#8738),#8752);
#8738 = B_SPLINE_CURVE_WITH_KNOTS('',12,(#8739,#8740,#8741,#8742,#8743,
    #8744,#8745,#8746,#8747,#8748,#8749,#8750,#8751),.UNSPECIFIED.,.F.,
  .F.,(13,13),(0.,1.),.PIECEWISE_BEZIER_KNOTS.);
#8739 = CARTESIAN_POINT('',(0.,0.));
#8740 = CARTESIAN_POINT('',(-3.608224830032E-16,-5.020265060437E-02));
#8741 = CARTESIAN_POINT('',(2.86758443208E-02,-0.100404266933));
#8742 = CARTESIAN_POINT('',(8.602565503364E-02,-0.1325979823));
#8743 = CARTESIAN_POINT('',(0.159482391494,-0.128712353154));
#8744 = CARTESIAN_POINT('',(0.223840317016,-8.079058457838E-02));
#8745 = CARTESIAN_POINT('',(0.250391585786,9.237055564881E-14));
#8746 = CARTESIAN_POINT('',(0.223840317016,8.079058457821E-02));
#8747 = CARTESIAN_POINT('',(0.159482391494,0.128712353155));
#8748 = CARTESIAN_POINT('',(8.602565503363E-02,0.132597982299));
#8749 = CARTESIAN_POINT('',(2.86758443208E-02,0.100404266933));
#8750 = CARTESIAN_POINT('',(-9.159339953158E-16,5.020265060436E-02));
#8751 = CARTESIAN_POINT('',(5.551115123126E-17,-5.551115123126E-17));
#8752 = ( GEOMETRIC_REPRESENTATION_CONTEXT(2) 
PARAMETRIC_REPRESENTATION_CONTEXT() REPRESENTATION_CONTEXT('2D SPACE',''
  ) );
#8753 = ORIENTED_EDGE('',*,*,#8682,.F.);
#8754 = ADVANCED_FACE('',(#8755),#7985,.F.);
#8755 = FACE_BOUND('',#8756,.F.);
#8756 = EDGE_LOOP('',(#8757,#8758,#8784,#8830));
#8757 = ORIENTED_EDGE('',*,*,#7373,.T.);
#8758 = ORIENTED_EDGE('',*,*,#8759,.T.);
#8759 = EDGE_CURVE('',#7374,#8760,#8762,.T.);
#8760 = VERTEX_POINT('',#8761);
#8761 = CARTESIAN_POINT('',(0.20224,-0.3,0.));
#8762 = SEAM_CURVE('',#8763,(#8770,#8777),.PCURVE_S1.);
#8763 = ( BOUNDED_CURVE() B_SPLINE_CURVE(5,(#8764,#8765,#8766,#8767,
#8768,#8769),.UNSPECIFIED.,.F.,.F.) B_SPLINE_CURVE_WITH_KNOTS((6,6),(0.,
1.),.PIECEWISE_BEZIER_KNOTS.) CURVE() GEOMETRIC_REPRESENTATION_ITEM() 
RATIONAL_B_SPLINE_CURVE((1.,1.,1.,1.,1.,1.)) REPRESENTATION_ITEM('') );
#8764 = CARTESIAN_POINT('',(0.196,-0.3,0.31));
#8765 = CARTESIAN_POINT('',(-3.154106346905E-02,-0.3,0.125910582382));
#8766 = CARTESIAN_POINT('',(0.478720341149,-0.3,0.360830564991));
#8767 = CARTESIAN_POINT('',(-6.568450821015E-02,-0.3,-1.361075432102E-02
    ));
#8768 = CARTESIAN_POINT('',(0.264173037473,-0.3,8.510601747851E-02));
#8769 = CARTESIAN_POINT('',(0.20224,-0.3,0.));
#8770 = PCURVE('',#7985,#8771);
#8771 = DEFINITIONAL_REPRESENTATION('',(#8772),#8776);
#8772 = LINE('',#8773,#8774);
#8773 = CARTESIAN_POINT('',(0.,0.));
#8774 = VECTOR('',#8775,1.);
#8775 = DIRECTION('',(0.,1.));
#8776 = ( GEOMETRIC_REPRESENTATION_CONTEXT(2) 
PARAMETRIC_REPRESENTATION_CONTEXT() REPRESENTATION_CONTEXT('2D SPACE',''
  ) );
#8777 = PCURVE('',#7985,#8778);
#8778 = DEFINITIONAL_REPRESENTATION('',(#8779),#8783);
#8779 = LINE('',#8780,#8781);
#8780 = CARTESIAN_POINT('',(1.,0.));
#8781 = VECTOR('',#8782,1.);
#8782 = DIRECTION('',(0.,1.));
#8783 = ( GEOMETRIC_REPRESENTATION_CONTEXT(2) 
PARAMETRIC_REPRESENTATION_CONTEXT() REPRESENTATION_CONTEXT('2D SPACE',''
  ) );
#8784 = ORIENTED_EDGE('',*,*,#8785,.F.);
#8785 = EDGE_CURVE('',#8760,#8760,#8786,.T.);
#8786 = SURFACE_CURVE('',#8787,(#8801,#8808),.PCURVE_S1.);
#8787 = B_SPLINE_CURVE_WITH_KNOTS('',12,(#8788,#8789,#8790,#8791,#8792,
    #8793,#8794,#8795,#8796,#8797,#8798,#8799,#8800),.UNSPECIFIED.,.T.,
  .F.,(13,13),(0.,1.),.PIECEWISE_BEZIER_KNOTS.);
#8788 = CARTESIAN_POINT('',(0.20224,-0.3,0.));
#8789 = CARTESIAN_POINT('',(0.20224,-0.25275044649,0.));
#8790 = CARTESIAN_POINT('',(0.175250970051,-0.205501866416,0.));
#8791 = CARTESIAN_POINT('',(0.121274677615,-0.175201899012,0.));
#8792 = CARTESIAN_POINT('',(5.213892565312E-02,-0.178858961737,0.));
#8793 = CARTESIAN_POINT('',(-8.433239544083E-03,-0.22396180275,0.));
#8794 = CARTESIAN_POINT('',(-3.3422668975E-02,-0.3,0.));
#8795 = CARTESIAN_POINT('',(-8.433239544062E-03,-0.37603819725,0.));
#8796 = CARTESIAN_POINT('',(5.213892565309E-02,-0.421141038263,0.));
#8797 = CARTESIAN_POINT('',(0.121274677615,-0.424798100988,0.));
#8798 = CARTESIAN_POINT('',(0.175250970051,-0.394498133584,0.));
#8799 = CARTESIAN_POINT('',(0.20224,-0.34724955351,0.));
#8800 = CARTESIAN_POINT('',(0.20224,-0.3,0.));
#8801 = PCURVE('',#7985,#8802);
#8802 = DEFINITIONAL_REPRESENTATION('',(#8803),#8807);
#8803 = LINE('',#8804,#8805);
#8804 = CARTESIAN_POINT('',(0.,1.));
#8805 = VECTOR('',#8806,1.);
#8806 = DIRECTION('',(1.,0.));
#8807 = ( GEOMETRIC_REPRESENTATION_CONTEXT(2) 
PARAMETRIC_REPRESENTATION_CONTEXT() REPRESENTATION_CONTEXT('2D SPACE',''
  ) );
#8808 = PCURVE('',#8809,#8814);
#8809 = PLANE('',#8810);
#8810 = AXIS2_PLACEMENT_3D('',#8811,#8812,#8813);
#8811 = CARTESIAN_POINT('',(0.20224,-0.3,0.));
#8812 = DIRECTION('',(0.,0.,1.));
#8813 = DIRECTION('',(-1.,6.151501729662E-16,0.));
#8814 = DEFINITIONAL_REPRESENTATION('',(#8815),#8829);
#8815 = B_SPLINE_CURVE_WITH_KNOTS('',12,(#8816,#8817,#8818,#8819,#8820,
    #8821,#8822,#8823,#8824,#8825,#8826,#8827,#8828),.UNSPECIFIED.,.F.,
  .F.,(13,13),(0.,1.),.PIECEWISE_BEZIER_KNOTS.);
#8816 = CARTESIAN_POINT('',(0.,0.));
#8817 = CARTESIAN_POINT('',(2.525757381022E-15,-4.724955351E-02));
#8818 = CARTESIAN_POINT('',(2.698902994897E-02,-9.449813358394E-02));
#8819 = CARTESIAN_POINT('',(8.096532238463E-02,-0.124798100988));
#8820 = CARTESIAN_POINT('',(0.150101074347,-0.121141038263));
#8821 = CARTESIAN_POINT('',(0.210673239544,-7.603819725027E-02));
#8822 = CARTESIAN_POINT('',(0.235662668975,1.137978600241E-13));
#8823 = CARTESIAN_POINT('',(0.210673239544,7.603819725006E-02));
#8824 = CARTESIAN_POINT('',(0.150101074347,0.121141038263));
#8825 = CARTESIAN_POINT('',(8.096532238461E-02,0.124798100988));
#8826 = CARTESIAN_POINT('',(2.698902994898E-02,9.449813358397E-02));
#8827 = CARTESIAN_POINT('',(-3.330669073875E-16,4.724955350999E-02));
#8828 = CARTESIAN_POINT('',(-1.110223024625E-16,0.));
#8829 = ( GEOMETRIC_REPRESENTATION_CONTEXT(2) 
PARAMETRIC_REPRESENTATION_CONTEXT() REPRESENTATION_CONTEXT('2D SPACE',''
  ) );
#8830 = ORIENTED_EDGE('',*,*,#8759,.F.);
#8831 = ADVANCED_FACE('',(#8832),#8428,.F.);
#8832 = FACE_BOUND('',#8833,.F.);
#8833 = EDGE_LOOP('',(#8834));
#8834 = ORIENTED_EDGE('',*,*,#8404,.T.);
#8835 = ADVANCED_FACE('',(#8836),#8505,.F.);
#8836 = FACE_BOUND('',#8837,.F.);
#8837 = EDGE_LOOP('',(#8838));
#8838 = ORIENTED_EDGE('',*,*,#8481,.T.);
#8839 = ADVANCED_FACE('',(#8840),#8732,.F.);
#8840 = FACE_BOUND('',#8841,.F.);
#8841 = EDGE_LOOP('',(#8842));
#8842 = ORIENTED_EDGE('',*,*,#8708,.T.);
#8843 = ADVANCED_FACE('',(#8844),#8809,.F.);
#8844 = FACE_BOUND('',#8845,.F.);
#8845 = EDGE_LOOP('',(#8846));
#8846 = ORIENTED_EDGE('',*,*,#8785,.T.);
#8847 = ( GEOMETRIC_REPRESENTATION_CONTEXT(3) 
GLOBAL_UNCERTAINTY_ASSIGNED_CONTEXT((#8851)) 
GLOBAL_UNIT_ASSIGNED_CONTEXT((#8848,#8849,#8850)) REPRESENTATION_CONTEXT
('Context #1','3D Context with UNIT and UNCERTAINTY') );
#8848 = ( LENGTH_UNIT() NAMED_UNIT(*) SI_UNIT(.MILLI.,.METRE.) );
#8849 = ( NAMED_UNIT(*) PLANE_ANGLE_UNIT() SI_UNIT($,.RADIAN.) );
#8850 = ( NAMED_UNIT(*) SI_UNIT($,.STERADIAN.) SOLID_ANGLE_UNIT() );
#8851 = UNCERTAINTY_MEASURE_WITH_UNIT(LENGTH_MEASURE(1.E-05),#8848,
  'distance_accuracy_value','confusion accuracy');
#8852 = PRODUCT_RELATED_PRODUCT_CATEGORY('part',$,(#7));
ENDSEC;
END-ISO-10303-21;
